-100.0000000000000000 1.6510626709823306
-99.9799979997999770 16.0060205015973551
-99.9599959995999541 2.6369799630980033
-99.9399939993999453 -19.6727013378535247
-99.9199919991999224 -5.5700484869563001
-99.8999899989998994 -18.5728171764400791
-99.8799879987998764 -24.8891402812954539
-99.8599859985998535 16.2957988721528011
-99.8399839983998447 -7.6485349953816764
-99.8199819981998218 8.5420551438125862
-99.7999799979997988 0.1519230277989569
-99.7799779977997758 -16.4327786727729332
-99.7599759975997529 -7.6816716365661923
-99.7399739973997441 12.1009709700960588
-99.7199719971997212 -12.3721968477445792
-99.6999699969996982 8.0856192093372901
-99.6799679967996752 -17.8575304977449605
-99.6599659965996665 17.0446729424779448
-99.6399639963996435 18.4793440152028694
-99.6199619961996206 -16.4907094338808129
-99.5999599959995976 -1.5030600369295861
-99.5799579957995746 -16.0518520901008124
-99.5599559955995659 -0.6270551235000514
-99.5399539953995429 -3.0140662285521014
-99.5199519951995200 11.5761416810690374
-99.4999499949994970 25.3644222113942064
-99.4799479947994740 -9.4833850418235315
-99.4599459945994653 -17.9050481532462982
-99.4399439943994423 16.6960124846628233
-99.4199419941994194 14.6000498579261961
-99.3999399939993964 0.3201458003250286
-99.3799379937993734 -11.9210847668395523
-99.3599359935993647 -26.0289090027885273
-99.3399339933993417 -10.8331255343024146
-99.3199319931993188 -14.1754786357258009
-99.2999299929992958 13.9988896602750383
-99.2799279927992870 -25.7606779624610525
-99.2599259925992641 -11.8772320268609572
-99.2399239923992411 -10.3892896797832730
-99.2199219921992182 -8.1069602845222359
-99.1999199919991952 30.8641962412685871
-99.1799179917991864 -8.9258169155559006
-99.1599159915991635 -0.8812612737363457
-99.1399139913991405 6.8826383300302236
-99.1199119911991176 -5.0647616684312347
-99.0999099909990946 -2.7575916157340399
-99.0799079907990858 -34.0348676043596825
-99.0599059905990629 4.9270086999113927
-99.0399039903990399 -16.3888227351776408
-99.0199019901990170 25.9302363227875716
-98.9998999899989940 20.7930728480909721
-98.9798979897989852 19.2615126634931890
-98.9598959895989623 -8.4527244435633797
-98.9398939893989393 -8.1604441887449006
-98.9198919891989163 5.5066843302346484
-98.8998899889988934 -1.1910631073551172
-98.8798879887988846 8.3570083454462338
-98.8598859885988617 3.5270645536359138
-98.8398839883988387 -27.8615775885623158
-98.8198819881988157 -7.0653182491316668
-98.7998799879987928 9.7936224256161264
-98.7798779877987840 43.5281258958619333
-98.7598759875987611 -4.3093929934515884
-98.7398739873987381 -4.3888612878043993
-98.7198719871987151 -41.6788252760077569
-98.6998699869987064 -15.8551306689073037
-98.6798679867986834 -0.1305036981979023
-98.6598659865986605 -0.3759631766091672
-98.6398639863986375 11.5863720113467430
-98.6198619861986145 -5.2396616214916953
-98.5998599859986058 21.2644409249953803
-98.5798579857985828 13.9117704651859135
-98.5598559855985599 -2.2959618518476841
-98.5398539853985369 3.5445076279870529
-98.5198519851985139 8.8602726047723088
-98.4998499849985052 27.4037863724699875
-98.4798479847984822 -9.8751791490314691
-98.4598459845984593 21.8023140600657115
-98.4398439843984363 5.6337241314481101
-98.4198419841984133 -8.6687437138495085
-98.3998399839984046 3.1912718914094595
-98.3798379837983816 5.6596678737115642
-98.3598359835983587 -11.5412835163078995
-98.3398339833983357 15.5159370399806988
-98.3198319831983270 1.8042029032444018
-98.2998299829983040 7.2289360604090422
-98.2798279827982810 16.1199271521411305
-98.2598259825982581 4.0635516889643251
-98.2398239823982351 -18.8356945490960257
-98.2198219821982264 -10.8711732301782469
-98.1998199819982034 -30.6153047327220271
-98.1798179817981804 18.2142628735004415
-98.1598159815981575 21.6529158809845228
-98.1398139813981345 16.2553653881537628
-98.1198119811981257 23.4476137189628488
-98.0998099809981028 -5.1766614671649789
-98.0798079807980798 2.7183861789717265
-98.0598059805980569 -4.4638132181876902
-98.0398039803980339 7.1966017879956805
-98.0198019801980251 -4.1585668335943788
-97.9997999799980022 -2.1298568240007976
-97.9797979797979792 -8.4842046078393061
-97.9597959795979563 8.2025808336379971
-97.9397939793979333 32.3371817706423386
-97.9197919791979245 -16.6919894157572912
-97.8997899789979016 6.9223939468505487
-97.8797879787978786 9.7005880111756682
-97.8597859785978557 -5.5173655168006945
-97.8397839783978327 17.7718183759755064
-97.8197819781978239 -6.3320262425210228
-97.7997799779978010 46.7848959735126755
-97.7797779777977780 -3.8337019170290292
-97.7597759775977551 28.6548467845968382
-97.7397739773977463 2.4713407606774309
-97.7197719771977233 -16.6588932154945333
-97.6997699769977004 -9.6136700133064039
-97.6797679767976774 13.7932474354999997
-97.6597659765976545 26.0976125451791745
-97.6397639763976457 -6.7545647630065062
-97.6197619761976227 -16.0103612511204965
-97.5997599759975998 -10.3462167067037978
-97.5797579757975768 20.1233125913022164
-97.5597559755975539 1.1523464094139291
-97.5397539753975451 -9.9252080539270402
-97.5197519751975221 -0.2606787586900161
-97.4997499749974992 2.4654919070995183
-97.4797479747974762 12.2152418330294879
-97.4597459745974533 17.0299096969023473
-97.4397439743974445 3.8884370823456527
-97.4197419741974215 22.6862500677048047
-97.3997399739973986 -1.6112314932969003
-97.3797379737973756 -0.4525149594626185
-97.3597359735973669 0.7952691956401488
-97.3397339733973439 16.7720440661334997
-97.3197319731973209 -0.6215540814093394
-97.2997299729972980 16.1961686877095055
-97.2797279727972750 16.1075361990390533
-97.2597259725972663 10.8723395064875223
-97.2397239723972433 1.5918377066254106
-97.2197219721972203 8.5756933909624902
-97.1997199719971974 12.6330998001192487
-97.1797179717971744 9.0555395038838942
-97.1597159715971657 7.7007479548260855
-97.1397139713971427 23.6737097289573555
-97.1197119711971197 6.8325127795221263
-97.0997099709970968 14.8154507135769435
-97.0797079707970738 27.3731089289361904
-97.0597059705970651 1.3104006647395892
-97.0397039703970421 27.6510862701330780
-97.0197019701970191 27.1744110405035428
-96.9996999699969962 7.0620632714344538
-96.9796979697969732 21.0395855186635714
-96.9596959695969645 11.3841311797282341
-96.9396939693969415 -5.4687275288475874
-96.9196919691969185 12.3333918926956354
-96.8996899689968956 -5.4081236155349934
-96.8796879687968726 -12.4455962861810630
-96.8596859685968639 39.5034496239572874
-96.8396839683968409 21.1605111443129417
-96.8196819681968179 35.4071481351485744
-96.7996799679967950 15.7335118490260299
-96.7796779677967862 15.9890062813799485
-96.7596759675967633 -0.7884378222681026
-96.7396739673967403 40.2871593714686327
-96.7196719671967173 15.8711872207555231
-96.6996699669966944 36.1654918887777441
-96.6796679667966856 21.9131968634195644
-96.6596659665966627 27.0280380731106646
-96.6396639663966397 4.1834426403572227
-96.6196619661966167 17.0405481375679599
-96.5996599659965938 28.6611184810921955
-96.5796579657965850 -2.0923653862922613
-96.5596559655965621 11.5258136462250000
-96.5396539653965391 -4.5613075780816317
-96.5196519651965161 -13.2875243366696907
-96.4996499649964932 23.4309699720353635
-96.4796479647964844 42.7477747533193195
-96.4596459645964615 -4.2038697679788690
-96.4396439643964385 4.2056971186673380
-96.4196419641964155 29.8938222478835343
-96.3996399639964068 33.7054812752788422
-96.3796379637963838 29.6986066878630055
-96.3596359635963609 11.1694116475137761
-96.3396339633963379 16.0906097499713923
-96.3196319631963149 30.0908488547207362
-96.2996299629963062 22.2734441601498325
-96.2796279627962832 15.8444799339725702
-96.2596259625962603 17.7526834190657645
-96.2396239623962373 38.0951936443457200
-96.2196219621962143 20.6132001997490697
-96.1996199619962056 26.9155204058040951
-96.1796179617961826 -0.1839529554223205
-96.1596159615961597 -22.1967820413433117
-96.1396139613961367 16.7406273576241027
-96.1196119611961137 23.3967965303520700
-96.0996099609961050 18.6095131362377195
-96.0796079607960820 30.5886977439528351
-96.0596059605960590 39.6283854589967248
-96.0396039603960361 9.3261457630536864
-96.0196019601960131 36.2234937539728250
-95.9995999599960044 23.9643469159752804
-95.9795979597959814 15.7926951067557120
-95.9595959595959584 27.3115698028151073
-95.9395939593959355 21.9740844679613367
-95.9195919591959125 18.1963842181575259
-95.8995899589959038 37.4984724398819509
-95.8795879587958808 13.1451960134688122
-95.8595859585958578 31.4394931956195549
-95.8395839583958349 -2.8001731385203890
-95.8195819581958119 26.1308517738899937
-95.7995799579958032 31.4343554924418456
-95.7795779577957802 7.7226195053032551
-95.7595759575957572 25.7128741430453509
-95.7395739573957343 45.4061305182069788
-95.7195719571957255 38.5251610081935212
-95.6995699569957026 25.8179055312955370
-95.6795679567956796 3.3500414795449878
-95.6595659565956566 28.4409165471596559
-95.6395639563956337 48.5182496189554229
-95.6195619561956249 36.3878942924501203
-95.5995599559956020 11.1691775140206211
-95.5795579557955790 22.2638352641400097
-95.5595559555955560 20.7551881042756996
-95.5395539553955331 6.0534468699597745
-95.5195519551955243 0.9747690826125286
-95.4995499549955014 14.9377333241908481
-95.4795479547954784 11.2420983257672500
-95.4595459545954554 6.0694564789163792
-95.4395439543954467 18.5169687966556609
-95.4195419541954237 6.7587017060503491
-95.3995399539954008 44.1394932851436437
-95.3795379537953778 36.1290445637649071
-95.3595359535953548 22.2782173555227239
-95.3395339533953461 -4.3642698632939023
-95.3195319531953231 28.6489735115600972
-95.2995299529953002 11.0884993956161235
-95.2795279527952772 10.3927740657505403
-95.2595259525952542 12.5885081420858231
-95.2395239523952455 10.2319295672727399
-95.2195219521952225 9.3229791979961547
-95.1995199519951996 34.7114752000724849
-95.1795179517951766 23.9020860525154859
-95.1595159515951536 12.2952730677001156
-95.1395139513951449 7.0380830502528937
-95.1195119511951219 13.0468121406885356
-95.0995099509950990 44.1711089107391928
-95.0795079507950760 39.9669170156028670
-95.0595059505950530 34.5439535988641779
-95.0395039503950443 7.6159953730119838
-95.0195019501950213 20.9853581610046689
-94.9994999499949984 21.8728155662528607
-94.9794979497949754 0.5080675449654706
-94.9594959495949524 55.6135324001706408
-94.9394939493949437 38.9516046066898838
-94.9194919491949207 19.1530116464932476
-94.8994899489948978 48.2935942401090159
-94.8794879487948748 25.9533953749441118
-94.8594859485948518 30.3515479731949789
-94.8394839483948431 27.5695827547482430
-94.8194819481948201 -1.1382930223103074
-94.7994799479947972 35.2239830068650122
-94.7794779477947742 32.2760050378094832
-94.7594759475947654 19.3729788044719022
-94.7394739473947425 42.9746941571016308
-94.7194719471947195 14.8813871475320667
-94.6994699469946966 8.6153189735522275
-94.6794679467946736 35.6236079266235066
-94.6594659465946648 32.5187194356788893
-94.6394639463946419 32.7378478386452798
-94.6194619461946189 17.2835034463614328
-94.5994599459945960 47.1756026667677162
-94.5794579457945730 41.8507853516925437
-94.5594559455945642 33.4979421247721092
-94.5394539453945413 27.4357019152789583
-94.5194519451945183 71.5500531551336536
-94.4994499449944954 39.0786650853427346
-94.4794479447944866 46.7307093077915710
-94.4594459445944636 19.4546545509770397
-94.4394439443944407 37.0948813027395232
-94.4194419441944177 34.7480925989329279
-94.3994399439943948 22.0091336564599800
-94.3794379437943860 20.5270315492198954
-94.3594359435943630 34.9579632405704288
-94.3394339433943401 25.0863638087112548
-94.3194319431943171 9.4345350954355958
-94.2994299429942942 38.3411235534628716
-94.2794279427942854 37.8790115446340323
-94.2594259425942624 39.4556497073883392
-94.2394239423942395 39.3752283916164387
-94.2194219421942165 34.6985086263998213
-94.1994199419941936 47.5212126975566136
-94.1794179417941848 42.3044540996789280
-94.1594159415941618 42.2015069217348611
-94.1394139413941389 20.9193817254131034
-94.1194119411941159 25.0104183550657666
-94.0994099409940929 34.0138570161010207
-94.0794079407940842 24.4034124582778631
-94.0594059405940612 44.7793847434649450
-94.0394039403940383 48.1510008535603617
-94.0194019401940153 60.1557616478198511
-93.9993999399939923 47.7971283505077977
-93.9793979397939836 43.8390588509277137
-93.9593959395939606 44.0851433294972850
-93.9393939393939377 44.8321848711013971
-93.9193919391939147 54.2924564122452580
-93.8993899389938917 22.5062740125383520
-93.8793879387938830 40.5703867375574063
-93.8593859385938600 46.5782650771791111
-93.8393839383938371 43.7631405009835817
-93.8193819381938141 48.7597647644136458
-93.7993799379938054 24.2621395452369910
-93.7793779377937824 41.5350996416083262
-93.7593759375937594 9.1779387791424298
-93.7393739373937365 47.1881995859043712
-93.7193719371937135 47.3161891565669777
-93.6993699369937048 31.9977512535202244
-93.6793679367936818 29.3348485287589398
-93.6593659365936588 28.0482432767094636
-93.6393639363936359 40.2370588435660821
-93.6193619361936129 56.4607867876953549
-93.5993599359936042 31.4576657731078129
-93.5793579357935812 37.2985494410467311
-93.5593559355935582 23.6127237572348037
-93.5393539353935353 34.8183214857865622
-93.5193519351935265 39.8603190791153565
-93.4993499349935036 68.7083531298973895
-93.4793479347934806 38.5175334490374368
-93.4593459345934576 29.7675511423346570
-93.4393439343934347 22.2155034798238837
-93.4193419341934259 17.3858199944695322
-93.3993399339934030 43.7587324319263189
-93.3793379337933800 37.0392369420529306
-93.3593359335933570 19.0304927190836572
-93.3393339333933341 26.7302668529396499
-93.3193319331933253 45.2970172804889586
-93.2993299329933024 56.2240176422419395
-93.2793279327932794 48.2063614703885008
-93.2593259325932564 49.0042886266880373
-93.2393239323932335 46.6619150395617197
-93.2193219321932247 9.4673364170316923
-93.1993199319932017 46.4126878569531627
-93.1793179317931788 64.2720743316760803
-93.1593159315931558 17.9748963427543273
-93.1393139313931329 8.3400435527274723
-93.1193119311931241 39.8454845815361480
-93.0993099309931011 50.6424235765615123
-93.0793079307930782 48.9425963674121007
-93.0593059305930552 34.6065259748512091
-93.0393039303930323 23.6459464877503933
-93.0193019301930235 48.6896995460740456
-92.9992999299930005 29.3713065763654200
-92.9792979297929776 40.8428489213723864
-92.9592959295929546 52.6546313334026479
-92.9392939293929317 51.9748282263970154
-92.9192919291929229 33.4246124918273679
-92.8992899289928999 24.7133767303931968
-92.8792879287928770 34.2730561927267843
-92.8592859285928540 41.8918723812896374
-92.8392839283928453 64.5240922774380152
-92.8192819281928223 43.0913034472704339
-92.7992799279927993 39.2351114494449718
-92.7792779277927764 43.3972072010916605
-92.7592759275927534 20.7549625107708593
-92.7392739273927447 31.2471856079828498
-92.7192719271927217 60.2286973345515548
-92.6992699269926987 39.2341320762276098
-92.6792679267926758 41.0302473357329163
-92.6592659265926528 59.8062359755720792
-92.6392639263926441 44.4702757200342589
-92.6192619261926211 38.6982477839610297
-92.5992599259925981 45.3391075792461109
-92.5792579257925752 73.6175227723205552
-92.5592559255925664 53.3367796414576105
-92.5392539253925435 47.8733816169767294
-92.5192519251925205 50.8060773568597313
-92.4992499249924975 43.7550711699402797
-92.4792479247924746 49.4730030419854643
-92.4592459245924658 49.4850901950396818
-92.4392439243924429 45.6348053255428141
-92.4192419241924199 39.4513062171967732
-92.3992399239923969 61.8166346536826694
-92.3792379237923740 49.3519467886402339
-92.3592359235923652 49.7454463606790611
-92.3392339233923423 39.4237311139810274
-92.3192319231923193 70.8266790992199873
-92.2992299229922963 43.5246790290601169
-92.2792279227922734 65.0721492972352991
-92.2592259225922646 39.8627829125533140
-92.2392239223922417 46.2872600361165496
-92.2192219221922187 31.8371623695275758
-92.1992199219921957 28.2444472786696608
-92.1792179217921728 40.6270937519260968
-92.1592159215921640 35.3934872409234131
-92.1392139213921411 23.6225033415166159
-92.1192119211921181 53.8768464144984662
-92.0992099209920951 28.3671017468634545
-92.0792079207920722 38.6209579503238913
-92.0592059205920634 40.7823518333692618
-92.0392039203920405 36.3057641482365483
-92.0192019201920175 53.7814274512032142
-91.9991999199919945 51.2221847146645004
-91.9791979197919716 39.6654005265339933
-91.9591959195919628 51.6463294479811026
-91.9391939193919399 42.2020099184948947
-91.9191919191919169 56.1313994982333142
-91.8991899189918939 64.7107997733186835
-91.8791879187918710 31.3539923022914202
-91.8591859185918622 65.4697512276261619
-91.8391839183918393 69.5613055372012781
-91.8191819181918163 51.2735003518068098
-91.7991799179917933 42.1741145124933254
-91.7791779177917846 58.4003079186957663
-91.7591759175917616 45.8854144048772454
-91.7391739173917387 32.9611817974936940
-91.7191719171917157 33.7760716823432006
-91.6991699169916927 38.7187521262547065
-91.6791679167916840 34.2507660982880608
-91.6591659165916610 59.4124428579649404
-91.6391639163916381 80.0406063919778887
-91.6191619161916151 60.1752448898404637
-91.5991599159916063 60.1926912500939366
-91.5791579157915834 47.2376434723656331
-91.5591559155915604 44.9639784092324746
-91.5391539153915375 57.7582646686398888
-91.5191519151915145 45.2230690587913458
-91.4991499149915057 25.6750654131253526
-91.4791479147914828 44.9445280295567784
-91.4591459145914598 71.1729334157035254
-91.4391439143914369 66.8602874297785945
-91.4191419141914139 43.4474129743473014
-91.3991399139914051 64.8783451034138778
-91.3791379137913822 52.4608501157738232
-91.3591359135913592 61.6115882893951721
-91.3391339133913363 67.3966040789376422
-91.3191319131913133 56.6218281455173909
-91.2991299129913045 48.1916445133483791
-91.2791279127912816 58.4209272058760192
-91.2591259125912586 54.4862188560243439
-91.2391239123912356 43.0981372486805725
-91.2191219121912127 58.6999732953744200
-91.1991199119912039 47.3414711393312047
-91.1791179117911810 44.0191115305937188
-91.1591159115911580 93.8724472037656597
-91.1391139113911350 75.3925388277760788
-91.1191119111911121 44.1451298755171422
-91.0991099109911033 43.7215555318779963
-91.0791079107910804 58.0237329873839585
-91.0591059105910574 70.2946780493566763
-91.0391039103910344 73.4291708416168802
-91.0191019101910115 63.5870817501343524
-90.9990999099910027 44.3694486637477041
-90.9790979097909798 29.0861788394094098
-90.9590959095909568 48.5705559932308901
-90.9390939093909338 49.7422906218254468
-90.9190919091909109 66.0154445053750010
-90.8990899089909021 45.0657593655726600
-90.8790879087908792 70.0382099114900143
-90.8590859085908562 52.8256612020021024
-90.8390839083908332 44.3602441542422170
-90.8190819081908245 66.7231243679960784
-90.7990799079908015 39.9578621922515538
-90.7790779077907786 72.0254528689625744
-90.7590759075907556 67.1614525530389272
-90.7390739073907326 54.4591529872455311
-90.7190719071907239 60.7399536440686560
-90.6990699069907009 71.6144650480515992
-90.6790679067906780 36.1203402239797740
-90.6590659065906550 48.1823801390011113
-90.6390639063906463 59.6050186233024419
-90.6190619061906233 77.3460158891004568
-90.5990599059906003 83.0158379349628177
-90.5790579057905774 69.3621187951428482
-90.5590559055905544 62.4622890725542490
-90.5390539053905457 70.0854940391879779
-90.5190519051905227 45.7179097538579811
-90.4990499049904997 61.2267828328331660
-90.4790479047904768 73.2861664115772840
-90.4590459045904538 63.8066115515426517
-90.4390439043904451 49.4221945632459381
-90.4190419041904221 43.6667222274731728
-90.3990399039903991 60.0634354977150693
-90.3790379037903762 57.9028590316673544
-90.3590359035903532 71.7132919472361152
-90.3390339033903444 64.7263199973631060
-90.3190319031903215 62.3260894293813621
-90.2990299029902985 56.0168518007297180
-90.2790279027902756 66.3924269425444606
-90.2590259025902526 71.3968112036507705
-90.2390239023902438 60.4950109107935248
-90.2190219021902209 62.7730172435521894
-90.1990199019901979 52.9940878095166568
-90.1790179017901750 57.9472398991902367
-90.1590159015901520 38.9181059310678137
-90.1390139013901432 39.1260896663237787
-90.1190119011901203 63.1383941747605633
-90.0990099009900973 47.7683138021379889
-90.0790079007900744 64.3364127101160790
-90.0590059005900514 49.3869693525559867
-90.0390039003900426 56.7256305566069088
-90.0190019001900197 65.2079286671214220
-89.9989998999899967 28.3327070090947117
-89.9789978997899738 48.1282179355471342
-89.9589958995899508 63.2119628364193176
-89.9389938993899420 64.5024974428047528
-89.9189918991899191 58.8266682199813644
-89.8989898989898961 53.3452359043016315
-89.8789878987898732 45.4386592480177285
-89.8589858985898644 74.5276027053370740
-89.8389838983898414 72.4399452867217946
-89.8189818981898185 79.9559485143179387
-89.7989798979897955 71.2455611514080971
-89.7789778977897726 35.2107217293033941
-89.7589758975897638 44.6545262611662821
-89.7389738973897408 66.6067913252788912
-89.7189718971897179 65.6404606388642264
-89.6989698969896949 55.7522216720622055
-89.6789678967896862 68.4431730658797903
-89.6589658965896632 49.6916846907209617
-89.6389638963896402 49.7374737041987061
-89.6189618961896173 52.6635512391892391
-89.5989598959895943 66.0648821067341032
-89.5789578957895856 60.7040084591087918
-89.5589558955895626 65.0719546910229667
-89.5389538953895396 51.2485755821856799
-89.5189518951895167 80.2582182630552552
-89.4989498949894937 46.5984296536032332
-89.4789478947894850 80.2122982368370998
-89.4589458945894620 77.0705465608378972
-89.4389438943894390 69.3607465614702647
-89.4189418941894161 60.7310216026276279
-89.3989398939893931 64.8018947963909397
-89.3789378937893844 66.5800776857621628
-89.3589358935893614 53.5249429482631456
-89.3389338933893384 59.2734446016854548
-89.3189318931893155 53.1785652701540599
-89.2989298929892925 71.0662835701693893
-89.2789278927892838 62.2409529471762966
-89.2589258925892608 53.0415734506076078
-89.2389238923892378 81.0130037563307326
-89.2189218921892149 69.2094718389283798
-89.1989198919891919 53.6423080904456313
-89.1789178917891832 90.0245067287464309
-89.1589158915891602 84.4517170091232288
-89.1389138913891372 56.6357586581384780
-89.1189118911891143 74.0685807693586042
-89.0989098909890913 65.5315349580722142
-89.0789078907890826 82.6269026778669797
-89.0589058905890596 77.9811568299495548
-89.0389038903890366 83.8393752320451995
-89.0189018901890137 70.9352328504913601
-88.9988998899889907 90.7683459003695248
-88.9788978897889820 70.2818291614548087
-88.9588958895889590 83.3892476901344679
-88.9388938893889360 70.8729571726011329
-88.9188918891889131 70.1949989573189725
-88.8988898889889043 71.4625994473758794
-88.8788878887888814 69.5307321569524817
-88.8588858885888584 89.9688110540591452
-88.8388838883888354 66.0505704214064622
-88.8188818881888125 79.4669210605611624
-88.7988798879888037 76.7804246785530893
-88.7788778877887808 81.6460636033124558
-88.7588758875887578 76.4751132997317740
-88.7388738873887348 83.6093479235303931
-88.7188718871887261 81.9136692068155270
-88.6988698869887031 55.9390506825780989
-88.6788678867886802 72.1410299312513104
-88.6588658865886572 48.7150230375938662
-88.6388638863886342 54.3511309251801009
-88.6188618861886255 67.5485140836656939
-88.5988598859886025 74.4826958227223344
-88.5788578857885796 55.2442429990965209
-88.5588558855885566 59.0082762793906852
-88.5388538853885336 59.7206102673828454
-88.5188518851885249 79.8184454358977860
-88.4988498849885019 86.8075375337706134
-88.4788478847884790 54.0695384285220797
-88.4588458845884560 73.8275601469560030
-88.4388438843884330 86.5321298506883920
-88.4188418841884243 77.8515589775007584
-88.3988398839884013 51.9808036927681414
-88.3788378837883783 72.2742330270466056
-88.3588358835883554 67.1455252951202795
-88.3388338833883324 66.3412328266269071
-88.3188318831883237 66.9626114049650312
-88.2988298829883007 90.1576952318564793
-88.2788278827882777 99.2067712838422011
-88.2588258825882548 48.0357089249878868
-88.2388238823882318 59.4101630591964209
-88.2188218821882231 56.6348277853583397
-88.1988198819882001 57.7963881205679257
-88.1788178817881771 58.1722209807487829
-88.1588158815881542 73.2396136269808835
-88.1388138813881312 59.6863596483038634
-88.1188118811881225 73.0630888147079816
-88.0988098809880995 99.4588901752635621
-88.0788078807880765 74.8093857174757488
-88.0588058805880536 103.7773827695650084
-88.0388038803880306 64.8888852774460503
-88.0188018801880219 73.5662812007917637
-87.9987998799879989 73.6916274158191698
-87.9787978797879759 42.7121297816329957
-87.9587958795879530 83.8821101164858618
-87.9387938793879442 74.5434009604963279
-87.9187918791879213 75.3608266052155216
-87.8987898789878983 78.1906816917655050
-87.8787878787878753 94.1409565437128890
-87.8587858785878524 74.8238315664064402
-87.8387838783878436 84.4628590633323171
-87.8187818781878207 61.4368424740499108
-87.7987798779877977 75.2400630878812251
-87.7787778777877747 59.9031567220518113
-87.7587758775877660 66.2792529649927502
-87.7387738773877430 54.4876134516467303
-87.7187718771877201 89.9699647711818500
-87.6987698769876971 82.3780017406128593
-87.6787678767876741 99.7948670969559259
-87.6587658765876654 76.8374877971672703
-87.6387638763876424 91.0293623310655278
-87.6187618761876195 76.4761321748273701
-87.5987598759875965 92.7485150922078390
-87.5787578757875735 85.5012157008700484
-87.5587558755875648 60.2629588415086204
-87.5387538753875418 48.0478595219103397
-87.5187518751875189 99.9690074553067376
-87.4987498749874959 88.6628245516916991
-87.4787478747874729 69.5177350429065939
-87.4587458745874642 71.0344879232696229
-87.4387438743874412 62.9796090355986422
-87.4187418741874183 98.3608213927466295
-87.3987398739873953 56.6283725825615250
-87.3787378737873723 64.4761113203964271
-87.3587358735873636 99.7680964687162941
-87.3387338733873406 89.9529039697520005
-87.3187318731873177 68.1010928506747319
-87.2987298729872947 77.7710478984749898
-87.2787278727872717 81.7672570438946593
-87.2587258725872630 64.0991483671683824
-87.2387238723872400 110.5383376820003889
-87.2187218721872171 85.3544144341171886
-87.1987198719871941 73.7891150155703031
-87.1787178717871711 80.2719128045580987
-87.1587158715871624 85.3237991867764691
-87.1387138713871394 43.0742806329566505
-87.1187118711871165 66.6879595611550684
-87.0987098709870935 94.4089368226152459
-87.0787078707870705 82.6068232776538451
-87.0587058705870618 83.1754234623834776
-87.0387038703870388 94.0700631208402598
-87.0187018701870159 77.6253479843288829
-86.9986998699869929 90.2975888098464310
-86.9786978697869841 56.7693506838134567
-86.9586958695869612 72.0290517841334150
-86.9386938693869382 102.4618226510958721
-86.9186918691869153 77.0547408089105801
-86.8986898689868923 81.7696193711419568
-86.8786878687868835 91.3360111410149500
-86.8586858685868606 59.3011944002406040
-86.8386838683868376 77.9205606763183738
-86.8186818681868147 40.6806049122245312
-86.7986798679868059 82.3513410679537401
-86.7786778677867829 58.4472178376569786
-86.7586758675867600 70.3195546319556257
-86.7386738673867370 60.9678552532307165
-86.7186718671867141 78.8657092821468950
-86.6986698669867053 85.1389006107055337
-86.6786678667866823 71.4060023949057552
-86.6586658665866594 89.5992135901934006
-86.6386638663866364 84.6106457781177141
-86.6186618661866135 73.4381027990200721
-86.5986598659866047 71.0574406167837651
-86.5786578657865817 64.5228722475929573
-86.5586558655865588 71.5645026098070360
-86.5386538653865358 67.2415018613802999
-86.5186518651865129 101.6933106209667272
-86.4986498649865041 71.1092733773153469
-86.4786478647864811 79.4999673931622794
-86.4586458645864582 69.6706225084844561
-86.4386438643864352 65.8477324945326785
-86.4186418641864122 67.6308288591271776
-86.3986398639864035 92.7648323486596098
-86.3786378637863805 65.3681364777417002
-86.3586358635863576 68.5852514285195696
-86.3386338633863346 87.7606303637249141
-86.3186318631863116 64.6120096891559399
-86.2986298629863029 68.2346916316095928
-86.2786278627862799 103.9056606478413727
-86.2586258625862570 88.0192246154058466
-86.2386238623862340 87.2174715687640969
-86.2186218621862110 62.5563621878736740
-86.1986198619862023 84.5622033879317883
-86.1786178617861793 80.4707624058441837
-86.1586158615861564 81.4813885564527425
-86.1386138613861334 66.5964154770054364
-86.1186118611861104 105.3021468186822460
-86.0986098609861017 111.0042121384362162
-86.0786078607860787 72.7574622784916158
-86.0586058605860558 91.4568297971685098
-86.0386038603860328 91.8504950113574665
-86.0186018601860241 87.6487836494251411
-85.9985998599860011 100.1651468763340915
-85.9785978597859781 82.7388340922418877
-85.9585958595859552 81.1518804612623654
-85.9385938593859322 74.4910071630877013
-85.9185918591859235 58.8470521907893200
-85.8985898589859005 77.5213165811066887
-85.8785878587858775 60.6654114749640385
-85.8585858585858546 76.1548255068217941
-85.8385838583858458 61.1123104846090968
-85.8185818581858229 106.9174090768277523
-85.7985798579857999 86.3311106242300923
-85.7785778577857769 85.5139672897294503
-85.7585758575857540 89.6366147755874891
-85.7385738573857452 70.8859083943940931
-85.7185718571857223 81.0546949244679098
-85.6985698569856993 99.4010281196505900
-85.6785678567856763 84.0121156879781523
-85.6585658565856534 75.8738935310042422
-85.6385638563856446 89.1560620988017973
-85.6185618561856217 93.6553698214742951
-85.5985598559855987 97.9123405109139497
-85.5785578557855757 93.2929155898222007
-85.5585558555855528 91.3765246101799562
-85.5385538553855440 88.2411858260052213
-85.5185518551855210 81.8192078912638436
-85.4985498549854981 120.9571457880034160
-85.4785478547854751 85.1725035984195955
-85.4585458545854522 100.7493115628052607
-85.4385438543854434 89.0384738741460779
-85.4185418541854204 62.5114439136289946
-85.3985398539853975 99.6393138971285168
-85.3785378537853745 98.6321897516256456
-85.3585358535853516 121.1734654571926910
-85.3385338533853428 96.0563681725030136
-85.3185318531853198 88.2246006306288848
-85.2985298529852969 64.2558014479422184
-85.2785278527852739 78.9993612699684036
-85.2585258525852510 61.9866730004764719
-85.2385238523852422 96.9818396977374135
-85.2185218521852192 59.9376004557468463
-85.1985198519851963 80.5259215220618358
-85.1785178517851733 91.8376183139897790
-85.1585158515851504 112.3137367071822723
-85.1385138513851416 84.4833442269225117
-85.1185118511851186 86.5347149529580832
-85.0985098509850957 92.1415642850431595
-85.0785078507850727 70.0046431806509162
-85.0585058505850640 80.9639769943263872
-85.0385038503850410 104.2413281923756330
-85.0185018501850180 78.2881171753934808
-84.9984998499849951 62.9079542186289444
-84.9784978497849721 76.9734845129996472
-84.9584958495849634 99.5702648636009116
-84.9384938493849404 79.2463762565612200
-84.9184918491849174 93.7674799956724030
-84.8984898489848945 77.5179537896275832
-84.8784878487848857 87.2975632866561142
-84.8584858485848628 98.5343298574082951
-84.8384838483848398 55.8733763213822954
-84.8184818481848168 66.4306005238044008
-84.7984798479847939 82.0623378682613804
-84.7784778477847851 95.1384844506064553
-84.7584758475847622 89.8726755242183515
-84.7384738473847392 79.4175454321183878
-84.7184718471847162 112.6821409214868766
-84.6984698469846933 98.3064533735897328
-84.6784678467846845 85.5352148791159976
-84.6584658465846616 98.2346490715271727
-84.6384638463846386 89.9422889889711428
-84.6184618461846156 96.4051934429425472
-84.5984598459845927 72.0495140967096859
-84.5784578457845839 70.5577775908386400
-84.5584558455845610 83.1105248723644365
-84.5384538453845380 89.9145182965782510
-84.5184518451845150 67.7283517898243730
-84.4984498449844921 88.2434478956143096
-84.4784478447844833 92.6992290489010884
-84.4584458445844604 96.6840744892087969
-84.4384438443844374 100.5042899519082056
-84.4184418441844144 72.9008762802051393
-84.3984398439843915 89.5069151371343708
-84.3784378437843827 94.6308904726039657
-84.3584358435843598 64.0352351536139679
-84.3384338433843368 99.4311259450226146
-84.3184318431843138 97.2663813880207186
-84.2984298429842909 102.7238673595846876
-84.2784278427842821 115.6563034422134422
-84.2584258425842592 89.6573792702947827
-84.2384238423842362 96.5817006271954455
-84.2184218421842132 86.5289431012891868
-84.1984198419841903 98.9558855082484001
-84.1784178417841815 50.0471944958082773
-84.1584158415841586 77.2284586100537922
-84.1384138413841356 88.0113108877561814
-84.1184118411841126 82.2976406498472670
-84.0984098409840897 70.4153161459942396
-84.0784078407840809 86.9425974999901001
-84.0584058405840580 77.3826355284261496
-84.0384038403840350 72.9094311858455768
-84.0184018401840120 81.9865259137160081
-83.9983998399839891 74.2240189785590729
-83.9783978397839803 119.3258365592595567
-83.9583958395839574 109.1772315347114528
-83.9383938393839344 81.9867403097306635
-83.9183918391839256 64.8112905614626698
-83.8983898389839027 80.1921685268858511
-83.8783878387838797 100.3133856362722014
-83.8583858385838568 99.3994888256865750
-83.8383838383838338 76.8342445671455323
-83.8183818381838250 108.7908693822651287
-83.7983798379838021 100.9223150007657068
-83.7783778377837791 76.3954880046503888
-83.7583758375837562 64.9966292744934862
-83.7383738373837332 87.5279502849401183
-83.7183718371837244 109.2927100253169215
-83.6983698369837015 91.3353008586373676
-83.6783678367836785 96.5787494881519279
-83.6583658365836556 87.0798991973563261
-83.6383638363836326 100.4328885458204894
-83.6183618361836238 83.8896623942238620
-83.5983598359836009 101.4905059018597768
-83.5783578357835779 82.1335741046815144
-83.5583558355835549 114.9005085796160586
-83.5383538353835320 85.2516199992848840
-83.5183518351835232 105.5656230369476845
-83.4983498349835003 112.1535345017945673
-83.4783478347834773 117.4515375777052810
-83.4583458345834543 89.8656762679739813
-83.4383438343834314 103.3619635705210555
-83.4183418341834226 96.1443534198992324
-83.3983398339833997 96.8681552256014697
-83.3783378337833767 93.4283531802920919
-83.3583358335833537 106.6925197800188130
-83.3383338333833308 94.7846677367692934
-83.3183318331833220 57.8998781816132464
-83.2983298329832991 81.7533676934802287
-83.2783278327832761 101.2096366493030217
-83.2583258325832531 84.2643656345855732
-83.2383238323832302 76.0945128428372612
-83.2183218321832214 83.4788689110359599
-83.1983198319831985 104.7719975365940570
-83.1783178317831755 95.6826101803461597
-83.1583158315831525 92.0816710285000113
-83.1383138313831296 83.1272251329119314
-83.1183118311831208 86.5678984835198122
-83.0983098309830979 90.6577904397360754
-83.0783078307830749 77.7995097017813890
-83.0583058305830662 91.0035148264037161
-83.0383038303830290 88.0606632526194630
-83.0183018301830202 94.6394784108885148
-82.9982998299829973 107.7914797855965219
-82.9782978297829743 76.9437954930131980
-82.9582958295829656 71.3210498763679936
-82.9382938293829426 97.3006161740591295
-82.9182918291829196 98.5288179181945765
-82.8982898289828967 83.6596533815960299
-82.8782878287828737 103.4530484155288690
-82.8582858285828650 66.7328956912375020
-82.8382838283828420 77.8515800234895323
-82.8182818281828190 100.2688849707199665
-82.7982798279827961 95.3203519370076435
-82.7782778277827731 96.9892583848142920
-82.7582758275827644 83.8454145646207536
-82.7382738273827414 98.4968304598710347
-82.7182718271827184 100.3080641650074654
-82.6982698269826955 112.2221175765307493
-82.6782678267826725 99.3530093817845028
-82.6582658265826637 109.6400090905295883
-82.6382638263826408 103.9320301710108083
-82.6182618261826178 91.0515018494410384
-82.5982598259825949 108.5233011785292945
-82.5782578257825719 77.7803625357423272
-82.5582558255825631 88.0617909811701338
-82.5382538253825402 100.7211117663582769
-82.5182518251825172 102.5247790262247207
-82.4982498249824943 72.6575247383202907
-82.4782478247824713 106.7526805614740226
-82.4582458245824625 83.1356212881553915
-82.4382438243824396 89.5220612116334138
-82.4182418241824166 78.0873065669386648
-82.3982398239823937 102.6259318924152382
-82.3782378237823707 104.6316966635258723
-82.3582358235823619 91.6655875220855307
-82.3382338233823390 92.0826094178664789
-82.3182318231823160 97.4863434144021710
-82.2982298229822931 109.4939359341084071
-82.2782278227822701 65.6483263282950986
-82.2582258225822613 85.8613695602116564
-82.2382238223822384 101.6108155632847883
-82.2182218221822154 95.8834732144895270
-82.1982198219821925 99.3689296799108490
-82.1782178217821695 77.3754019054093192
-82.1582158215821607 87.7740556056876784
-82.1382138213821378 88.0381875660503823
-82.1182118211821148 92.9458052624222404
-82.0982098209821061 66.4974926096381296
-82.0782078207820689 78.5532238739593822
-82.0582058205820601 90.2290375535972657
-82.0382038203820372 77.8096092437001232
-82.0182018201820142 96.3042332582436558
-81.9981998199820055 97.3362168583023077
-81.9781978197819825 78.7110185755131226
-81.9581958195819595 113.0744726691917776
-81.9381938193819366 105.7387674064975869
-81.9181918191819136 121.8582662927263840
-81.8981898189819049 102.6695403227017209
-81.8781878187818819 123.2220298029476453
-81.8581858185818589 98.5453680884467644
-81.8381838183818360 110.3083104371800403
-81.8181818181818130 76.8519557168749685
-81.7981798179818043 109.1192825929394559
-81.7781778177817813 73.8757208024424870
-81.7581758175817583 112.7677779527681992
-81.7381738173817354 101.7158883290070435
-81.7181718171817124 116.8607069506716840
-81.6981698169817037 104.9943303025595611
-81.6781678167816807 83.5143123224992223
-81.6581658165816577 86.9300633609985596
-81.6381638163816348 80.7934479047488310
-81.6181618161816118 88.0128505187535808
-81.5981598159816031 64.6988489999941407
-81.5781578157815801 100.0625320908029465
-81.5581558155815571 81.9413973373710434
-81.5381538153815342 97.8680456635949128
-81.5181518151815112 104.1855286732848498
-81.4981498149815025 99.1598305019842599
-81.4781478147814795 81.1407261958784716
-81.4581458145814565 113.1631112080983712
-81.4381438143814336 99.7095815592254837
-81.4181418141814106 106.6439768885888384
-81.3981398139814019 69.7169433714088029
-81.3781378137813789 112.3098017157514619
-81.3581358135813559 100.4543873179204070
-81.3381338133813330 81.5720071320594116
-81.3181318131813100 86.9330814386265018
-81.2981298129813013 85.2419197577227266
-81.2781278127812783 76.3623829701596719
-81.2581258125812553 111.5394642896823711
-81.2381238123812324 102.3853393560050620
-81.2181218121812094 113.5942408145801039
-81.1981198119812007 102.2677067700867184
-81.1781178117811777 93.9690357750274075
-81.1581158115811547 91.7113712611673719
-81.1381138113811460 101.3855813937749275
-81.1181118111811088 116.0386814558516733
-81.0981098109811001 112.0705296593622506
-81.0781078107810771 98.7268561413110035
-81.0581058105810541 87.7786147041140623
-81.0381038103810454 117.1001746473092311
-81.0181018101810224 77.4156723143729835
-80.9980998099809995 104.2907017285612596
-80.9780978097809765 100.8806389631344018
-80.9580958095809535 113.8900127708385952
-80.9380938093809448 98.6026087116668606
-80.9180918091809218 99.5955434427291948
-80.8980898089808989 97.8726487790678306
-80.8780878087808759 117.3635574866271725
-80.8580858085808529 81.7859445312331559
-80.8380838083808442 83.1138022447668590
-80.8180818081808212 103.5270303596151393
-80.7980798079807983 129.5906985298026370
-80.7780778077807753 110.2782765018993132
-80.7580758075807523 86.1864506011489055
-80.7380738073807436 105.6405721334520962
-80.7180718071807206 127.9903549126749738
-80.6980698069806976 94.2180763153221648
-80.6780678067806747 100.8179102377746830
-80.6580658065806517 97.1807036716061390
-80.6380638063806430 100.9564060297562946
-80.6180618061806200 136.6206534825662402
-80.5980598059805970 92.1764729477489766
-80.5780578057805741 110.4631507703623470
-80.5580558055805511 118.1756020397833566
-80.5380538053805424 80.4250499876923186
-80.5180518051805194 108.5294165359852485
-80.4980498049804964 119.4950861290247275
-80.4780478047804735 89.0637373752766166
-80.4580458045804505 91.7245169912714715
-80.4380438043804418 111.3443206130675094
-80.4180418041804188 97.1436920851203496
-80.3980398039803958 71.0322703467254684
-80.3780378037803729 101.3508587680417179
-80.3580358035803499 87.8807187620050456
-80.3380338033803412 105.5475189525087387
-80.3180318031803182 105.4722488867690515
-80.2980298029802952 62.9456682624572181
-80.2780278027802723 97.7223624098071042
-80.2580258025802493 90.0736474329470411
-80.2380238023802406 96.2136363419386100
-80.2180218021802176 94.8250129103358859
-80.1980198019801946 80.1244469978579161
-80.1780178017801859 96.6955236167908225
-80.1580158015801487 106.6507036592350488
-80.1380138013801400 100.3802887960402757
-80.1180118011801170 109.3292283280564305
-80.0980098009800940 99.2317618229303520
-80.0780078007800853 95.9747064307478297
-80.0580058005800623 107.3741219356953280
-80.0380038003800394 98.2668593827425383
-80.0180018001800164 85.7264921836539884
-79.9979997999799934 75.5447882997938649
-79.9779977997799847 83.3726238892969178
-79.9579957995799617 113.9289820031751788
-79.9379937993799388 76.5083487810586433
-79.9179917991799158 105.3156815104725297
-79.8979897989798928 103.6508571449826661
-79.8779877987798841 112.8581922331866139
-79.8579857985798611 97.6547464313575375
-79.8379837983798382 110.4660774381776065
-79.8179817981798152 64.3735696603125831
-79.7979797979797922 104.6732433874621933
-79.7779777977797835 74.7751406507352954
-79.7579757975797605 80.4979871998728527
-79.7379737973797376 98.6862298740969663
-79.7179717971797146 120.3638056278919919
-79.6979697969796916 97.6637834418055917
-79.6779677967796829 112.7211032196728979
-79.6579657965796599 83.4373727988910332
-79.6379637963796370 93.7119424662276685
-79.6179617961796140 85.2745460319261213
-79.5979597959795910 114.1039373965200809
-79.5779577957795823 115.2066604711825590
-79.5579557955795593 106.5546255157980369
-79.5379537953795364 106.8257952246619595
-79.5179517951795134 93.8545539250589940
-79.4979497949794904 89.6973831984038128
-79.4779477947794817 87.2715056948452172
-79.4579457945794587 96.4245859642945931
-79.4379437943794358 107.5586439238380621
-79.4179417941794128 100.9070408710462061
-79.3979397939793898 97.3932214515325256
-79.3779377937793811 93.1563508097436568
-79.3579357935793581 99.9703884203846798
-79.3379337933793352 119.6693116191511166
-79.3179317931793122 125.0680207240483242
-79.2979297929792892 89.1731030588162668
-79.2779277927792805 91.1774275065725135
-79.2579257925792575 79.8402708795698288
-79.2379237923792346 98.9396360108829072
-79.2179217921792116 87.6196258577540021
-79.1979197919791886 124.8785617818040805
-79.1779177917791799 81.7875865814318530
-79.1579157915791569 119.3032443174895576
-79.1379137913791340 105.5690120045460247
-79.1179117911791252 81.0587363910575505
-79.0979097909790880 97.7720977186810529
-79.0779077907790793 104.1103299852515676
-79.0579057905790563 84.1728119340533993
-79.0379037903790334 66.3043643372209743
-79.0179017901790246 117.5222593334231789
-78.9978997899790016 99.2903630825022532
-78.9778977897789787 111.4961710405184476
-78.9578957895789557 87.9064540694366059
-78.9378937893789328 124.7996555982954447
-78.9178917891789240 97.4711207951004468
-78.8978897889789010 102.4683530623030947
-78.8778877887788781 102.5687970881104292
-78.8578857885788551 79.2458072598991095
-78.8378837883788322 89.5864074008748048
-78.8178817881788234 90.1831542947019784
-78.7978797879788004 99.3882937429313671
-78.7778777877787775 103.2045754197537804
-78.7578757875787545 76.9209949332985730
-78.7378737873787315 96.2262631655887191
-78.7178717871787228 93.1257991921081896
-78.6978697869786998 77.0821075423531568
-78.6778677867786769 121.8833578934489026
-78.6578657865786539 118.5629780571329377
-78.6378637863786309 101.7661981568439700
-78.6178617861786222 93.0200202449577773
-78.5978597859785992 106.6622292902628999
-78.5778577857785763 99.9077080004266520
-78.5578557855785533 97.6185760993485871
-78.5378537853785303 92.1676588292260988
-78.5178517851785216 129.7875509286115800
-78.4978497849784986 106.6902220164548680
-78.4778477847784757 125.4606259987464654
-78.4578457845784527 112.4015865143799715
-78.4378437843784297 106.1397579130019153
-78.4178417841784210 97.6839884934792479
-78.3978397839783980 92.4545220616712271
-78.3778377837783751 110.2579663098017306
-78.3578357835783521 70.1484684998992805
-78.3378337833783291 87.7541097409631021
-78.3178317831783204 102.7571410641162970
-78.2978297829782974 104.1934432854292254
-78.2778277827782745 92.1575203235634888
-78.2578257825782515 91.6232580220134878
-78.2378237823782285 100.1823369613317425
-78.2178217821782198 107.1978709630635933
-78.1978197819781968 99.2065509914030912
-78.1778177817781739 72.4587612074057716
-78.1578157815781651 130.9918051542446733
-78.1378137813781279 90.7802645928879173
-78.1178117811781192 104.1733302647332238
-78.0978097809780962 105.7643095232980102
-78.0778077807780733 121.5533648538954594
-78.0578057805780645 98.5657304698146390
-78.0378037803780416 88.9524267540998750
-78.0178017801780186 93.8383960073509087
-77.9977997799779956 103.9496398608205681
-77.9777977797779727 68.1676861644607186
-77.9577957795779639 111.3867153407971955
-77.9377937793779410 94.8799094904868241
-77.9177917791779180 85.6658693261763489
-77.8977897789778950 97.6996091507168387
-77.8777877787778721 113.1109291496773750
-77.8577857785778633 90.9256225373344478
-77.8377837783778403 114.5522766039925671
-77.8177817781778174 81.0333048501647966
-77.7977797779777944 81.8499962984299998
-77.7777777777777715 89.1648532038529140
-77.7577757775777627 97.5194078037867627
-77.7377737773777397 64.6439820615607630
-77.7177717771777168 108.1084624585773213
-77.6977697769776938 94.1149713690647332
-77.6777677767776709 123.1537583454531415
-77.6577657765776621 99.7337411081574032
-77.6377637763776391 80.2845031802065989
-77.6177617761776162 104.5143499391164852
-77.5977597759775932 93.6185563759112256
-77.5777577757775703 105.5507183186619642
-77.5577557755775615 80.9901687805918726
-77.5377537753775385 97.5531453194653437
-77.5177517751775156 116.0553052613373097
-77.4977497749774926 101.2528251818709464
-77.4777477747774697 95.5776448047617322
-77.4577457745774609 129.3552947408475120
-77.4377437743774379 91.7165371254145043
-77.4177417741774150 104.2948896702351789
-77.3977397739773920 119.0922083545315218
-77.3777377737773691 111.5306990614852651
-77.3577357735773603 83.2722615651653797
-77.3377337733773373 85.3890250530606352
-77.3177317731773144 103.4079705874490998
-77.2977297729772914 83.6693805533804209
-77.2777277727772685 109.0694122173475478
-77.2577257725772597 120.5311979867593806
-77.2377237723772367 103.4502301209909092
-77.2177217721772138 100.0318846865647942
-77.1977197719772050 96.5757807365247913
-77.1777177717771679 104.8147832998262459
-77.1577157715771591 107.0701027293050629
-77.1377137713771361 117.3162976551586496
-77.1177117711771132 97.5872115052958407
-77.0977097709771044 125.4330026739199013
-77.0777077707770815 116.5116311489437351
-77.0577057705770585 88.3864538593179248
-77.0377037703770355 103.7853540089311224
-77.0177017701770126 99.0633911786691215
-76.9976997699770038 112.4407233000960389
-76.9776977697769809 97.9764526249906993
-76.9576957695769579 132.6810246561568931
-76.9376937693769349 102.2792647214130852
-76.9176917691769120 119.2835995428418840
-76.8976897689769032 104.9944318040502509
-76.8776877687768803 118.3496592909379501
-76.8576857685768573 114.7512362287114058
-76.8376837683768343 112.0238103546907098
-76.8176817681768114 86.4321337057516672
-76.7976797679768026 103.4551782530397048
-76.7776777677767797 100.8451708483827076
-76.7576757675767567 88.2728467142873825
-76.7376737673767337 105.4469443722164357
-76.7176717671767108 114.6257444461820825
-76.6976697669767020 109.3887433605566741
-76.6776677667766791 96.2756993472150810
-76.6576657665766561 111.5674498536842236
-76.6376637663766331 97.0614229472059407
-76.6176617661766102 93.0595361865042463
-76.5976597659766014 101.9096580262068272
-76.5776577657765785 95.9212072397117339
-76.5576557655765555 96.0383035503944029
-76.5376537653765325 111.1552870183760859
-76.5176517651765096 84.7706153381588337
-76.4976497649765008 123.4728505643085157
-76.4776477647764779 100.8226709308068223
-76.4576457645764549 98.1509340759037059
-76.4376437643764319 84.6739923987302348
-76.4176417641764090 87.5357760834616272
-76.3976397639764002 98.2607049669217503
-76.3776377637763773 86.8308770621961230
-76.3576357635763543 96.9311086007602256
-76.3376337633763313 93.6919066690074374
-76.3176317631763084 95.2232619008795922
-76.2976297629762996 104.7367739316023005
-76.2776277627762767 112.2867521544290810
-76.2576257625762537 108.4607254877820708
-76.2376237623762449 93.8566169892444293
-76.2176217621762078 105.7075340100353174
-76.1976197619761990 119.5538995853375610
-76.1776177617761761 83.0572051827026883
-76.1576157615761531 98.6457190842710077
-76.1376137613761443 80.5011552004804258
-76.1176117611761214 85.8246382083565749
-76.0976097609760984 77.9700066917559127
-76.0776077607760755 129.8081506532393519
-76.0576057605760525 112.0159778467043168
-76.0376037603760437 101.7906364469209137
-76.0176017601760208 97.5455505431762901
-75.9975997599759978 101.2780598886650978
-75.9775977597759749 134.4121572038247621
-75.9575957595759519 87.1650274638525957
-75.9375937593759431 97.0324187493642683
-75.9175917591759202 83.3994064021859884
-75.8975897589758972 96.7568162573538899
-75.8775877587758742 95.7251888464912497
-75.8575857585758513 102.0974678856185847
-75.8375837583758425 103.9000447453347959
-75.8175817581758196 100.4069061616141596
-75.7975797579757966 118.9442570785138571
-75.7775777577757736 99.4704204659362006
-75.7575757575757507 82.0892368417916884
-75.7375737573757419 116.4406262597593269
-75.7175717571757190 111.2872496235658275
-75.6975697569756960 81.0796404076166368
-75.6775677567756730 107.6276548091039729
-75.6575657565756501 119.1993365200790436
-75.6375637563756413 101.4682476454206892
-75.6175617561756184 107.5372771821010218
-75.5975597559755954 78.6754686123648810
-75.5775577557755724 104.0771638461784505
-75.5575557555755495 111.1248169699727129
-75.5375537553755407 101.9182093484743348
-75.5175517551755178 114.5787747825476401
-75.4975497549754948 90.3308403709165191
-75.4775477547754718 78.9208061801345480
-75.4575457545754489 105.7204802523735623
-75.4375437543754401 108.1107020069294578
-75.4175417541754172 103.8493133361363334
-75.3975397539753942 84.0889435386406916
-75.3775377537753712 98.6035383289587202
-75.3575357535753483 97.7179635052911237
-75.3375337533753395 97.1125338823590596
-75.3175317531753166 77.8771619863446034
-75.2975297529752936 93.2348471308228142
-75.2775277527752849 97.1898588245425969
-75.2575257525752477 92.3567272951358120
-75.2375237523752389 116.7710910883347708
-75.2175217521752160 102.4660626775431638
-75.1975197519751930 92.8459513779233134
-75.1775177517751843 83.5365096643268146
-75.1575157515751613 77.6480189808243324
-75.1375137513751383 89.4085246204097928
-75.1175117511751154 95.7552084845524831
-75.0975097509750924 92.7608198469211089
-75.0775077507750837 94.8963563407899358
-75.0575057505750607 98.8291830757889613
-75.0375037503750377 81.9290645244390134
-75.0175017501750148 106.1617822563077596
-74.9974997499749918 101.4307738073434280
-74.9774977497749830 122.5269705107284040
-74.9574957495749601 110.8754962497218912
-74.9374937493749371 87.6427568378527440
-74.9174917491749142 112.4270820853107864
-74.8974897489748912 101.2518725283286898
-74.8774877487748824 98.7069494118500899
-74.8574857485748595 102.6076016034687797
-74.8374837483748365 116.3886522580826437
-74.8174817481748136 105.0334233645619548
-74.7974797479747906 100.5782337849991848
-74.7774777477747818 103.2272504536981330
-74.7574757475747589 86.9821678232988234
-74.7374737473747359 106.9578688351489006
-74.7174717471747130 107.9681800586081124
-74.6974697469746900 97.8519657980587567
-74.6774677467746812 91.8937176867490990
-74.6574657465746583 116.2167468184053973
-74.6374637463746353 117.6550221123232092
-74.6174617461746124 117.3768680579227492
-74.5974597459745894 120.9124016397990431
-74.5774577457745806 110.7082299885161376
-74.5574557455745577 109.2546913197956400
-74.5374537453745347 81.8961705992228843
-74.5174517451745118 99.6238557008834533
-74.4974497449744888 109.7229516557620741
-74.4774477447744800 109.0734021054506542
-74.4574457445744571 95.7267108960383268
-74.4374437443744341 105.2343172722597302
-74.4174417441744112 89.6038447790215855
-74.3974397439743882 98.3401999493314776
-74.3774377437743794 90.8086003906003327
-74.3574357435743565 93.5768141765548478
-74.3374337433743335 91.2064660751492369
-74.3174317431743248 132.8816169004606422
-74.2974297429742876 110.2618183274357193
-74.2774277427742788 94.4706069941853031
-74.2574257425742559 124.1080942132391129
-74.2374237423742329 98.4659356817690110
-74.2174217421742242 100.6671887491543345
-74.1974197419742012 76.6495597582219830
-74.1774177417741782 84.0808834186849765
-74.1574157415741553 105.8642382540291322
-74.1374137413741323 91.1001637714259260
-74.1174117411741236 103.6530007460501679
-74.0974097409741006 97.8718028562801123
-74.0774077407740776 118.4503447096829802
-74.0574057405740547 89.7863704382623098
-74.0374037403740317 97.1179197416486915
-74.0174017401740230 107.5050327669368357
-73.9973997399740000 95.9989468375101467
-73.9773977397739770 112.2961224934558544
-73.9573957395739541 103.8020885246963161
-73.9373937393739311 90.9639584836521209
-73.9173917391739224 131.7590153373257351
-73.8973897389738994 105.0828195197694583
-73.8773877387738764 101.5063862719115804
-73.8573857385738535 64.8140339670043772
-73.8373837383738305 74.3060979300161364
-73.8173817381738218 119.0318168825897516
-73.7973797379737988 121.1271554919254214
-73.7773777377737758 112.1629459318869522
-73.7573757375737529 113.9214317339797873
-73.7373737373737299 101.5126645399106025
-73.7173717371737212 105.1885263254916794
-73.6973697369736982 107.7833062005533975
-73.6773677367736752 86.4800453868045764
-73.6573657365736523 96.5909453793405675
-73.6373637363736293 115.7157439849450213
-73.6173617361736206 76.4902475155548842
-73.5973597359735976 106.8127105766490104
-73.5773577357735746 115.7527562724984733
-73.5573557355735517 89.1078372458835588
-73.5373537353735287 103.6448325950525344
-73.5173517351735200 96.9628057807681643
-73.4973497349734970 82.1775538830943475
-73.4773477347734740 96.3549759184801928
-73.4573457345734511 89.0550231212359336
-73.4373437343734281 126.3518201959732181
-73.4173417341734194 107.3292385745875777
-73.3973397339733964 98.4029861105852461
-73.3773377337733734 112.4944727173904795
-73.3573357335733647 95.6894360252876623
-73.3373337333733275 122.5737511009333218
-73.3173317331733188 98.4889564321551916
-73.2973297329732958 93.2525118666926289
-73.2773277327732728 105.6306250409942749
-73.2573257325732641 111.1313687434427209
-73.2373237323732411 101.9763310163262702
-73.2173217321732182 114.4365260684162706
-73.1973197319731952 120.3574962972434008
-73.1773177317731722 95.6525364085247105
-73.1573157315731635 116.2269818218702824
-73.1373137313731405 97.8173869433760927
-73.1173117311731176 85.8276591648358504
-73.0973097309730946 110.1307920624055612
-73.0773077307730716 90.9334279384954982
-73.0573057305730629 95.5153571974983464
-73.0373037303730399 82.5930197094263860
-73.0173017301730169 100.1970993467078301
-72.9972997299729940 107.3396828804540348
-72.9772977297729710 85.3711096132900309
-72.9572957295729623 91.2901891271014989
-72.9372937293729393 110.0516196874614536
-72.9172917291729163 130.6650313999852528
-72.8972897289728934 90.5489327609697483
-72.8772877287728704 117.9314313403679222
-72.8572857285728617 102.2363002639075376
-72.8372837283728387 94.4624248977371934
-72.8172817281728157 109.6104400029714725
-72.7972797279727928 109.5488559410888882
-72.7772777277727698 120.0829386957370701
-72.7572757275727611 98.6676466485305070
-72.7372737273727381 105.4408645851055297
-72.7172717271727151 87.0474683640801317
-72.6972697269726922 93.5231671690834787
-72.6772677267726692 116.2117005079217904
-72.6572657265726605 93.6859198882103641
-72.6372637263726375 109.7886830900580719
-72.6172617261726145 118.1364574449878404
-72.5972597259725916 96.7220416339211937
-72.5772577257725686 119.8780520303642305
-72.5572557255725599 86.7051143463888820
-72.5372537253725369 108.1109787445891612
-72.5172517251725139 88.2952578870097824
-72.4972497249724910 115.6840935422651171
-72.4772477247724680 101.7263017259335243
-72.4572457245724593 92.3350164660880068
-72.4372437243724363 87.5518865987287427
-72.4172417241724133 99.3561268463288201
-72.3972397239724046 76.6500578093319547
-72.3772377237723674 107.7029777518698381
-72.3572357235723587 81.1580272469045951
-72.3372337233723357 106.8970917165808601
-72.3172317231723127 106.2088258207417937
-72.2972297229723040 88.0209328127629362
-72.2772277227722810 102.6689101572611236
-72.2572257225722581 110.9074514440255825
-72.2372237223722351 108.6104935614364280
-72.2172217221722121 97.0721050917408093
-72.1972197219722034 102.6217561806371634
-72.1772177217721804 92.0674068514773012
-72.1572157215721575 113.2534227859889882
-72.1372137213721345 108.5877153662192427
-72.1172117211721115 89.9370222901125231
-72.0972097209721028 83.7012472971372432
-72.0772077207720798 88.8618658956123255
-72.0572057205720569 89.4092090666123340
-72.0372037203720339 103.8691319614478203
-72.0172017201720109 99.6805127879867854
-71.9971997199720022 83.3888455604343903
-71.9771977197719792 81.2818172743853609
-71.9571957195719563 103.7060854442843123
-71.9371937193719333 87.8105666603000685
-71.9171917191719103 107.8842519607288466
-71.8971897189719016 108.8128906491065493
-71.8771877187718786 93.1943237359107997
-71.8571857185718557 123.1918831849777831
-71.8371837183718327 95.2014530046142369
-71.8171817181718097 112.2094250246905318
-71.7971797179718010 80.3304707799365758
-71.7771777177717780 106.9057011507636901
-71.7571757175717551 72.7888278753992495
-71.7371737173717321 108.1580409000036553
-71.7171717171717091 99.5172528021306846
-71.6971697169717004 89.9101821007756712
-71.6771677167716774 92.7536813457635105
-71.6571657165716545 103.3821291755582337
-71.6371637163716315 101.3312412641218714
-71.6171617161716085 91.4096652001190932
-71.5971597159715998 77.9856109368001569
-71.5771577157715768 121.2657015388199397
-71.5571557155715539 96.1929004541118076
-71.5371537153715309 104.1866053361420512
-71.5171517151715079 93.8948498889974417
-71.4971497149714992 90.6672542135399482
-71.4771477147714762 116.4333044067171699
-71.4571457145714533 99.1522459297513166
-71.4371437143714445 101.5416094074002302
-71.4171417141714073 111.1118331230052689
-71.3971397139713986 112.0309154285072566
-71.3771377137713756 99.4453515523393889
-71.3571357135713527 125.0433211417730348
-71.3371337133713439 110.4431256106969386
-71.3171317131713209 74.0721779352720375
-71.2971297129712980 118.1677289522831416
-71.2771277127712750 70.0634717298667624
-71.2571257125712521 93.4689643681591065
-71.2371237123712433 92.6156405041208757
-71.2171217121712203 103.4357876578596915
-71.1971197119711974 99.5997631866916464
-71.1771177117711744 118.9461492391167212
-71.1571157115711515 96.9865829500572403
-71.1371137113711427 92.6072021768440550
-71.1171117111711197 99.8407559950806984
-71.0971097109710968 130.2247854566026888
-71.0771077107710738 70.9280060071942557
-71.0571057105710508 109.0278302137653128
-71.0371037103710421 82.7471647014134106
-71.0171017101710191 59.8680496385031233
-70.9970997099709962 90.9754469247776569
-70.9770977097709732 102.2835803838771653
-70.9570957095709502 97.0304037482596300
-70.9370937093709415 110.2681446828908349
-70.9170917091709185 75.4260908641461469
-70.8970897089708956 93.2719513615525813
-70.8770877087708726 121.7032267784491211
-70.8570857085708496 110.8261333804963300
-70.8370837083708409 90.0050649653582298
-70.8170817081708179 93.8111173739612809
-70.7970797079707950 96.8487147865238569
-70.7770777077707720 89.5951068887359128
-70.7570757075707490 101.3002774296341926
-70.7370737073707403 95.5697413825363924
-70.7170717071707173 111.0717876571254692
-70.6970697069706944 87.6645188407591149
-70.6770677067706714 107.5223457606425796
-70.6570657065706484 108.5415871527408171
-70.6370637063706397 122.4503274233055805
-70.6170617061706167 109.0774097550087589
-70.5970597059705938 110.7183099347689392
-70.5770577057705708 98.6533944965485432
-70.5570557055705478 110.8639603382261782
-70.5370537053705391 123.6586836004860714
-70.5170517051705161 79.6670731464471373
-70.4970497049704932 96.9438481770288831
-70.4770477047704844 99.0627026493599914
-70.4570457045704472 80.5250958965163619
-70.4370437043704385 105.4679703227106273
-70.4170417041704155 117.6518318291454648
-70.3970397039703926 88.6917504032441570
-70.3770377037703838 88.7054124624172573
-70.3570357035703609 109.6823690966476192
-70.3370337033703379 107.0232399989010901
-70.3170317031703149 114.0850425660261038
-70.2970297029702920 97.5991672262399277
-70.2770277027702832 84.2583847483700055
-70.2570257025702603 106.7136281346897562
-70.2370237023702373 104.7179693148882365
-70.2170217021702143 101.0100334633775105
-70.1970197019701914 125.1501780063940146
-70.1770177017701826 106.4223864490395073
-70.1570157015701596 106.7393307563919223
-70.1370137013701367 78.0593197287462317
-70.1170117011701137 104.1110983486217094
-70.0970097009700908 80.0307626146040434
-70.0770077007700820 106.3649408808227008
-70.0570057005700590 88.5031230499599531
-70.0370037003700361 119.4810380541935046
-70.0170017001700131 61.1790741571797128
-69.9969996999699902 80.2162528154926235
-69.9769976997699814 98.0951729046535092
-69.9569956995699584 90.4004913266438308
-69.9369936993699355 107.8141091406556313
-69.9169916991699125 121.9776161956432077
-69.8969896989698896 96.5650001015688844
-69.8769876987698808 101.9559039425978142
-69.8569856985698578 102.7426917168056661
-69.8369836983698349 87.1651992159688689
-69.8169816981698119 78.9742740354896853
-69.7969796979697890 103.0936890303969591
-69.7769776977697802 103.0224185625142042
-69.7569756975697572 92.5797198017679079
-69.7369736973697343 67.0708506890423024
-69.7169716971697113 89.9281631860843760
-69.6969696969696884 109.2970912901724176
-69.6769676967696796 84.0081677568210949
-69.6569656965696566 92.5683760503414703
-69.6369636963696337 115.1221063670236475
-69.6169616961696107 83.8143474154977639
-69.5969596959695878 106.4702056087857329
-69.5769576957695790 109.5872759775495098
-69.5569556955695560 95.6704392946092526
-69.5369536953695331 88.2874778495580301
-69.5169516951695243 80.8845019806648935
-69.4969496949694872 98.1844088280273724
-69.4769476947694784 114.4468395928364401
-69.4569456945694554 80.0676897893743700
-69.4369436943694325 113.7015919219196860
-69.4169416941694237 89.7049440998935523
-69.3969396939694008 71.0895208718871885
-69.3769376937693778 86.4246438182463521
-69.3569356935693548 120.4543836988519416
-69.3369336933693319 101.2880755463906439
-69.3169316931693231 74.3296395497213922
-69.2969296929693002 100.5348892377065226
-69.2769276927692772 89.3040225473057490
-69.2569256925692542 117.3135886935558290
-69.2369236923692313 85.6896053663518700
-69.2169216921692225 79.0205987452722525
-69.1969196919691996 106.6796423973070489
-69.1769176917691766 116.5880051987616355
-69.1569156915691536 73.1670582939294718
-69.1369136913691307 106.6982788459877440
-69.1169116911691219 102.8187081156232807
-69.0969096909690990 107.5961249281029239
-69.0769076907690760 99.3307885820006078
-69.0569056905690530 83.3398958110900452
-69.0369036903690301 110.2339818709780133
-69.0169016901690213 84.3515812262713212
-68.9968996899689984 101.5985420751640191
-68.9768976897689754 97.3563454334414899
-68.9568956895689524 80.2041799949886212
-68.9368936893689295 98.0782776460553265
-68.9168916891689207 86.0390517095791836
-68.8968896889688978 99.9668603824131736
-68.8768876887688748 102.0185694601938735
-68.8568856885688518 83.8251243374328396
-68.8368836883688289 95.5214140236998048
-68.8168816881688201 90.2036284558828498
-68.7968796879687972 113.1132518428733533
-68.7768776877687742 98.6456884979408102
-68.7568756875687512 102.1592590755310113
-68.7368736873687283 89.6663280227629400
-68.7168716871687195 109.0101867838036185
-68.6968696869686966 78.8722404888253124
-68.6768676867686736 105.9514805531164257
-68.6568656865686506 110.8289450437031292
-68.6368636863686277 103.1871526441602782
-68.6168616861686189 107.3690926836593746
-68.5968596859685960 103.6586068682555606
-68.5768576857685730 109.9047017769624830
-68.5568556855685500 77.8918614695402027
-68.5368536853685271 86.2279970756527518
-68.5168516851685183 109.1295043798922251
-68.4968496849684954 110.0494118506319694
-68.4768476847684724 101.4280559277642624
-68.4568456845684636 110.6939311354567934
-68.4368436843684265 90.1654329130279848
-68.4168416841684177 126.0441840599828822
-68.3968396839683948 100.5734759608299669
-68.3768376837683718 87.9065628343532381
-68.3568356835683630 102.8999669312054976
-68.3368336833683401 100.5836293721133927
-68.3168316831683171 107.2472082309503776
-68.2968296829682942 85.8632858313097813
-68.2768276827682712 71.0462647396779516
-68.2568256825682624 94.7928624001649780
-68.2368236823682395 97.3528958984787351
-68.2168216821682165 100.2006577638703106
-68.1968196819681935 110.2341382896678681
-68.1768176817681706 98.2487702980062494
-68.1568156815681618 99.8759854667166280
-68.1368136813681389 72.3186859364908941
-68.1168116811681159 88.7526849153497750
-68.0968096809680929 82.7856453981134734
-68.0768076807680700 105.2766817211805090
-68.0568056805680612 85.6201790136883005
-68.0368036803680383 76.2507532605631297
-68.0168016801680153 123.9648531366615174
-67.9967996799679923 103.8613807161899985
-67.9767976797679694 88.3516715289571408
-67.9567956795679606 114.9985157630017767
-67.9367936793679377 98.0563357134111016
-67.9167916791679147 108.5586731010741772
-67.8967896789678917 93.6206221337155000
-67.8767876787678688 96.0041455525405212
-67.8567856785678600 87.0638665645112297
-67.8367836783678371 82.8090931120995037
-67.8167816781678141 97.1254229753306788
-67.7967796779678054 107.3278236199192435
-67.7767776777677682 91.6552343234139499
-67.7567756775677594 117.2251895887064279
-67.7367736773677365 109.9036489491903694
-67.7167716771677135 96.8935470039908893
-67.6967696769677048 114.9291642020910160
-67.6767676767676676 84.6654584747473677
-67.6567656765676588 92.2113602928440770
-67.6367636763676359 88.0507280510707915
-67.6167616761676129 95.5204950361401757
-67.5967596759676042 80.0315898219775050
-67.5767576757675670 97.7885456875002319
-67.5567556755675582 74.8736649669008614
-67.5367536753675353 95.7563953068861338
-67.5167516751675123 94.5646231952700589
-67.4967496749675036 95.7091653728796530
-67.4767476747674664 89.4767139089511119
-67.4567456745674576 91.4409079335221691
-67.4367436743674347 99.6486656323908022
-67.4167416741674117 90.4785801766702633
-67.3967396739674030 121.6621198954259455
-67.3767376737673658 82.2494303592004457
-67.3567356735673570 94.6239818890756084
-67.3367336733673341 91.1460107401685491
-67.3167316731673111 99.5909593925485694
-67.2967296729673023 103.5479623039701806
-67.2767276727672652 110.6869612545970654
-67.2567256725672564 113.2959256660455623
-67.2367236723672335 97.9661189722063313
-67.2167216721672105 100.7695715708981510
-67.1967196719672017 89.4740056698437058
-67.1767176717671646 96.8834664776280334
-67.1567156715671558 91.7285961045437972
-67.1367136713671329 92.5052772294422709
-67.1167116711671099 108.1095605685097496
-67.0967096709671011 69.8845747892387976
-67.0767076707670782 111.6657746503761217
-67.0567056705670552 105.7993634392882711
-67.0367036703670323 79.4481875935459669
-67.0167016701670093 88.4207762798367725
-66.9966996699670005 89.6456629065708910
-66.9766976697669776 111.4675646826073034
-66.9566956695669546 103.5046436577624007
-66.9366936693669317 88.2810416560956384
-66.9166916691669087 97.0921558782641227
-66.8966896689668999 97.6678476896315289
-66.8766876687668770 97.4640900690345688
-66.8566856685668540 91.4459339610627779
-66.8366836683668453 87.8466908463056058
-66.8166816681668081 79.6454472838730965
-66.7966796679667993 92.4082509624826542
-66.7766776677667764 107.7983698767786933
-66.7566756675667534 105.1322746605509053
-66.7366736673667447 104.7768946239130230
-66.7166716671667075 108.2410084931441361
-66.6966696669666987 80.8344201805269904
-66.6766676667666758 75.0472540155021903
-66.6566656665666528 94.2326966135201900
-66.6366636663666441 101.5618386419239130
-66.6166616661666069 102.4282870391061095
-66.5966596659665981 99.8009274542545910
-66.5766576657665752 87.4322997308690759
-66.5566556655665522 109.2160415975448018
-66.5366536653665435 85.1227069830858625
-66.5166516651665063 114.9651920053893974
-66.4966496649664975 89.3603927495369703
-66.4766476647664746 91.1844560669184716
-66.4566456645664516 96.3367549657966151
-66.4366436643664429 91.5119524204799717
-66.4166416641664057 112.9544710784090853
-66.3966396639663969 84.1868628837225117
-66.3766376637663740 101.3904750302402391
-66.3566356635663510 99.5501011187324849
-66.3366336633663423 84.1951131590518855
-66.3166316631663051 103.7243689227982060
-66.2966296629662963 95.8702859463051311
-66.2766276627662734 94.3088616976586422
-66.2566256625662504 86.7862601656510293
-66.2366236623662417 94.6294808231374702
-66.2166216621662045 75.0156391509996183
-66.1966196619661957 76.5907137909973699
-66.1766176617661728 91.0884328116547692
-66.1566156615661498 109.0468243642323785
-66.1366136613661411 121.2034401282126197
-66.1166116611661181 65.7554700312972358
-66.0966096609660951 95.2233176879196179
-66.0766076607660722 121.3198513618056182
-66.0566056605660492 110.4914429361597570
-66.0366036603660405 89.0489162168628212
-66.0166016601660175 81.7577720706921838
-65.9965996599659945 110.3709706152621521
-65.9765976597659716 91.7271108891195439
-65.9565956595659486 102.7957800237069108
-65.9365936593659399 75.7793029064769144
-65.9165916591659169 117.2842793644301764
-65.8965896589658939 97.7148848596854833
-65.8765876587658852 101.5266499933508157
-65.8565856585658480 100.0901670882408752
-65.8365836583658393 87.2522409826087966
-65.8165816581658163 84.2400845263143481
-65.7965796579657933 71.1308077749735190
-65.7765776577657846 96.7288867673940587
-65.7565756575657474 90.2719327030610685
-65.7365736573657387 113.4649130853419479
-65.7165716571657157 74.8133122831281980
-65.6965696569656927 87.7227964375684621
-65.6765676567656840 101.1934852431913328
-65.6565656565656468 81.5332074197870753
-65.6365636563656381 106.2620971777145940
-65.6165616561656151 92.6716495066441155
-65.5965596559655921 109.9752277436340506
-65.5765576557655834 103.1057239100426273
-65.5565556555655462 81.3274934320608907
-65.5365536553655375 93.5182673694174582
-65.5165516551655145 91.8196989866121953
-65.4965496549654915 118.4454474087570333
-65.4765476547654828 73.0962696112862176
-65.4565456545654456 105.6177356376804113
-65.4365436543654369 106.8235908459074039
-65.4165416541654139 111.4762623548292737
-65.3965396539653909 80.2484177036386939
-65.3765376537653822 103.8789292387496914
-65.3565356535653450 84.8882806106343679
-65.3365336533653362 105.7851893310374152
-65.3165316531653133 97.9987233003309086
-65.2965296529652903 110.3814621333238932
-65.2765276527652816 89.2220849602430945
-65.2565256525652444 110.9262260020714308
-65.2365236523652356 88.5952812350208774
-65.2165216521652127 79.0972116708666562
-65.1965196519651897 72.8806519983649252
-65.1765176517651810 95.0298223930564916
-65.1565156515651580 112.1796352294698664
-65.1365136513651350 108.0802418603651205
-65.1165116511651121 102.2600576435579427
-65.0965096509650891 69.8781994381063072
-65.0765076507650804 88.6943922982745789
-65.0565056505650574 95.6340819510403293
-65.0365036503650344 74.0938581612056169
-65.0165016501650115 78.7740544664624167
-64.9964996499649885 86.5913200767534192
-64.9764976497649798 94.4270672502313602
-64.9564956495649568 92.3430271790067820
-64.9364936493649338 96.5748003914735875
-64.9164916491649251 91.0342836261038144
-64.8964896489648879 83.1022894579783440
-64.8764876487648792 102.1169441081878801
-64.8564856485648562 108.7066475076372143
-64.8364836483648332 109.7100322336489171
-64.8164816481648245 74.0012120143221352
-64.7964796479647873 76.8253420759335199
-64.7764776477647786 107.9376013547242934
-64.7564756475647556 89.2433845713126743
-64.7364736473647326 98.5967679030565307
-64.7164716471647239 87.7245941633533874
-64.6964696469646867 105.4427967376888944
-64.6764676467646780 105.1781076165289051
-64.6564656465646550 58.6608768056278436
-64.6364636463646320 102.0444598132367702
-64.6164616461646233 106.0589512193970023
-64.5964596459645861 107.3776951136745055
-64.5764576457645774 131.2092951344228311
-64.5564556455645544 91.0559643658739901
-64.5364536453645314 99.6913911508228239
-64.5164516451645227 84.6484117963921534
-64.4964496449644855 99.6577513881533008
-64.4764476447644768 101.9625712972462850
-64.4564456445644538 111.3948940368797764
-64.4364436443644308 111.6315626667739878
-64.4164416441644221 88.7373985399671312
-64.3964396439643849 81.3020302533039541
-64.3764376437643762 93.1184522789384204
-64.3564356435643532 89.5181408395319096
-64.3364336433643302 86.8739193102811811
-64.3164316431643215 85.5260698257180820
-64.2964296429642843 99.6194627861161450
-64.2764276427642756 60.0926670148896491
-64.2564256425642526 105.7225399744137917
-64.2364236423642296 109.3983996470045525
-64.2164216421642209 98.3709345525110450
-64.1964196419641979 105.4509224749545382
-64.1764176417641750 120.3006515494945461
-64.1564156415641520 112.3726086425257620
-64.1364136413641290 100.0469003233965850
-64.1164116411641203 70.0637116843486325
-64.0964096409640973 98.2092278648030970
-64.0764076407640744 110.8832821060494496
-64.0564056405640514 116.1110689475754896
-64.0364036403640284 114.2894153762901794
-64.0164016401640197 87.0327457255081356
-63.9963996399639967 98.8696801490383876
-63.9763976397639738 88.7964503563210457
-63.9563956395639579 103.0783067095097749
-63.9363936393639349 89.0645717646842456
-63.9163916391639120 73.9689943183490328
-63.8963896389638961 94.8969765462356918
-63.8763876387638732 95.3147448373956507
-63.8563856385638573 128.1495815411194599
-63.8363836383638343 105.3813804243531678
-63.8163816381638114 84.4285481461138545
-63.7963796379637955 99.5785352523143672
-63.7763776377637726 82.0098057388403561
-63.7563756375637567 77.9253973395003499
-63.7363736373637337 79.5074899536911914
-63.7163716371637179 117.9763552107891513
-63.6963696369636949 108.7519378693533980
-63.6763676367636720 95.9794214174282985
-63.6563656365636561 113.0730347192521918
-63.6363636363636331 99.3332414862421729
-63.6163616361636173 82.8917194991586825
-63.5963596359635943 75.1202450654256637
-63.5763576357635714 103.6684760276302200
-63.5563556355635555 121.3701272733659096
-63.5363536353635325 105.8342906852439427
-63.5163516351635167 82.0903760921728463
-63.4963496349634937 105.4047751920339948
-63.4763476347634779 82.5325542127153824
-63.4563456345634549 95.6223479187365513
-63.4363436343634319 76.2831252353533102
-63.4163416341634161 76.0311383630332642
-63.3963396339633931 85.9605581788029554
-63.3763376337633773 89.3629486596458094
-63.3563356335633543 96.0181302476949696
-63.3363336333633313 97.1845817318397422
-63.3163316331633155 100.9736174259013239
-63.2963296329632925 88.1798139101451710
-63.2763276327632767 86.8448882769238253
-63.2563256325632537 85.7817209607156030
-63.2363236323632378 87.9955844959432909
-63.2163216321632149 104.6795558287422381
-63.1963196319631919 101.1134357208742074
-63.1763176317631761 78.3713920242296638
-63.1563156315631531 98.2323584884220935
-63.1363136313631372 80.4764767677080641
-63.1163116311631143 104.9882818447271973
-63.0963096309630913 96.9627490491386368
-63.0763076307630755 84.7720133565845231
-63.0563056305630525 86.6041321720021813
-63.0363036303630366 104.3217117336128013
-63.0163016301630137 100.4093894523887656
-62.9962996299629978 92.4819165332296933
-62.9762976297629749 79.0437820384969996
-62.9562956295629519 84.8189124599699653
-62.9362936293629360 122.4005397396769865
-62.9162916291629131 92.2670808546550774
-62.8962896289628972 90.1144827519613614
-62.8762876287628742 63.9382930636961646
-62.8562856285628513 67.4443271469052661
-62.8362836283628354 76.2711961430925243
-62.8162816281628125 96.7162927890660029
-62.7962796279627966 66.4604718101608682
-62.7762776277627736 107.8059781812774531
-62.7562756275627578 87.7673162507364424
-62.7362736273627348 80.6652932297375003
-62.7162716271627119 82.6444908151721620
-62.6962696269626960 111.7951480676046003
-62.6762676267626730 108.2819534553786980
-62.6562656265626572 95.3873882189033679
-62.6362636263626342 100.3005310003453019
-62.6162616261626113 101.1010285922240257
-62.5962596259625954 103.7780331548486572
-62.5762576257625724 90.9468198526844702
-62.5562556255625566 66.8434113652031670
-62.5362536253625336 95.6494494827779107
-62.5162516251625178 105.1127111716239284
-62.4962496249624948 94.1022512667768751
-62.4762476247624718 110.1958629280518664
-62.4562456245624560 83.6502806777155001
-62.4362436243624330 97.8196991214148994
-62.4162416241624172 75.0239970436939814
-62.3962396239623942 96.9488391055447067
-62.3762376237623712 92.0785686477542669
-62.3562356235623554 72.3527282258620517
-62.3362336233623324 67.0038329880797932
-62.3162316231623166 73.4639966219307183
-62.2962296229622936 108.0632637656044039
-62.2762276227622777 80.8590182849119685
-62.2562256225622548 73.6602206173469227
-62.2362236223622318 91.4725987876130517
-62.2162216221622160 99.6197635453836483
-62.1962196219621930 50.5759699064002888
-62.1762176217621771 92.9354899443090972
-62.1562156215621542 88.1008450712426594
-62.1362136213621312 104.6131354838052232
-62.1162116211621154 96.6832847669175095
-62.0962096209620924 74.4028174641901927
-62.0762076207620765 93.0589452910299997
-62.0562056205620536 105.8769865487549140
-62.0362036203620377 71.4742283646918395
-62.0162016201620148 68.7031353737792472
-61.9961996199619918 60.9523306583407987
-61.9761976197619759 97.5851841656963188
-61.9561956195619530 69.6178525930495056
-61.9361936193619371 83.7905324816661903
-61.9161916191619142 100.2171971537800630
-61.8961896189618912 79.9476101049031627
-61.8761876187618753 81.2539872179926022
-61.8561856185618524 121.1360296674613721
-61.8361836183618365 85.3049767211258683
-61.8161816181618136 110.6761047813679113
-61.7961796179617977 110.3343610063461284
-61.7761776177617747 79.2435545543240494
-61.7561756175617518 83.1808014679153729
-61.7361736173617359 91.0482935990418270
-61.7161716171617130 106.7580240907614098
-61.6961696169616971 69.6234973057434985
-61.6761676167616741 90.0922746955544369
-61.6561656165616512 89.1016449733585603
-61.6361636163616353 101.1467369063231416
-61.6161616161616124 73.1241410888335679
-61.5961596159615965 97.9295529693166174
-61.5761576157615735 72.1695277919709213
-61.5561556155615577 92.2593174895847881
-61.5361536153615347 120.1452299469414697
-61.5161516151615118 90.0044115146066446
-61.4961496149614959 85.7000355890970269
-61.4761476147614729 87.3628745164311056
-61.4561456145614571 101.0177067139107407
-61.4361436143614341 73.1848333357846599
-61.4161416141614112 104.6822682576467827
-61.3961396139613953 84.8592141994835174
-61.3761376137613723 92.1775889448272068
-61.3561356135613565 101.0759196460366525
-61.3361336133613335 97.7836753417046651
-61.3161316131613177 80.7907382767701989
-61.2961296129612947 87.4155763271556481
-61.2761276127612717 99.4781068075514412
-61.2561256125612559 102.6052557689327784
-61.2361236123612329 84.9128218323422885
-61.2161216121612171 97.9462356504920706
-61.1961196119611941 93.3615253520200810
-61.1761176117611711 119.5708068366158727
-61.1561156115611553 109.7674907003731022
-61.1361136113611323 100.0330175325577216
-61.1161116111611165 100.7795633249547791
-61.0961096109610935 91.3367873257771379
-61.0761076107610776 97.4907653193214969
-61.0561056105610547 74.0904693522169140
-61.0361036103610317 108.7703535169934526
-61.0161016101610159 98.4987342103298005
-60.9960996099609929 93.3554676045963703
-60.9760976097609770 83.1892571119280433
-60.9560956095609541 100.5273920098507148
-60.9360936093609311 127.8268991316313361
-60.9160916091609153 88.1145917597906703
-60.8960896089608923 97.4952902758771387
-60.8760876087608764 105.0201413729452042
-60.8560856085608535 110.5990682561251788
-60.8360836083608376 98.3517544073896772
-60.8160816081608147 84.3681497170888122
-60.7960796079607917 83.7691010757629613
-60.7760776077607758 73.1387653939633253
-60.7560756075607529 77.9825124566407624
-60.7360736073607370 99.1085342262555429
-60.7160716071607141 79.9261588558415212
-60.6960696069606911 100.5450119386699299
-60.6760676067606752 89.0707333408817306
-60.6560656065606523 111.1395975242950556
-60.6360636063606364 87.2648865446464441
-60.6160616061606135 96.9182834918078129
-60.5960596059605976 77.8594073862937819
-60.5760576057605746 108.2733236530250736
-60.5560556055605517 109.3829765730841359
-60.5360536053605358 99.4900811959913369
-60.5160516051605128 104.1075988311773415
-60.4960496049604970 78.8404887367847493
-60.4760476047604740 85.2675073087596900
-60.4560456045604511 70.1401433634085549
-60.4360436043604352 106.4270325880061279
-60.4160416041604122 93.8293063130810197
-60.3960396039603964 76.7112761668450389
-60.3760376037603734 85.6846866282063075
-60.3560356035603576 55.4485765288310830
-60.3360336033603346 80.5188132501059641
-60.3160316031603116 112.8895407390446053
-60.2960296029602958 92.5313983267599838
-60.2760276027602728 94.9994543781344589
-60.2560256025602570 96.3518251089163726
-60.2360236023602340 67.9226799356449646
-60.2160216021602110 94.5486442185598861
-60.1960196019601952 82.8724721946112766
-60.1760176017601722 94.9257912614586417
-60.1560156015601564 98.3793783408852818
-60.1360136013601334 113.3807793361467020
-60.1160116011601176 92.2421437431393372
-60.0960096009600946 53.3693772013532879
-60.0760076007600716 92.5619223433140803
-60.0560056005600558 71.6354461661153294
-60.0360036003600328 95.7653244869341052
-60.0160016001600169 105.9000486328196615
-59.9959995999599940 95.5625579104474099
-59.9759975997599710 113.3077902066595328
-59.9559955995599552 113.9096905270231446
-59.9359935993599322 109.7936953963382791
-59.9159915991599163 88.7028559083804851
-59.8959895989598934 100.0216287066447620
-59.8759875987598775 85.5217693545398987
-59.8559855985598546 95.8186968279411388
-59.8359835983598316 91.1859095211031558
-59.8159815981598157 95.8206228983524824
-59.7959795979597928 84.7931219638013403
-59.7759775977597769 80.2545718077346066
-59.7559755975597540 91.5538024526731533
-59.7359735973597310 69.9904189155577257
-59.7159715971597151 112.9330271681205318
-59.6959695969596922 86.9584799024371193
-59.6759675967596763 103.3354495954870629
-59.6559655965596534 94.8528657650909111
-59.6359635963596375 119.6276496962052676
-59.6159615961596145 87.9286230565481901
-59.5959595959595916 88.5326583951019614
-59.5759575957595757 85.1257082033789487
-59.5559555955595528 99.7466169591141352
-59.5359535953595369 93.6535567562027893
-59.5159515951595139 87.8573644663486562
-59.4959495949594910 81.6440881267044745
-59.4759475947594751 91.8937747659154098
-59.4559455945594522 104.3852049580005854
-59.4359435943594363 91.8284135848041387
-59.4159415941594133 99.4816322406488780
-59.3959395939593975 103.5148193578460649
-59.3759375937593745 90.3555881536651810
-59.3559355935593516 110.2915562744737770
-59.3359335933593357 99.4479092209890041
-59.3159315931593127 105.6846421353431538
-59.2959295929592969 66.7130646964266845
-59.2759275927592739 119.4715393914465551
-59.2559255925592510 92.9420053342856818
-59.2359235923592351 78.4429377657362465
-59.2159215921592121 105.4355269886612803
-59.1959195919591963 73.5926949295402011
-59.1759175917591733 74.6322195886801296
-59.1559155915591575 105.4880826275801695
-59.1359135913591345 87.3020497712318075
-59.1159115911591115 78.0396320415887033
-59.0959095909590957 79.8135448693416691
-59.0759075907590727 87.9036171010700542
-59.0559055905590569 81.9278829091108491
-59.0359035903590339 79.4305047262919288
-59.0159015901590109 109.0184044787340270
-58.9958995899589951 80.7097680878047754
-58.9758975897589721 91.6118386879833366
-58.9558955895589563 99.9766386844439694
-58.9358935893589333 106.9624663339488535
-58.9158915891589103 104.0760383092991219
-58.8958895889588945 101.6379483346852055
-58.8758875887588715 96.4281143078851102
-58.8558855885588557 102.4463578060937152
-58.8358835883588327 70.0141815075530047
-58.8158815881588168 74.2041147829737184
-58.7958795879587939 88.7413636429456574
-58.7758775877587709 89.8013265195161381
-58.7558755875587551 94.3717266467221094
-58.7358735873587321 60.1702531448765967
-58.7158715871587162 92.5391866933378395
-58.6958695869586933 87.2384468534970381
-58.6758675867586703 93.1160003418352176
-58.6558655865586545 105.9738941008395301
-58.6358635863586315 92.5178530098938978
-58.6158615861586156 101.1664023894494306
-58.5958595859585927 91.1934085208081910
-58.5758575857585768 73.7476658823539850
-58.5558555855585539 87.6539238557038090
-58.5358535853585309 82.5197239015881081
-58.5158515851585150 99.6839116908971619
-58.4958495849584921 110.2284152667404840
-58.4758475847584762 94.9387629749551820
-58.4558455845584533 72.3752783538927957
-58.4358435843584303 92.8191176543971892
-58.4158415841584144 86.9718079003280735
-58.3958395839583915 86.0010465615682733
-58.3758375837583756 104.8963365435868269
-58.3558355835583527 83.3316176591097673
-58.3358335833583368 106.3366660002574662
-58.3158315831583138 115.5742904242705009
-58.2958295829582909 106.9010321947359188
-58.2758275827582750 103.5621180273867026
-58.2558255825582521 109.3659657643297010
-58.2358235823582362 106.4568810675272346
-58.2158215821582132 77.3151481733641646
-58.1958195819581903 94.4493209092823065
-58.1758175817581744 84.4710782926611614
-58.1558155815581515 94.2376545447204563
-58.1358135813581356 105.3628430461583889
-58.1158115811581126 109.1804108947134040
-58.0958095809580968 88.0713630863902068
-58.0758075807580738 100.7830971517885672
-58.0558055805580508 88.7091187977430167
-58.0358035803580350 95.3885159899478907
-58.0158015801580120 69.8976750932057342
-57.9957995799579962 119.0771240194314089
-57.9757975797579732 93.3629034240306765
-57.9557955795579502 81.5049440557351375
-57.9357935793579344 93.6045456742390911
-57.9157915791579114 71.8407589864624896
-57.8957895789578956 98.7290951344131429
-57.8757875787578726 113.3192294080615881
-57.8557855785578568 102.8007463976862113
-57.8357835783578338 68.6839752050825894
-57.8157815781578108 72.2619231615032902
-57.7957795779577950 87.9222374680488770
-57.7757775777577720 71.7663115177445405
-57.7557755775577562 92.9840436900421565
-57.7357735773577332 111.3588573123071512
-57.7157715771577102 81.2995662964501378
-57.6957695769576944 79.7986840825336117
-57.6757675767576714 85.8681736169629346
-57.6557655765576555 76.1857098787771463
-57.6357635763576326 108.6737989855858046
-57.6157615761576167 95.6152339397902722
-57.5957595759575938 89.1276344373187044
-57.5757575757575708 81.8359017373525433
-57.5557555755575549 90.4778180629230206
-57.5357535753575320 85.6797685273765381
-57.5157515751575161 84.2431782224230261
-57.4957495749574932 106.4094218828564351
-57.4757475747574702 108.5789087995592155
-57.4557455745574543 107.2516718579591100
-57.4357435743574314 69.2726340297089109
-57.4157415741574155 79.5423456552705943
-57.3957395739573926 91.0089042125888170
-57.3757375737573767 68.3936788625277217
-57.3557355735573537 93.6583829407231008
-57.3357335733573308 85.9918857951279421
-57.3157315731573149 107.6552810008937087
-57.2957295729572920 95.2646793104251941
-57.2757275727572761 102.5975051770497686
-57.2557255725572531 105.5049005825088102
-57.2357235723572302 94.3104869966374508
-57.2157215721572143 89.9001611520009050
-57.1957195719571914 96.4538538620160608
-57.1757175717571755 65.4822100220936392
-57.1557155715571525 69.0089063486687309
-57.1357135713571367 96.5867037911667978
-57.1157115711571137 91.7899384274035697
-57.0957095709570908 91.2890082033103312
-57.0757075707570749 98.5496406008915500
-57.0557055705570519 79.4358733302353528
-57.0357035703570361 100.9063426434896371
-57.0157015701570131 98.0692196346599161
-56.9956995699569902 80.1988609694980283
-56.9756975697569743 121.9974355273553499
-56.9556955695569513 86.8739597183033680
-56.9356935693569355 95.6367763955012578
-56.9156915691569125 98.1397240540971865
-56.8956895689568967 85.1760267687286046
-56.8756875687568737 83.9495231907144586
-56.8556855685568507 100.6228875721316172
-56.8356835683568349 108.7937517939058267
-56.8156815681568119 82.4941552196833356
-56.7956795679567961 79.7931447328083152
-56.7756775677567731 77.1037242928007771
-56.7556755675567501 85.3758915319760092
-56.7356735673567343 60.8663126691542828
-56.7156715671567113 116.8473371935811116
-56.6956695669566955 97.9658608771269570
-56.6756675667566725 112.5648612233856056
-56.6556655665566566 75.7302229408678471
-56.6356635663566337 84.6132712888762910
-56.6156615661566107 88.1811473931679757
-56.5956595659565949 64.1878882089727938
-56.5756575657565719 111.1042497590869971
-56.5556555655565560 87.8422154929177452
-56.5356535653565331 73.2563976161258807
-56.5156515651565101 85.6038809592345444
-56.4956495649564943 90.0161571493513435
-56.4756475647564713 77.1266090981275738
-56.4556455645564554 86.9719944580130004
-56.4356435643564325 88.5436859149512117
-56.4156415641564166 78.3035106749951098
-56.3956395639563937 78.0339533504883462
-56.3756375637563707 82.1947509632237256
-56.3556355635563548 78.6120087069737821
-56.3356335633563319 99.7584367039042093
-56.3156315631563160 121.4985270719381418
-56.2956295629562931 101.6045831944106226
-56.2756275627562701 109.7919508817532943
-56.2556255625562542 85.2337443836931357
-56.2356235623562313 67.4281568591356972
-56.2156215621562154 108.1755239954981249
-56.1956195619561925 93.5356814039157456
-56.1756175617561766 82.7088914615599720
-56.1556155615561536 101.1955922852205987
-56.1356135613561307 110.4569650801923189
-56.1156115611561148 86.1221146003545215
-56.0956095609560919 52.6749159682397519
-56.0756075607560760 79.8051278377157871
-56.0556055605560530 114.6111643130118836
-56.0356035603560301 84.2492502527398983
-56.0156015601560142 96.0072293945132600
-55.9955995599559913 91.3394529271366054
-55.9755975597559754 105.3050241856237932
-55.9555955595559524 91.3310478841420519
-55.9355935593559366 105.3014685004986148
-55.9155915591559136 98.2267544686013281
-55.8955895589558907 107.2097328865105794
-55.8755875587558748 106.4308993508496854
-55.8555855585558518 77.4329544264743816
-55.8355835583558360 84.2775410146343660
-55.8155815581558130 102.1303701908346540
-55.7955795579557901 81.3754024322331304
-55.7755775577557742 80.6210308540148333
-55.7555755575557512 96.5434263281995726
-55.7355735573557354 101.2632686780431470
-55.7155715571557124 97.3219559440774304
-55.6955695569556966 71.6488152237639895
-55.6755675567556736 76.7870540235584969
-55.6555655565556506 90.5877096668600359
-55.6355635563556348 94.6734120525704554
-55.6155615561556118 93.6801457078876894
-55.5955595559555960 107.1652487740529125
-55.5755575557555730 105.9764585383667566
-55.5555555555555500 98.5075143909721049
-55.5355535553555342 88.9040754069149983
-55.5155515551555112 73.0585377051093587
-55.4955495549554954 96.3527598114770853
-55.4755475547554724 93.7418470597677072
-55.4555455545554565 68.4150442555412326
-55.4355435543554336 109.0768017902413760
-55.4155415541554106 89.1733662094417809
-55.3955395539553948 87.9887667455639217
-55.3755375537553718 106.4796225535372969
-55.3555355535553559 63.2289982880942603
-55.3355335533553330 130.3002016477275902
-55.3155315531553100 77.3950097293286063
-55.2955295529552942 90.9077650119028959
-55.2755275527552712 94.7222094448203933
-55.2555255525552553 98.1835607396145349
-55.2355235523552324 100.8098911605794257
-55.2155215521552165 85.1613714603959409
-55.1955195519551935 77.2271597785206438
-55.1755175517551706 99.8816779474180976
-55.1555155515551547 93.9878294837177464
-55.1355135513551318 77.5441278007366179
-55.1155115511551159 94.5664981151847002
-55.0955095509550929 88.1637485992195167
-55.0755075507550700 67.7967812001175503
-55.0555055505550541 98.3409653542569515
-55.0355035503550312 84.3865139007342577
-55.0155015501550153 91.0352586414334155
-54.9954995499549923 98.2186549073495314
-54.9754975497549765 84.2939052170775796
-54.9554955495549535 101.8977134852823667
-54.9354935493549306 83.5238765359728319
-54.9154915491549147 81.5140268674244339
-54.8954895489548917 66.6325993266380294
-54.8754875487548759 97.3461114033175789
-54.8554855485548529 94.3727265486359670
-54.8354835483548300 104.1224480145892244
-54.8154815481548141 84.2733239463638029
-54.7954795479547911 84.1652752409695495
-54.7754775477547753 86.5918273123256057
-54.7554755475547523 82.1258252199815644
-54.7354735473547365 107.1663411690276888
-54.7154715471547135 92.9369086038640972
-54.6954695469546905 109.8974861300086303
-54.6754675467546747 92.9168007602821149
-54.6554655465546517 91.1548920869803680
-54.6354635463546359 95.0665696216024259
-54.6154615461546129 101.0271179441934493
-54.5954595459545899 92.2479631514929252
-54.5754575457545741 78.0893566342358270
-54.5554555455545511 104.2952945033243850
-54.5354535453545353 62.9944119538580409
-54.5154515451545123 111.5985662260598303
-54.4954495449544964 94.6760755686387512
-54.4754475447544735 86.6156788565586737
-54.4554455445544505 104.4897621963755228
-54.4354435443544347 104.6133413246916604
-54.4154415441544117 85.3567810905201725
-54.3954395439543958 79.0187524810633732
-54.3754375437543729 84.7255169308806586
-54.3554355435543499 110.0825818817748285
-54.3354335433543341 94.6163727007091637
-54.3154315431543111 98.2503861445686084
-54.2954295429542952 103.3166120294242774
-54.2754275427542723 88.3091725524346742
-54.2554255425542564 78.4059716335599859
-54.2354235423542335 87.2352505444372355
-54.2154215421542105 81.1518228946683422
-54.1954195419541946 112.8596306984733530
-54.1754175417541717 92.6328537391714377
-54.1554155415541558 95.0209921181882891
-54.1354135413541329 89.1938502935188495
-54.1154115411541099 80.8689436992083444
-54.0954095409540940 93.2302704461919660
-54.0754075407540711 94.0314792641541857
-54.0554055405540552 94.0289823302922798
-54.0354035403540323 91.6355481342645248
-54.0154015401540164 95.2836631889593235
-53.9953995399539934 71.8622992511818524
-53.9753975397539705 79.5801693507805794
-53.9553955395539546 78.1107381900942954
-53.9353935393539317 78.3372954028937158
-53.9153915391539158 103.6618156602596059
-53.8953895389538928 74.1123412744292409
-53.8753875387538699 96.0932962443302188
-53.8553855385538540 94.2640808112085153
-53.8353835383538311 90.8335533298174482
-53.8153815381538152 95.1909643916862080
-53.7953795379537922 86.9883269376731363
-53.7753775377537764 94.4259133743167069
-53.7553755375537534 72.6743563255267873
-53.7353735373537305 96.9229006755279983
-53.7153715371537146 86.9003064135663408
-53.6953695369536916 95.9701825631342302
-53.6753675367536758 107.2347025450437883
-53.6553655365536528 107.9895731804185459
-53.6353635363536299 97.1323017269670856
-53.6153615361536140 94.1379206768874184
-53.5953595359535910 107.9417539357519189
-53.5753575357535752 100.6828088387674427
-53.5553555355535522 93.4608554201757471
-53.5353535353535364 88.1948645594209069
-53.5153515351535134 76.1437134838809300
-53.4953495349534904 65.5929515897237678
-53.4753475347534746 101.5430461990111866
-53.4553455345534516 87.3784656022859139
-53.4353435343534358 90.2210675007040521
-53.4153415341534128 108.3247854166771447
-53.3953395339533898 103.4261797813137491
-53.3753375337533740 88.6587214264077090
-53.3553355335533510 111.6553374706742545
-53.3353335333533352 100.1120012298212885
-53.3153315331533122 105.9007739816293849
-53.2953295329532963 95.3475032553126027
-53.2753275327532734 58.9633526765210476
-53.2553255325532504 98.1093160922490171
-53.2353235323532346 111.7189661188172636
-53.2153215321532116 67.1962035229058188
-53.1953195319531957 87.9697829721428803
-53.1753175317531728 82.6661684222650308
-53.1553155315531498 88.8277584472873798
-53.1353135313531340 85.9257004133483662
-53.1153115311531110 84.3442122485293169
-53.0953095309530951 94.5236723300186270
-53.0753075307530722 96.5373172275040190
-53.0553055305530563 95.3794831580944305
-53.0353035303530334 102.7742031548522590
-53.0153015301530104 84.0222862938795743
-52.9952995299529945 109.4653375252429583
-52.9752975297529716 97.9378225555046242
-52.9552955295529557 84.6469079953506025
-52.9352935293529328 89.8663788856979551
-52.9152915291529098 63.9763979964123735
-52.8952895289528939 105.2965851263669776
-52.8752875287528710 91.1841026968169928
-52.8552855285528551 83.2926052291035433
-52.8352835283528321 89.9550918488901914
-52.8152815281528163 65.7364189723018910
-52.7952795279527933 68.1563172711460368
-52.7752775277527704 95.2593787016578091
-52.7552755275527545 57.1463788940786017
-52.7352735273527315 84.7754306476942077
-52.7152715271527157 77.7450842650212195
-52.6952695269526927 108.5744445951123538
-52.6752675267526698 110.1408634094108123
-52.6552655265526539 103.1631344729013335
-52.6352635263526309 76.7032737981724893
-52.6152615261526151 87.2006346249296627
-52.5952595259525921 103.0290363917829524
-52.5752575257525763 94.0618638979835140
-52.5552555255525533 102.8343704052220460
-52.5352535253525303 80.8808627060214320
-52.5152515251525145 102.1531867157494844
-52.4952495249524915 71.4586919866214458
-52.4752475247524757 74.2733427952464353
-52.4552455245524527 93.0436605535556822
-52.4352435243524297 99.6441304151927199
-52.4152415241524139 105.0747205010010958
-52.3952395239523909 86.9680084429418514
-52.3752375237523751 76.3310799828585971
-52.3552355235523521 108.0701191076315979
-52.3352335233523362 78.5357890103436773
-52.3152315231523133 95.9735776076780098
-52.2952295229522903 89.7295962559735614
-52.2752275227522745 93.4648390505455779
-52.2552255225522515 69.9828080562655828
-52.2352235223522356 76.6200039657962151
-52.2152215221522127 91.0359170351606650
-52.1952195219521897 91.2378110859068130
-52.1752175217521739 76.5972203474147619
-52.1552155215521509 114.1662277102179530
-52.1352135213521350 78.0692466908849951
-52.1152115211521121 99.8652778615867192
-52.0952095209520962 94.7673617956276075
-52.0752075207520733 101.3794305783159473
-52.0552055205520503 82.7930069472884895
-52.0352035203520344 86.2008381032280937
-52.0152015201520115 89.4462514901287733
-51.9951995199519956 114.5265184521372106
-51.9751975197519727 101.4805887526372317
-51.9551955195519497 96.0357161268505166
-51.9351935193519338 75.4116280903712521
-51.9151915191519109 86.2961075540903266
-51.8951895189518950 107.6409736820151579
-51.8751875187518721 93.6946480461368196
-51.8551855185518562 120.6573583535407295
-51.8351835183518332 78.1095485449748992
-51.8151815181518103 93.1466993189871602
-51.7951795179517944 82.1329044089739853
-51.7751775177517715 72.4203394920876775
-51.7551755175517556 83.4284449509813442
-51.7351735173517326 99.3798873284922308
-51.7151715171517097 77.6235790861160950
-51.6951695169516938 85.0846300832507296
-51.6751675167516709 88.6960882921189437
-51.6551655165516550 106.9686297687112386
-51.6351635163516320 93.4619922728831227
-51.6151615161516162 101.2120265287463070
-51.5951595159515932 97.3406134355482493
-51.5751575157515703 101.7708393195601388
-51.5551555155515544 135.1923908954826743
-51.5351535153515314 82.3929708666237843
-51.5151515151515156 119.9788068474844636
-51.4951495149514926 119.0362044992086368
-51.4751475147514697 77.5099971548802813
-51.4551455145514538 94.6004946297592682
-51.4351435143514308 103.2276215992902735
-51.4151415141514150 98.1104257722735724
-51.3951395139513920 86.5874007631783229
-51.3751375137513762 75.5209335326433120
-51.3551355135513532 97.3540860471337055
-51.3351335133513302 73.8282935814411729
-51.3151315131513144 79.8034384254859503
-51.2951295129512914 121.2931004055748900
-51.2751275127512756 112.8201900795446306
-51.2551255125512526 112.2811948104509412
-51.2351235123512296 88.9313772803348712
-51.2151215121512138 80.8209423525562300
-51.1951195119511908 95.3239081291854689
-51.1751175117511750 93.7719521226702000
-51.1551155115511520 108.0612126207082468
-51.1351135113511361 112.0822329317951471
-51.1151115111511132 119.6275849874590307
-51.0951095109510902 68.9068428200449574
-51.0751075107510744 82.4805602168152490
-51.0551055105510514 128.3601453828213153
-51.0351035103510355 93.1185451613142874
-51.0151015101510126 102.8147549621084522
-50.9950995099509896 82.8934804514167212
-50.9750975097509738 90.7445747729419452
-50.9550955095509508 83.0276272554472285
-50.9350935093509349 82.3338892013956780
-50.9150915091509120 76.1770957563025775
-50.8950895089508961 92.0870139447249443
-50.8750875087508732 80.8570115310809001
-50.8550855085508502 92.3330707851151828
-50.8350835083508343 83.6631693924011017
-50.8150815081508114 86.2189622770098367
-50.7950795079507955 114.9712113797315141
-50.7750775077507726 77.3712026477628854
-50.7550755075507496 106.3286845685267537
-50.7350735073507337 120.2130340140582803
-50.7150715071507108 118.2814722556842355
-50.6950695069506949 78.4389918300194040
-50.6750675067506720 104.1934007936257274
-50.6550655065506561 95.8515759492259320
-50.6350635063506331 129.6868687332537036
-50.6150615061506102 84.7138108318267768
-50.5950595059505943 109.8399236781149000
-50.5750575057505714 73.9630674799567345
-50.5550555055505555 93.0904710293551432
-50.5350535053505325 86.0418840933780160
-50.5150515051505096 99.5380320807630738
-50.4950495049504937 97.1143169741472434
-50.4750475047504708 57.8132419333406702
-50.4550455045504549 113.9856734196317092
-50.4350435043504319 101.5008138496252315
-50.4150415041504161 106.9120956626454984
-50.3950395039503931 86.3631199469082560
-50.3750375037503701 123.9713433667841969
-50.3550355035503543 81.6356089432772620
-50.3350335033503313 96.9687151457898722
-50.3150315031503155 71.6774101107713477
-50.2950295029502925 65.9548346951101507
-50.2750275027502695 88.5591713232608555
-50.2550255025502537 87.1754477023165890
-50.2350235023502307 87.3843173589731776
-50.2150215021502149 91.3776331823306975
-50.1950195019501919 84.6423851004186929
-50.1750175017501761 107.1666874601046970
-50.1550155015501531 107.2660171586961582
-50.1350135013501301 97.3202813025754097
-50.1150115011501143 101.5347930772185663
-50.0950095009500913 99.3892933959510145
-50.0750075007500755 79.0610391396167387
-50.0550055005500525 95.9273595636363723
-50.0350035003500295 93.5020470683672755
-50.0150015001500137 123.8592999902408849
-49.9949994999499907 97.5079486965017139
-49.9749974997499748 79.5235784515520834
-49.9549954995499519 87.5285077760213426
-49.9349934993499360 107.3236710405816154
-49.9149914991499131 92.4449725519192071
-49.8949894989498901 102.7531958485522523
-49.8749874987498742 91.3020669534587910
-49.8549854985498513 87.0901642100309346
-49.8349834983498354 93.8584551703121690
-49.8149814981498125 86.4635647072357756
-49.7949794979497895 103.5140463851187036
-49.7749774977497736 96.0260890412485963
-49.7549754975497507 85.8782920757926291
-49.7349734973497348 79.5665484813037125
-49.7149714971497119 84.8438725035215384
-49.6949694969496960 77.6015668253737232
-49.6749674967496730 105.7434354369665215
-49.6549654965496501 96.2812245732859395
-49.6349634963496342 85.5841382242609399
-49.6149614961496113 96.7361397004740127
-49.5949594959495954 82.1127789101050496
-49.5749574957495724 89.7232683879359598
-49.5549554955495495 105.6173056470655069
-49.5349534953495336 120.5694353184401564
-49.5149514951495107 112.8535689767636256
-49.4949494949494948 103.5291346554250680
-49.4749474947494718 70.8519297684349851
-49.4549454945494560 100.9587576044804109
-49.4349434943494330 52.3777794273839561
-49.4149414941494101 72.3231045491741042
-49.3949394939493942 70.8774223030024189
-49.3749374937493712 94.2061800142462005
-49.3549354935493554 104.3847768172609989
-49.3349334933493324 95.1808745832803567
-49.3149314931493095 92.9913631723740366
-49.2949294929492936 93.4260474020805134
-49.2749274927492706 89.7689472090847431
-49.2549254925492548 111.7864394792866136
-49.2349234923492318 69.4676569981384944
-49.2149214921492160 74.3297815114023592
-49.1949194919491930 84.0138525476347269
-49.1749174917491700 115.9430079953436064
-49.1549154915491542 86.2730120996700265
-49.1349134913491312 88.6231834224523141
-49.1149114911491154 103.1610860323223164
-49.0949094909490924 78.6777753417561456
-49.0749074907490694 81.7126214744565402
-49.0549054905490536 82.5701281993469394
-49.0349034903490306 104.9876365285905422
-49.0149014901490148 92.5837602258369969
-48.9948994899489918 79.8778485816274326
-48.9748974897489759 68.4745758804094464
-48.9548954895489530 112.1527502374972869
-48.9348934893489300 119.1324954199336048
-48.9148914891489142 108.7566188874835547
-48.8948894889488912 88.6630488705671951
-48.8748874887488753 77.1544155134146195
-48.8548854885488524 94.2437514462305330
-48.8348834883488294 92.2854628320426968
-48.8148814881488136 70.1552591601526387
-48.7948794879487906 93.3551328251742092
-48.7748774877487747 108.7062100190279352
-48.7548754875487518 74.5896191694276638
-48.7348734873487288 71.5716380722027026
-48.7148714871487130 117.0978558176522313
-48.6948694869486900 97.6589471806439349
-48.6748674867486741 68.0219705370459735
-48.6548654865486512 93.0673249984381243
-48.6348634863486353 98.9420428456927397
-48.6148614861486124 100.6478433261146108
-48.5948594859485894 109.8478303466766590
-48.5748574857485735 71.5965619004472558
-48.5548554855485506 98.1206677209668925
-48.5348534853485347 81.8938563757029954
-48.5148514851485118 90.6032284568100721
-48.4948494849484888 88.0633471294841854
-48.4748474847484729 74.1437775737926330
-48.4548454845484500 87.0990670658713668
-48.4348434843484341 109.5509163323735180
-48.4148414841484112 92.1529144370929743
-48.3948394839483953 82.8710938215576647
-48.3748374837483723 79.3942212139412931
-48.3548354835483494 91.4336858945824957
-48.3348334833483335 94.2696400130795524
-48.3148314831483106 116.1593781044218616
-48.2948294829482947 112.7662843059303981
-48.2748274827482717 101.4763705725971477
-48.2548254825482488 83.4480329416369244
-48.2348234823482329 125.3636370476174164
-48.2148214821482100 77.7757619026213689
-48.1948194819481941 102.8232976147453002
-48.1748174817481711 109.3274298451968889
-48.1548154815481553 103.7573296418233184
-48.1348134813481323 93.0259370063708673
-48.1148114811481094 94.5127264314315028
-48.0948094809480935 102.6459120848272022
-48.0748074807480705 86.5989826342867843
-48.0548054805480547 89.0901639434091521
-48.0348034803480317 70.8133900445264430
-48.0148014801480087 106.2142122028091649
-47.9947994799479929 86.1265663839610482
-47.9747974797479699 102.1152573668553600
-47.9547954795479541 93.6537774583485572
-47.9347934793479311 83.9336768750726208
-47.9147914791479153 106.1519320992400139
-47.8947894789478923 80.5766093046664622
-47.8747874787478693 102.9924794270340698
-47.8547854785478535 98.4745260842874472
-47.8347834783478305 97.8768789571185209
-47.8147814781478147 80.8468508577188345
-47.7947794779477917 98.2514874869236081
-47.7747774777477687 95.6918594518362795
-47.7547754775477529 85.4316305293530007
-47.7347734773477299 96.8000019539554444
-47.7147714771477141 81.2505136219619573
-47.6947694769476911 115.2540860293673859
-47.6747674767476752 89.0829000423950248
-47.6547654765476523 105.8246137694477227
-47.6347634763476293 80.9888926891163123
-47.6147614761476135 70.4440239894110363
-47.5947594759475905 85.0275079799889113
-47.5747574757475746 111.3183353860408147
-47.5547554755475517 83.3044717600251090
-47.5347534753475287 64.7439033237266131
-47.5147514751475128 104.4359619352728572
-47.4947494749474899 94.1935591504945648
-47.4747474747474740 98.4440845801814675
-47.4547454745474511 91.8132493800418672
-47.4347434743474352 64.4037300311767353
-47.4147414741474122 95.6079690437486107
-47.3947394739473893 95.0083124735311344
-47.3747374737473734 74.2175131205730594
-47.3547354735473505 109.7636640131540844
-47.3347334733473346 101.9508036230838002
-47.3147314731473116 96.2973494680785507
-47.2947294729472887 94.0831084417652335
-47.2747274727472728 91.1148020948828474
-47.2547254725472499 113.8282648043921768
-47.2347234723472340 94.9514348320416843
-47.2147214721472110 100.4583038783616331
-47.1947194719471952 114.7952059478829767
-47.1747174717471722 72.0119125625719221
-47.1547154715471493 81.1977402558438826
-47.1347134713471334 100.5786033853936203
-47.1147114711471104 120.0546695220228344
-47.0947094709470946 69.5902783670370013
-47.0747074707470716 74.6003402877635722
-47.0547054705470487 110.2360740324130006
-47.0347034703470328 102.7222268347381657
-47.0147014701470098 72.5789962623510974
-46.9946994699469940 75.7835106962989045
-46.9746974697469710 93.1219720663055739
-46.9546954695469552 108.9448684456303624
-46.9346934693469322 85.2466937379247440
-46.9146914691469092 74.5769451376802266
-46.8946894689468934 111.5901671947142688
-46.8746874687468704 64.9740679413529136
-46.8546854685468546 98.9319454308361230
-46.8346834683468316 85.8259016287735506
-46.8146814681468086 92.2865128358229043
-46.7946794679467928 108.7509133386504345
-46.7746774677467698 85.7448745670209007
-46.7546754675467540 110.2315568275873403
-46.7346734673467310 107.5634193744763820
-46.7146714671467151 112.8173125123271063
-46.6946694669466922 107.6267171570235348
-46.6746674667466692 93.7210883929227805
-46.6546654665466534 84.7286223574135704
-46.6346634663466304 104.7136266280489565
-46.6146614661466145 94.0750954958976280
-46.5946594659465916 83.3275831881682336
-46.5746574657465686 65.0882699770797331
-46.5546554655465528 101.2779783054494658
-46.5346534653465298 114.4634548482869008
-46.5146514651465139 90.9747458420502255
-46.4946494649464910 99.0337547146171033
-46.4746474647464751 69.4283781085677134
-46.4546454645464522 73.0146065274088301
-46.4346434643464292 97.5804583085335082
-46.4146414641464133 67.7700749828610185
-46.3946394639463904 114.5699660684350931
-46.3746374637463745 85.5615932304008311
-46.3546354635463516 85.1042519468036147
-46.3346334633463286 88.2503498988769195
-46.3146314631463127 105.2336085165908202
-46.2946294629462898 104.4142833985839331
-46.2746274627462739 87.3423172011348754
-46.2546254625462510 95.9500099675548057
-46.2346234623462351 109.7062124428808403
-46.2146214621462121 97.7693569907737157
-46.1946194619461892 99.2743431648632253
-46.1746174617461733 95.1887139387008148
-46.1546154615461504 88.8341205620630916
-46.1346134613461345 65.4356553011467383
-46.1146114611461115 81.0555541948066463
-46.0946094609460886 99.0502552949764663
-46.0746074607460727 72.7391136739835957
-46.0546054605460498 93.5442048483238864
-46.0346034603460339 74.2560276466785467
-46.0146014601460109 71.2641876332180715
-45.9945994599459951 104.0060952940539067
-45.9745974597459721 92.2244698761642354
-45.9545954595459492 94.9527667213413196
-45.9345934593459333 127.8009957591549153
-45.9145914591459103 88.4711224174500046
-45.8945894589458945 81.3215468164980138
-45.8745874587458715 103.7535657286256310
-45.8545854585458486 102.9884539402578412
-45.8345834583458327 96.6689781293737269
-45.8145814581458097 111.1647231464421139
-45.7945794579457939 97.4306753839987749
-45.7745774577457709 120.9021558696834973
-45.7545754575457551 79.4580298550238666
-45.7345734573457321 115.4893782002360041
-45.7145714571457091 78.0152570010488233
-45.6945694569456933 91.1324821090835400
-45.6745674567456703 94.2261780386819510
-45.6545654565456545 87.8885417737560033
-45.6345634563456315 95.4275612234538357
-45.6145614561456085 82.1753277803206288
-45.5945594559455927 90.0792433010902869
-45.5745574557455697 97.5202700839375467
-45.5545554555455539 112.2489499533802331
-45.5345534553455309 135.5471990859887228
-45.5145514551455150 105.0466345113630382
-45.4945494549454921 91.6378502036768765
-45.4745474547454691 102.0130852724116295
-45.4545454545454533 93.9532052093108661
-45.4345434543454303 78.0744500433660704
-45.4145414541454144 85.7450199122763905
-45.3945394539453915 118.2729497965918881
-45.3745374537453685 92.6195853493821915
-45.3545354535453527 87.2497389018908791
-45.3345334533453297 75.0563080430928551
-45.3145314531453138 99.3578363470193864
-45.2945294529452909 87.2786013490187713
-45.2745274527452750 86.2137449170384116
-45.2545254525452521 89.9016788878277282
-45.2345234523452291 75.6074012896435192
-45.2145214521452132 83.4665715608105216
-45.1945194519451903 96.8468452227850776
-45.1745174517451744 72.9671852323641730
-45.1545154515451514 95.3272653402271146
-45.1345134513451285 96.3651337503763443
-45.1145114511451126 78.9159941623039742
-45.0945094509450897 92.3198041876351709
-45.0745074507450738 115.7202195494749191
-45.0545054505450508 91.1623392142593758
-45.0345034503450350 86.2137735520414878
-45.0145014501450120 94.1449686780168662
-44.9944994499449891 79.6736625437294634
-44.9744974497449732 106.4974837520489785
-44.9544954495449502 97.1434843857611838
-44.9344934493449344 84.3385328334799169
-44.9144914491449114 84.2958538300754583
-44.8944894489448885 92.8589607558543406
-44.8744874487448726 109.0712627150819714
-44.8544854485448496 93.4649518719982382
-44.8344834483448338 71.2089978013034397
-44.8144814481448108 102.9515570612938973
-44.7944794479447950 66.4205104282802381
-44.7744774477447720 90.1646607499813797
-44.7544754475447490 101.9061111117562035
-44.7344734473447332 103.0502763196312230
-44.7144714471447102 94.4116896772869580
-44.6944694469446944 87.9868502943204192
-44.6744674467446714 87.8525451838234517
-44.6544654465446484 66.6624935964919274
-44.6344634463446326 111.7641627944854292
-44.6144614461446096 99.6518703143095479
-44.5944594459445938 106.7212900823815716
-44.5744574457445708 87.6100422073882328
-44.5544554455445549 97.6607090223841965
-44.5344534453445320 107.5699890042728981
-44.5144514451445090 111.0588993194222667
-44.4944494449444932 99.2693863445640687
-44.4744474447444702 90.8857368791938569
-44.4544454445444543 105.5760451309833599
-44.4344434443444314 72.0568327237592143
-44.4144414441444084 106.8547043554353309
-44.3944394439443926 83.0092229439728158
-44.3744374437443696 92.4443169304151411
-44.3544354435443537 93.0768175877311563
-44.3344334433443308 81.4398961645591868
-44.3144314431443149 118.9637926508441126
-44.2944294429442920 87.4936590415774589
-44.2744274427442690 106.0340063480295782
-44.2544254425442531 79.0921686806328665
-44.2344234423442302 87.0017434078573046
-44.2144214421442143 114.4249260580983503
-44.1944194419441914 97.3873969907706822
-44.1744174417441684 98.6192608295957314
-44.1544154415441525 94.9385174636977212
-44.1344134413441296 58.8225091459648652
-44.1144114411441137 91.1285793324683908
-44.0944094409440908 85.7590887892224316
-44.0744074407440749 78.8163186436349577
-44.0544054405440519 100.7967929584486200
-44.0344034403440290 90.7768980798879568
-44.0144014401440131 64.6270529978958450
-43.9943994399439902 100.8441372774377527
-43.9743974397439743 105.4482627768583569
-43.9543954395439513 118.5323594365975879
-43.9343934393439284 79.4505646491463153
-43.9143914391439125 102.8783150342420640
-43.8943894389438896 108.8729808448293142
-43.8743874387438737 116.2461464104588487
-43.8543854385438507 85.0866050861723977
-43.8343834383438349 90.2679240892315562
-43.8143814381438119 72.6450952128798377
-43.7943794379437890 76.5973975673004475
-43.7743774377437731 92.4673424217215114
-43.7543754375437501 97.4821530298338104
-43.7343734373437343 87.7910626845565503
-43.7143714371437113 104.7489129335697129
-43.6943694369436884 89.4629543402886611
-43.6743674367436725 102.3022025477414161
-43.6543654365436495 86.5765843541626623
-43.6343634363436337 102.3085729427822912
-43.6143614361436107 92.9603342443405012
-43.5943594359435949 105.6344278236837226
-43.5743574357435719 112.4390610142834959
-43.5543554355435489 100.8954569648635129
-43.5343534353435331 109.3563025213173177
-43.5143514351435101 108.3604604463309613
-43.4943494349434943 105.8692872714082824
-43.4743474347434713 83.0653880619299088
-43.4543454345434483 120.9573247368127653
-43.4343434343434325 101.6660530845073538
-43.4143414341434095 92.3704388833751864
-43.3943394339433937 103.5228873431787520
-43.3743374337433707 73.7274437757344572
-43.3543354335433548 94.4805565707362973
-43.3343334333433319 116.2598729167364979
-43.3143314331433089 77.4851997970677076
-43.2943294329432931 75.6781513171420812
-43.2743274327432701 77.4400748146825464
-43.2543254325432542 96.0291508751321317
-43.2343234323432313 80.8129480207941384
-43.2143214321432083 82.8333206890702627
-43.1943194319431925 103.7498323544748757
-43.1743174317431695 136.1492033489226401
-43.1543154315431536 67.0204566759012863
-43.1343134313431307 94.7813244005465663
-43.1143114311431148 95.2222989959146560
-43.0943094309430919 85.8304890951013135
-43.0743074307430689 91.4767917027380406
-43.0543054305430530 125.5320029636601191
-43.0343034303430301 83.5828273983651400
-43.0143014301430142 115.2485881700223160
-42.9942994299429913 110.3251659303944194
-42.9742974297429683 88.9839020410050097
-42.9542954295429524 86.0332970485452790
-42.9342934293429295 83.2407928814631504
-42.9142914291429136 100.6358500844127093
-42.8942894289428907 85.2737139025223598
-42.8742874287428748 83.1452282761123058
-42.8542854285428518 115.9566931565883579
-42.8342834283428289 112.0874389498816299
-42.8142814281428130 83.3040281499125967
-42.7942794279427901 65.4717314388634577
-42.7742774277427742 103.3814726558288157
-42.7542754275427512 93.6213614781317744
-42.7342734273427283 83.9108830405680521
-42.7142714271427124 110.3663788182875010
-42.6942694269426894 103.2779898154202556
-42.6742674267426736 93.6760984223477635
-42.6542654265426506 102.7984222738047464
-42.6342634263426348 92.0854673071999912
-42.6142614261426118 92.1886878768356866
-42.5942594259425888 96.2718643379428016
-42.5742574257425730 105.4013919611188186
-42.5542554255425500 103.1114659725742229
-42.5342534253425342 65.6817490786358746
-42.5142514251425112 105.3569563800968041
-42.4942494249424882 79.8708286602198143
-42.4742474247424724 83.7084499695946391
-42.4542454245424494 98.0785886081412457
-42.4342434243424336 112.6617507732234458
-42.4142414241424106 91.3762137282340916
-42.3942394239423948 105.6436947404775140
-42.3742374237423718 121.7912757152634526
-42.3542354235423488 85.8685745485136351
-42.3342334233423330 100.5088336680202872
-42.3142314231423100 92.3596861120344244
-42.2942294229422941 115.2145247549715634
-42.2742274227422712 89.1205629769320637
-42.2542254225422482 80.3446213175000423
-42.2342234223422324 89.6880085005144849
-42.2142214221422094 99.8774184594787613
-42.1942194219421935 93.1675423140021053
-42.1742174217421706 114.0513895510523525
-42.1542154215421547 104.9290372621506719
-42.1342134213421318 77.7536310348351094
-42.1142114211421088 107.4891425909597302
-42.0942094209420929 86.5296467206850934
-42.0742074207420700 98.0318182189937346
-42.0542054205420541 90.8322404538119343
-42.0342034203420312 109.2638760018248547
-42.0142014201420082 68.4282763385113526
-41.9941994199419923 94.5158248340409841
-41.9741974197419694 120.6550757455771787
-41.9541954195419535 89.3298539439020090
-41.9341934193419306 82.1038958075832284
-41.9141914191419147 107.5059261335778160
-41.8941894189418917 90.8014306316219688
-41.8741874187418688 98.6079100146168344
-41.8541854185418529 96.2910520067401308
-41.8341834183418300 99.1498818211127997
-41.8141814181418141 89.4426600857374865
-41.7941794179417911 89.8388169066046487
-41.7741774177417682 99.7466227422770260
-41.7541754175417523 103.8711123226381829
-41.7341734173417294 79.7165357871254514
-41.7141714171417135 81.6288882583083506
-41.6941694169416905 103.5931273441408536
-41.6741674167416747 65.5221809843489069
-41.6541654165416517 113.3890680392586887
-41.6341634163416288 87.5940304879840994
-41.6141614161416129 111.3487420008756033
-41.5941594159415899 97.4144137810048534
-41.5741574157415741 66.8145846549409725
-41.5541554155415511 89.2697308130171763
-41.5341534153415282 107.0350723553632974
-41.5141514151415123 129.9106948489206559
-41.4941494149414893 106.7410173976732466
-41.4741474147414735 92.9375531004352098
-41.4541454145414505 106.7457676033176455
-41.4341434143414347 79.1509423177752183
-41.4141414141414117 90.6944353575898816
-41.3941394139413887 119.1029650062403107
-41.3741374137413729 95.8024995508836241
-41.3541354135413499 89.1905280908261489
-41.3341334133413341 102.5194553657456851
-41.3141314131413111 102.7396431840858071
-41.2941294129412881 69.1679508716598122
-41.2741274127412723 75.5076745726981358
-41.2541254125412493 115.1650282134854990
-41.2341234123412335 91.0160592770295267
-41.2141214121412105 86.0384429566470743
-41.1941194119411946 82.3088477594867243
-41.1741174117411717 79.2871200246573267
-41.1541154115411487 100.4183120387580743
-41.1341134113411329 129.0672658222608788
-41.1141114111411099 97.6551401496385552
-41.0941094109410940 82.0902708962772323
-41.0741074107410711 101.1654892613925512
-41.0541054105410481 104.3514952828762858
-41.0341034103410323 107.6096114272678506
-41.0141014101410093 94.2218872358834716
-40.9940994099409934 104.6463115623047599
-40.9740974097409705 66.4169630136811264
-40.9540954095409546 90.0483962840593790
-40.9340934093409317 88.7015795181566062
-40.9140914091409087 90.8286444505398691
-40.8940894089408928 97.9512145480867957
-40.8740874087408699 88.1458655197336896
-40.8540854085408540 88.4663133446687340
-40.8340834083408311 102.1322126158166839
-40.8140814081408081 116.1772110248639365
-40.7940794079407922 81.1638965003716208
-40.7740774077407693 95.3379547407746344
-40.7540754075407534 70.7290200315887034
-40.7340734073407305 86.1245303897249528
-40.7140714071407146 98.0906888320058670
-40.6940694069406916 85.8369631096287833
-40.6740674067406687 87.8547879991833867
-40.6540654065406528 84.5305275394721036
-40.6340634063406299 71.8395116276928007
-40.6140614061406140 98.3469871757033474
-40.5940594059405910 75.0854830871751062
-40.5740574057405681 83.7470892514926248
-40.5540554055405522 113.5407804188018162
-40.5340534053405293 92.2733711303772992
-40.5140514051405134 75.7277219947704054
-40.4940494049404904 114.1734098005084803
-40.4740474047404746 111.6213631196899883
-40.4540454045404516 125.2687198691121750
-40.4340434043404287 99.0319575531114680
-40.4140414041404128 99.3752100133073668
-40.3940394039403898 102.7209688135255163
-40.3740374037403740 72.6879679641984922
-40.3540354035403510 133.2288059676809837
-40.3340334033403281 100.0029923902270497
-40.3140314031403122 97.5609515686243611
-40.2940294029402892 73.4738860155007671
-40.2740274027402734 94.7371235201659516
-40.2540254025402504 85.1587041427226836
-40.2340234023402346 80.9481771616000714
-40.2140214021402116 107.5196309699441599
-40.1940194019401886 90.5856936304447942
-40.1740174017401728 82.7696197268738558
-40.1540154015401498 87.0707272335529439
-40.1340134013401340 108.7326768225241125
-40.1140114011401110 101.5393618653665158
-40.0940094009400880 84.2067301566278559
-40.0740074007400722 96.5043331007011744
-40.0540054005400492 84.1627533749637564
-40.0340034003400334 91.6665733585224558
-40.0140014001400104 102.5375767439809351
-39.9939993999399945 103.6898935392930525
-39.9739973997399716 104.7395048526163066
-39.9539953995399486 108.2641980284312240
-39.9339933993399328 87.2145478682320601
-39.9139913991399098 106.8180468710940971
-39.8939893989398939 80.7780101905829184
-39.8739873987398710 90.8702818980996483
-39.8539853985398480 85.4756562066799290
-39.8339833983398321 105.3296754147678769
-39.8139813981398092 117.3482117990085953
-39.7939793979397933 101.4878182725430946
-39.7739773977397704 87.9731468022426952
-39.7539753975397545 101.8606919767905907
-39.7339733973397315 92.6266712159489884
-39.7139713971397086 68.4652887208285819
-39.6939693969396927 99.4250437918931027
-39.6739673967396698 76.1399049989465482
-39.6539653965396539 98.8227665735770557
-39.6339633963396309 102.2757736873020207
-39.6139613961396080 102.4482787130921508
-39.5939593959395921 100.9792196877915700
-39.5739573957395692 78.6933148918784440
-39.5539553955395533 89.5800194573664470
-39.5339533953395303 112.7111377713744105
-39.5139513951395145 98.0294350144815922
-39.4939493949394915 102.2050073390528837
-39.4739473947394686 76.2820978754599253
-39.4539453945394527 118.3151378404560745
-39.4339433943394297 103.7274929991150287
-39.4139413941394139 105.9238861857727869
-39.3939393939393909 86.2161102614747534
-39.3739373937393680 92.8707211932042611
-39.3539353935393521 106.2675637985993546
-39.3339333933393291 95.3285688878315938
-39.3139313931393133 79.8688154623908702
-39.2939293929392903 116.5948909127522199
-39.2739273927392745 72.6166388931844295
-39.2539253925392515 100.7119836520584784
-39.2339233923392285 82.0809093916363963
-39.2139213921392127 84.1146788580719829
-39.1939193919391897 111.2331927016375062
-39.1739173917391739 107.7495634850542814
-39.1539153915391509 74.7661534661837379
-39.1339133913391279 76.5439306556544352
-39.1139113911391121 80.6393675500293767
-39.0939093909390891 101.2233769162548214
-39.0739073907390733 119.4125965074991740
-39.0539053905390503 106.1306564690906526
-39.0339033903390344 86.2596650658324222
-39.0139013901390115 108.3882481669167390
-38.9938993899389885 75.5557930124860633
-38.9738973897389727 103.7778923981785226
-38.9538953895389497 86.7415392248045123
-38.9338933893389338 97.1604473757727050
-38.9138913891389109 84.5931083402684720
-38.8938893889388879 77.9361832642773606
-38.8738873887388721 98.7437080386574735
-38.8538853885388491 75.1854160920028249
-38.8338833883388332 67.4624897021339081
-38.8138813881388103 101.7677021147326002
-38.7938793879387944 118.1178875456418780
-38.7738773877387715 99.8532434042287349
-38.7538753875387485 106.1510733932975086
-38.7338733873387326 102.0434852768680827
-38.7138713871387097 78.7983478640082922
-38.6938693869386938 96.7214110190172818
-38.6738673867386709 68.5986742944728860
-38.6538653865386479 102.6627339178932488
-38.6338633863386320 90.3683064060508059
-38.6138613861386091 94.7193763151511234
-38.5938593859385932 104.2104562626074937
-38.5738573857385703 110.1519804094787247
-38.5538553855385544 118.0873367015103383
-38.5338533853385314 100.9500825637313426
-38.5138513851385085 85.9442480177932993
-38.4938493849384926 99.6353818244551945
-38.4738473847384697 87.1342831587152773
-38.4538453845384538 88.6315801655976827
-38.4338433843384308 101.4997192150606224
-38.4138413841384079 105.2295574847885860
-38.3938393839383920 88.1705205574450304
-38.3738373837383691 83.5849988577325433
-38.3538353835383532 73.4966250130425465
-38.3338333833383302 82.2750018643178436
-38.3138313831383073 102.0208366282805486
-38.2938293829382914 90.6740278379090228
-38.2738273827382685 98.9358632295570857
-38.2538253825382526 89.9823745662664578
-38.2338233823382296 104.7950558614402325
-38.2138213821382138 103.5165017246437174
-38.1938193819381908 85.5118966311331263
-38.1738173817381679 106.5975548755004496
-38.1538153815381520 102.0458191348304240
-38.1338133813381290 87.3379539867259211
-38.1138113811381132 96.3212001238137390
-38.0938093809380902 87.6461627305508699
-38.0738073807380673 76.8050491445626733
-38.0538053805380514 92.9936237246518402
-38.0338033803380284 92.1673849177338127
-38.0138013801380126 80.5465342993996956
-37.9937993799379896 94.2292488669133235
-37.9737973797379738 77.8537441899855764
-37.9537953795379508 89.7335615488988481
-37.9337933793379278 73.7719990365420557
-37.9137913791379120 92.7598303951223784
-37.8937893789378890 111.2587039520466021
-37.8737873787378732 67.7225646207917436
-37.8537853785378502 81.0701017572623499
-37.8337833783378272 91.4355097586770000
-37.8137813781378114 80.2405798461116291
-37.7937793779377884 95.6499550176313846
-37.7737773777377726 87.6934594018848657
-37.7537753775377496 97.2898518909888423
-37.7337733773377337 96.5483955516477153
-37.7137713771377108 105.2092854188488928
-37.6937693769376878 97.6922556036292065
-37.6737673767376720 89.3806371964017075
-37.6537653765376490 86.7911887767138523
-37.6337633763376331 90.2240692106876168
-37.6137613761376102 105.9146714268995026
-37.5937593759375872 79.1834332923803288
-37.5737573757375714 111.6004431893714752
-37.5537553755375484 98.5245766696370708
-37.5337533753375325 90.7747287236568638
-37.5137513751375096 72.0068774134961984
-37.4937493749374937 100.2615585527914419
-37.4737473747374708 85.8620214013280787
-37.4537453745374478 81.1329842666743701
-37.4337433743374319 101.2617023903566462
-37.4137413741374090 89.4690388933511827
-37.3937393739373931 94.6622117021250773
-37.3737373737373701 87.5893420019339999
-37.3537353735373472 73.0401294979702129
-37.3337333733373313 95.9124923354609109
-37.3137313731373084 93.5947440762043641
-37.2937293729372925 105.0815622246083194
-37.2737273727372695 71.3869764362938213
-37.2537253725372537 108.3284216464568317
-37.2337233723372307 82.8973723398788991
-37.2137213721372078 85.7625634142612228
-37.1937193719371919 97.6559655568376712
-37.1737173717371689 70.0960744492102776
-37.1537153715371531 90.1116846012130139
-37.1337133713371301 57.2489199921587613
-37.1137113711371072 77.6815578604300754
-37.0937093709370913 91.4631949533347210
-37.0737073707370683 87.2391773249328537
-37.0537053705370525 93.3235020488691163
-37.0337033703370295 98.1065460180625024
-37.0137013701370137 89.0571963549609222
-36.9936993699369907 66.0597059117051799
-36.9736973697369677 112.4663979268542704
-36.9536953695369519 91.8404899421168039
-36.9336933693369289 80.0794765752684583
-36.9136913691369131 97.0538754221067990
-36.8936893689368901 80.1407417231432646
-36.8736873687368671 97.5818293451288667
-36.8536853685368513 89.9010751759066409
-36.8336833683368283 113.9383891175325090
-36.8136813681368125 101.5118025643355395
-36.7936793679367895 98.8210512955217411
-36.7736773677367736 95.7436475012849399
-36.7536753675367507 95.8584935720430451
-36.7336733673367277 72.0371260440358441
-36.7136713671367119 85.5688552610783404
-36.6936693669366889 86.6893042589537686
-36.6736673667366730 82.7276648414960079
-36.6536653665366501 87.5066123032768957
-36.6336633663366271 77.8269517402722784
-36.6136613661366113 93.2447926656346198
-36.5936593659365883 113.7565453758478782
-36.5736573657365724 77.6807546148632042
-36.5536553655365495 100.3700873536058253
-36.5336533653365336 98.6374209452466886
-36.5136513651365107 77.2848211904093603
-36.4936493649364877 86.8752629574941579
-36.4736473647364718 76.2737452285090853
-36.4536453645364489 70.6629557011150098
-36.4336433643364330 96.5252123751291435
-36.4136413641364101 80.7529722523315314
-36.3936393639363871 85.3683796955863414
-36.3736373637363712 95.9200360452095424
-36.3536353635363483 93.7095938833660398
-36.3336333633363324 81.5084538888412169
-36.3136313631363095 103.4419466545404447
-36.2936293629362936 91.1134964904625377
-36.2736273627362706 77.6095556174848866
-36.2536253625362477 100.7468974854409254
-36.2336233623362318 92.4758341995085971
-36.2136213621362089 101.1993995147560383
-36.1936193619361930 86.0340894846253121
-36.1736173617361700 104.9567013775345572
-36.1536153615361471 94.2861817601958450
-36.1336133613361312 77.1012439016432864
-36.1136113611361083 96.6121494819753366
-36.0936093609360924 102.5515995931771727
-36.0736073607360694 72.1209932978327259
-36.0536053605360536 86.7272167257092264
-36.0336033603360306 73.1775458066778697
-36.0136013601360077 109.7568511538652274
-35.9935993599359847 93.0015007396008855
-35.9735973597359759 103.0128261612791079
-35.9535953595359530 104.4977397731549615
-35.9335933593359300 88.9727797456336731
-35.9135913591359071 80.9169525798819222
-35.8935893589358841 111.0273358983897651
-35.8735873587358753 108.0599148386720714
-35.8535853585358524 88.6593793243999357
-35.8335833583358294 103.0188661513736719
-35.8135813581358065 90.2047136723252265
-35.7935793579357835 65.1303856172287112
-35.7735773577357747 83.0244536784070561
-35.7535753575357518 81.0885516786058531
-35.7335733573357288 94.4424534806312010
-35.7135713571357059 70.1378675350698302
-35.6935693569356971 86.5463375330052145
-35.6735673567356741 87.1850863447051552
-35.6535653565356512 63.8535953645251482
-35.6335633563356282 62.4783294610209126
-35.6135613561356053 70.8672558720962797
-35.5935593559355965 101.2004619210546110
-35.5735573557355735 97.7046675985608317
-35.5535553555355506 100.8034207643899833
-35.5335533553355276 109.8422424082942257
-35.5135513551355047 81.9531639830755125
-35.4935493549354959 99.5065940210124609
-35.4735473547354729 79.1180381511697561
-35.4535453545354500 88.4649378056300577
-35.4335433543354270 89.9622104167822272
-35.4135413541354040 86.3616906464082490
-35.3935393539353953 91.4879999039964673
-35.3735373537353723 107.1927514644022921
-35.3535353535353494 72.1602158860358713
-35.3335333533353264 89.0055258900306399
-35.3135313531353034 106.3348238852730958
-35.2935293529352947 82.1746954353501309
-35.2735273527352717 76.3299184816787033
-35.2535253525352488 104.6211953149943099
-35.2335233523352258 116.7313895756318090
-35.2135213521352171 86.0185433398053192
-35.1935193519351941 86.1335510024666320
-35.1735173517351711 91.0544582649140892
-35.1535153515351482 107.3959859704113740
-35.1335133513351252 87.9176071066212472
-35.1135113511351165 83.0243864014450708
-35.0935093509350935 94.6417831099215618
-35.0735073507350705 113.1220143326062413
-35.0535053505350476 78.6623001886480750
-35.0335033503350246 101.5069173025920151
-35.0135013501350159 92.0095384903629849
-34.9934993499349929 94.8286353594586302
-34.9734973497349699 95.9020548943266817
-34.9534953495349470 90.5401622592595743
-34.9334933493349240 66.8106470018310716
-34.9134913491349153 77.9247780426375698
-34.8934893489348923 94.0277322183871007
-34.8734873487348693 97.1857148547106675
-34.8534853485348464 111.6769367527476078
-34.8334833483348234 95.0290201292432215
-34.8134813481348147 95.0400350952287738
-34.7934793479347917 108.6154633180182145
-34.7734773477347687 103.8435280401620133
-34.7534753475347458 108.3671343563824365
-34.7334733473347370 80.2026748416353712
-34.7134713471347141 93.2136196332223648
-34.6934693469346911 115.5503903502032159
-34.6734673467346681 103.5957149385466778
-34.6534653465346452 81.7726312770926711
-34.6334633463346364 96.1711016647923884
-34.6134613461346134 87.8493194580318146
-34.5934593459345905 79.4098819747306237
-34.5734573457345675 106.5174168018699277
-34.5534553455345446 74.9605559243381663
-34.5334533453345358 123.2682098031127111
-34.5134513451345128 86.6073545507173179
-34.4934493449344899 93.3006900282662741
-34.4734473447344669 88.2285864672367950
-34.4534453445344440 92.2392331973225055
-34.4334433443344352 110.0409879507064232
-34.4134413441344122 81.9861162626946935
-34.3934393439343893 83.4131320664581040
-34.3734373437343663 89.6517678074472002
-34.3534353435343434 70.4992725539799352
-34.3334333433343346 98.5309956534645863
-34.3134313431343116 79.0982287459770390
-34.2934293429342887 106.9635437225835233
-34.2734273427342657 107.1108377270142569
-34.2534253425342570 80.5009224193242972
-34.2334233423342340 74.6948662083959505
-34.2134213421342110 87.0141318151379721
-34.1934193419341881 94.1604378915210702
-34.1734173417341651 79.7580857581782539
-34.1534153415341564 98.9490391795138322
-34.1334133413341334 91.5016552203352944
-34.1134113411341104 88.4448684655908153
-34.0934093409340875 101.8656583922160905
-34.0734073407340645 73.6958904203223142
-34.0534053405340558 108.7863143576208813
-34.0334033403340328 87.2550708662567729
-34.0134013401340098 79.7763184329783144
-33.9933993399339869 83.4489654862387198
-33.9733973397339639 72.0917704206372321
-33.9533953395339552 111.0019946948326179
-33.9333933393339322 69.9728524132446950
-33.9133913391339092 89.1201328233500192
-33.8933893389338863 70.6518542952885724
-33.8733873387338633 95.3913229652123817
-33.8533853385338546 100.9315514534048930
-33.8333833383338316 90.7369401286070598
-33.8133813381338086 84.8254545396571729
-33.7933793379337857 85.7720392045711293
-33.7733773377337769 93.3849699986309503
-33.7533753375337540 78.3378343778189077
-33.7333733373337310 113.0193603766395967
-33.7133713371337080 113.0736642762915096
-33.6933693369336851 110.5041903985211036
-33.6733673367336763 102.1467522368591716
-33.6533653365336534 110.8225777020264502
-33.6333633363336304 90.5568615190047268
-33.6133613361336074 111.6459768981110869
-33.5933593359335845 79.7582421292612906
-33.5733573357335757 105.2706463727381276
-33.5533553355335528 78.2712901761472608
-33.5333533353335298 78.9106749143157913
-33.5133513351335068 91.9132415646388239
-33.4933493349334839 54.5503265847937726
-33.4733473347334751 82.6100350007932178
-33.4533453345334522 95.3341056794862425
-33.4333433343334292 106.4973772562996857
-33.4133413341334062 94.6448518934906105
-33.3933393339333833 54.5048109500995679
-33.3733373337333745 86.9170354335565776
-33.3533353335333516 88.6267149111875767
-33.3333333333333286 77.1518970165587064
-33.3133313331333056 62.2250700855673813
-33.2933293329332969 92.8616843896995476
-33.2733273327332739 85.7559816351155035
-33.2533253325332510 76.6223674304304438
-33.2333233323332280 103.0950730477333934
-33.2133213321332050 91.6153061481120403
-33.1933193319331963 112.0810311426203612
-33.1733173317331733 61.8851770478139969
-33.1533153315331504 99.0189428822453408
-33.1333133313331274 103.0267066273188021
-33.1133113311331044 70.9070730184506033
-33.0933093309330957 90.7060241575761523
-33.0733073307330727 78.3127233160001310
-33.0533053305330498 113.5981178204206827
-33.0333033303330268 94.3601106088293307
-33.0133013301330038 90.9035734530611705
-32.9932993299329951 98.5828829982948065
-32.9732973297329721 62.9110729839911897
-32.9532953295329492 103.4129622040261580
-32.9332933293329262 77.5793063058592480
-32.9132913291329032 83.2095865422444234
-32.8932893289328945 48.5678455366113297
-32.8732873287328715 83.0645094028747479
-32.8532853285328486 89.4078550480193712
-32.8332833283328256 81.6135780631203573
-32.8132813281328168 75.3062404327522898
-32.7932793279327939 99.7137104837147632
-32.7732773277327709 86.2141093149020463
-32.7532753275327480 90.7306508858023335
-32.7332733273327250 97.3567827035181068
-32.7132713271327162 102.7792470937738187
-32.6932693269326933 92.2030149528356304
-32.6732673267326703 103.9455068424684896
-32.6532653265326474 68.7225292867642565
-32.6332633263326244 58.9045436272872820
-32.6132613261326156 99.0407322132957830
-32.5932593259325927 85.7107074159365538
-32.5732573257325697 108.6150722061013028
-32.5532553255325467 61.9812737464175143
-32.5332533253325238 103.3926167036558184
-32.5132513251325150 98.5142422020878143
-32.4932493249324921 105.6232119837955139
-32.4732473247324691 78.3973798461503577
-32.4532453245324461 92.9539521064436371
-32.4332433243324232 102.8011632716707311
-32.4132413241324144 77.6805134776917185
-32.3932393239323915 76.2505468465985530
-32.3732373237323685 83.1338195327835763
-32.3532353235323455 82.1118278875584053
-32.3332333233323368 84.1648717862288578
-32.3132313231323138 87.2022492079020708
-32.2932293229322909 76.0397503136069304
-32.2732273227322679 95.5043527524662181
-32.2532253225322449 87.3177545415128691
-32.2332233223322362 82.9377302767602060
-32.2132213221322132 81.6573323192476437
-32.1932193219321903 81.4786165911713738
-32.1732173217321673 79.2665143024602514
-32.1532153215321443 99.0899020369503205
-32.1332133213321356 80.5516836661135471
-32.1132113211321126 96.9521553242619376
-32.0932093209320897 64.5976340081940066
-32.0732073207320667 87.8663042389665776
-32.0532053205320437 75.1324160887682808
-32.0332033203320350 88.1799261815710338
-32.0132013201320120 86.3308145432461060
-31.9931993199319891 94.6368100431704988
-31.9731973197319661 69.7614961205919997
-31.9531953195319431 98.5454650535214540
-31.9331933193319344 92.9880378803328540
-31.9131913191319114 90.6169393960736329
-31.8931893189318885 84.4770725605153956
-31.8731873187318655 95.4829858012130046
-31.8531853185318568 92.0653297656523222
-31.8331833183318338 81.5555533143778888
-31.8131813181318108 74.7417226764986111
-31.7931793179317879 99.8710015587550117
-31.7731773177317649 71.3289263845485095
-31.7531753175317561 86.3499391138101657
-31.7331733173317332 81.0540933056091433
-31.7131713171317102 72.4750000793574429
-31.6931693169316873 87.9369790302733492
-31.6731673167316643 94.3843081585964967
-31.6531653165316555 89.3719024106700886
-31.6331633163316326 81.3341542410166909
-31.6131613161316096 75.3738965884052021
-31.5931593159315867 84.4432078955700263
-31.5731573157315637 62.9668649537262297
-31.5531553155315549 91.2306950850390876
-31.5331533153315320 104.5427157837173695
-31.5131513151315090 80.4943885771979382
-31.4931493149314861 62.2621095045775803
-31.4731473147314631 86.3408249691364489
-31.4531453145314543 78.3867256301276996
-31.4331433143314314 83.9970709186649458
-31.4131413141314084 75.3743719312012814
-31.3931393139313855 92.9415696981966875
-31.3731373137313767 83.7787015218305413
-31.3531353135313537 86.1653435176462210
-31.3331333133313308 98.0423160398297284
-31.3131313131313078 60.3081929385910200
-31.2931293129312849 96.3137516119818997
-31.2731273127312761 88.7627874206853846
-31.2531253125312531 85.4305017832591034
-31.2331233123312302 73.1573958799998110
-31.2131213121312072 75.5303292652035196
-31.1931193119311843 82.0043115064466548
-31.1731173117311755 86.8477073353824380
-31.1531153115311525 95.2586967977830881
-31.1331133113311296 88.0959610594463953
-31.1131113111311066 85.0277536122079312
-31.0931093109310837 104.8358502867926632
-31.0731073107310749 93.8022972720092412
-31.0531053105310519 78.7020422114593572
-31.0331033103310290 75.5023058903052373
-31.0131013101310060 56.1608846487417139
-30.9930993099309831 111.8227922264550926
-30.9730973097309743 107.8230211097399120
-30.9530953095309513 88.4010254043337511
-30.9330933093309284 93.4595458349861445
-30.9130913091309054 106.9113390945142612
-30.8930893089308967 75.4309620360930779
-30.8730873087308737 82.6414062384218226
-30.8530853085308507 87.1701605553668202
-30.8330833083308278 100.9416515014602282
-30.8130813081308048 87.6947841260458176
-30.7930793079307961 57.9385375573431602
-30.7730773077307731 81.9619814802930620
-30.7530753075307501 76.3615053517593623
-30.7330733073307272 72.0963471104005720
-30.7130713071307042 102.4567845334255622
-30.6930693069306955 90.9221179201228722
-30.6730673067306725 64.5161833101854825
-30.6530653065306495 72.9707584476674356
-30.6330633063306266 68.6165123473444822
-30.6130613061306036 79.8484676182542188
-30.5930593059305949 108.7360035301464762
-30.5730573057305719 75.0485490119297509
-30.5530553055305489 98.7841125090077981
-30.5330533053305260 91.9861806293432096
-30.5130513051305030 81.4042614817887653
-30.4930493049304943 81.2360991404643897
-30.4730473047304713 87.1759788577889623
-30.4530453045304483 66.8188829978832786
-30.4330433043304254 74.1451375663668699
-30.4130413041304166 74.6651038338097521
-30.3930393039303937 103.2719722017240258
-30.3730373037303707 108.9186909135744372
-30.3530353035303477 95.6990286434069191
-30.3330333033303248 83.6737448713151508
-30.3130313031303160 95.6584884263881179
-30.2930293029302931 56.1824103351659829
-30.2730273027302701 95.9149865710212310
-30.2530253025302471 82.5810874503363692
-30.2330233023302242 111.7450292940245049
-30.2130213021302154 103.8485355545866753
-30.1930193019301925 80.9126615303540007
-30.1730173017301695 66.8650543254938441
-30.1530153015301465 63.6210928331260703
-30.1330133013301236 83.5056425775641173
-30.1130113011301148 80.7976266085584456
-30.0930093009300919 108.1192742106087934
-30.0730073007300689 83.3210865605259272
-30.0530053005300459 76.5414431708210117
-30.0330033003300230 111.8083967960914151
-30.0130013001300142 59.6047518746363494
-29.9929992999299913 92.7963805076181245
-29.9729972997299683 74.1977284246763986
-29.9529952995299453 74.7857577276994192
-29.9329932993299366 58.1472587860844286
-29.9129912991299136 75.3720809063968886
-29.8929892989298907 73.9950242179535707
-29.8729872987298677 51.4498408717987559
-29.8529852985298447 93.4803697096956512
-29.8329832983298360 62.4369251876462670
-29.8129812981298130 94.4134403948503973
-29.7929792979297901 81.7361836463832390
-29.7729772977297671 98.6626144910507890
-29.7529752975297441 84.2891587442983194
-29.7329732973297354 84.7523774316880036
-29.7129712971297124 83.3519810137832025
-29.6929692969296894 69.9360476050206046
-29.6729672967296665 93.3964705147090939
-29.6529652965296435 86.5367763932593448
-29.6329632963296348 87.6295639462381217
-29.6129612961296118 87.6227909124662148
-29.5929592959295888 73.6661490003737072
-29.5729572957295659 60.5964780690856060
-29.5529552955295429 77.1612437675975400
-29.5329532953295342 83.7584876947083501
-29.5129512951295112 56.6633492499634528
-29.4929492949294882 72.5413252109607924
-29.4729472947294653 50.3593907364101980
-29.4529452945294565 59.5637726987898475
-29.4329432943294336 69.4840293985884045
-29.4129412941294106 92.2711236144465801
-29.3929392939293876 66.3889857556025760
-29.3729372937293647 79.3062161491965583
-29.3529352935293559 65.5612086254592725
-29.3329332933293330 70.1340642846520836
-29.3129312931293100 96.4918467309847472
-29.2929292929292870 84.7154518968093413
-29.2729272927292641 76.0858986603169853
-29.2529252925292553 83.9107928656095936
-29.2329232923292324 62.2971051225881567
-29.2129212921292094 67.5283645919534194
-29.1929192919291864 58.2813349264547327
-29.1729172917291635 80.7811111759236127
-29.1529152915291547 61.2348553404530804
-29.1329132913291318 90.1104919829133735
-29.1129112911291088 76.2882404520444481
-29.0929092909290858 107.4918689345185925
-29.0729072907290629 77.8450014065379037
-29.0529052905290541 77.2822592800802823
-29.0329032903290312 69.7470578668298913
-29.0129012901290082 98.9686520469180095
-28.9928992899289852 76.0229213756216922
-28.9728972897289765 61.0437966204966784
-28.9528952895289535 83.9173106842176111
-28.9328932893289306 69.9354571679361783
-28.9128912891289076 83.6775812817365932
-28.8928892889288846 102.4950576984599593
-28.8728872887288759 84.7812400529511478
-28.8528852885288529 68.2679695823104282
-28.8328832883288300 86.6887751233715704
-28.8128812881288070 90.6687671758743221
-28.7928792879287840 47.9443116415631749
-28.7728772877287753 64.0225143389851326
-28.7528752875287523 73.2341162529209413
-28.7328732873287294 70.4523210647020761
-28.7128712871287064 96.3756148281606499
-28.6928692869286834 60.5950967469249733
-28.6728672867286747 77.8053943920330511
-28.6528652865286517 74.0428452706025126
-28.6328632863286288 82.2984459904069183
-28.6128612861286058 98.6637007497458143
-28.5928592859285828 74.5201990127541904
-28.5728572857285741 81.3217808283927184
-28.5528552855285511 76.6693178684060825
-28.5328532853285282 96.7697959241688750
-28.5128512851285052 89.4287709586251083
-28.4928492849284964 68.4863474447934664
-28.4728472847284735 90.9420180893049803
-28.4528452845284505 90.2099335336313146
-28.4328432843284276 76.8953450379104169
-28.4128412841284046 66.5106512186799677
-28.3928392839283958 72.6741390755482826
-28.3728372837283729 73.0390951886733717
-28.3528352835283499 55.6400613553751739
-28.3328332833283270 89.1622533284803751
-28.3128312831283040 70.8774085543812618
-28.2928292829282952 83.0586441260849000
-28.2728272827282723 78.3891388827707658
-28.2528252825282493 83.6276525251110598
-28.2328232823282264 85.5219254784430802
-28.2128212821282034 108.8024365679354020
-28.1928192819281946 112.2851888006813397
-28.1728172817281717 103.0246425893401323
-28.1528152815281487 92.7726364035041229
-28.1328132813281258 99.3855180124533462
-28.1128112811281028 73.0039647857560681
-28.0928092809280940 97.4712782211064592
-28.0728072807280711 71.6402463303601422
-28.0528052805280481 81.0063835529913092
-28.0328032803280252 94.2888208996093624
-28.0128012801280022 72.4160560753803964
-27.9927992799279934 86.6258386638056237
-27.9727972797279705 104.1760408566713068
-27.9527952795279475 74.9410552022824135
-27.9327932793279246 76.8412863680111684
-27.9127912791279158 62.9503125641295256
-27.8927892789278928 71.4484164405130997
-27.8727872787278699 81.2610898728457869
-27.8527852785278469 78.4086382761635150
-27.8327832783278240 85.1906631190633306
-27.8127812781278152 77.7165358016034844
-27.7927792779277922 81.4064053143787305
-27.7727772777277693 95.6611295441563811
-27.7527752775277463 62.2269100604280254
-27.7327732773277233 51.6173648159639313
-27.7127712771277146 64.4778907767601197
-27.6927692769276916 73.1993600098583528
-27.6727672767276687 76.1860581357197049
-27.6527652765276457 53.5826115744392482
-27.6327632763276227 69.7356745577308175
-27.6127612761276140 62.7199086436163142
-27.5927592759275910 88.9501949924685960
-27.5727572757275681 74.1994495852669331
-27.5527552755275451 74.7664797097902181
-27.5327532753275221 87.2428562838149730
-27.5127512751275134 79.7699948042243250
-27.4927492749274904 90.5131584859395844
-27.4727472747274675 92.2623435989424365
-27.4527452745274445 96.2885751298666861
-27.4327432743274358 45.2945154102033456
-27.4127412741274128 85.3104977976449845
-27.3927392739273898 46.5744386285998360
-27.3727372737273669 66.1834819963638665
-27.3527352735273439 59.7708023435551183
-27.3327332733273352 68.4302008950485430
-27.3127312731273122 74.6582114202974196
-27.2927292729272892 78.5018625606052041
-27.2727272727272663 77.4695661291193289
-27.2527252725272433 87.1629462654428266
-27.2327232723272346 66.3150577870676301
-27.2127212721272116 98.0747667738874327
-27.1927192719271886 59.0694053286457006
-27.1727172717271657 59.3349395482089363
-27.1527152715271427 79.0696359027732143
-27.1327132713271340 89.7028629559796542
-27.1127112711271110 56.2400107185433598
-27.0927092709270880 73.6046473891903901
-27.0727072707270651 59.7230847779810148
-27.0527052705270421 77.2844174261048806
-27.0327032703270334 60.5014554726733564
-27.0127012701270104 82.7275135799743850
-26.9926992699269874 72.2380168842977355
-26.9726972697269645 69.3264634660130525
-26.9526952695269557 91.4817860870427069
-26.9326932693269328 83.1748661158987375
-26.9126912691269098 78.8370147946277910
-26.8926892689268868 57.3477984272478878
-26.8726872687268639 95.8517257065048085
-26.8526852685268551 76.9660174525771623
-26.8326832683268321 69.7108427643224076
-26.8126812681268092 77.1526708896495563
-26.7926792679267862 59.4758497580916057
-26.7726772677267633 78.3743710522732471
-26.7526752675267545 84.9424136612110061
-26.7326732673267315 77.6215255598070826
-26.7126712671267086 63.3947624165429460
-26.6926692669266856 75.6223410795261941
-26.6726672667266627 64.0359138082963284
-26.6526652665266539 90.4082592352454242
-26.6326632663266309 112.4500943708653864
-26.6126612661266080 75.5647547178187864
-26.5926592659265850 87.9496216555259878
-26.5726572657265621 77.6718924244827917
-26.5526552655265533 79.0847949529468082
-26.5326532653265303 54.3258213882821934
-26.5126512651265074 88.6889205802051919
-26.4926492649264844 85.4101492211440387
-26.4726472647264757 63.4826933547834429
-26.4526452645264527 76.6461176743994486
-26.4326432643264297 82.0918534739508061
-26.4126412641264068 75.6349733221276921
-26.3926392639263838 76.5198618525383836
-26.3726372637263751 90.4195905232579094
-26.3526352635263521 72.5537387698495024
-26.3326332633263291 67.1103515403063113
-26.3126312631263062 90.4023239698259715
-26.2926292629262832 79.5205374326436640
-26.2726272627262745 76.8850110650798229
-26.2526252625262515 103.8244475540758174
-26.2326232623262285 84.5913606919784797
-26.2126212621262056 92.6100673685799336
-26.1926192619261826 68.1841035629090015
-26.1726172617261739 26.3536021033702141
-26.1526152615261509 73.5416668562249924
-26.1326132613261279 83.5124798081030946
-26.1126112611261050 67.6333824867823097
-26.0926092609260820 84.7129654934953322
-26.0726072607260733 80.2778786938787192
-26.0526052605260503 101.2839165847489653
-26.0326032603260273 67.0552646535558097
-26.0126012601260044 81.9141113492134139
-25.9925992599259956 76.3725414942215650
-25.9725972597259727 87.3614115914769656
-25.9525952595259497 66.7026543760737667
-25.9325932593259267 62.6902967489594332
-25.9125912591259038 83.2704942495861218
-25.8925892589258950 57.1027462092164910
-25.8725872587258721 89.1297528255124831
-25.8525852585258491 71.0257748750557170
-25.8325832583258261 51.5042949413967008
-25.8125812581258032 68.9013825132778805
-25.7925792579257944 78.0757307479091764
-25.7725772577257715 61.2117522393695737
-25.7525752575257485 75.8110586187968636
-25.7325732573257255 78.6467476766911346
-25.7125712571257026 66.8460110950191506
-25.6925692569256938 94.2942981155329960
-25.6725672567256709 60.7280765938340963
-25.6525652565256479 98.3110940793006591
-25.6325632563256249 69.1108844675261338
-25.6125612561256020 80.6807989680367683
-25.5925592559255932 75.0661014389897616
-25.5725572557255703 64.6926923780094967
-25.5525552555255473 87.9946034375356732
-25.5325532553255243 46.8795528686007685
-25.5125512551255156 70.1780314419700204
-25.4925492549254926 63.3270573783320643
-25.4725472547254697 80.9545868082950619
-25.4525452545254467 96.6267540380006551
-25.4325432543254237 77.1866248240676498
-25.4125412541254150 86.2793067080942109
-25.3925392539253920 76.2890234858559353
-25.3725372537253691 83.0400905645001473
-25.3525352535253461 86.3719812232815656
-25.3325332533253231 47.3101808903740348
-25.3125312531253144 76.0762280884225959
-25.2925292529252914 65.5727997403118366
-25.2725272527252685 55.3601768412425059
-25.2525252525252455 92.6834954307646797
-25.2325232523252225 82.8433125371799690
-25.2125212521252138 67.6961129120212206
-25.1925192519251908 62.9081462460403884
-25.1725172517251679 61.6860602504909110
-25.1525152515251449 77.3821001274944109
-25.1325132513251219 45.1545914367477224
-25.1125112511251132 88.0317270442975826
-25.0925092509250902 70.9804763301919905
-25.0725072507250673 63.4002435479911810
-25.0525052505250443 95.2834241435846536
-25.0325032503250355 46.1850178148892070
-25.0125012501250126 84.7574388502126084
-24.9924992499249896 76.9534048387457403
-24.9724972497249667 59.5986099861966139
-24.9524952495249437 56.1368468510451990
-24.9324932493249349 41.1826815080404458
-24.9124912491249120 84.8743913847586811
-24.8924892489248890 68.2885053552588630
-24.8724872487248660 86.9253738178439477
-24.8524852485248431 64.0624476179723814
-24.8324832483248343 68.9286188643694402
-24.8124812481248114 81.4826722052344508
-24.7924792479247884 82.6489601071875200
-24.7724772477247654 65.3875522670784193
-24.7524752475247425 82.3434509695221379
-24.7324732473247337 73.0616883777310022
-24.7124712471247108 57.6300724821602159
-24.6924692469246878 49.7759492262558467
-24.6724672467246648 76.5751919258077152
-24.6524652465246419 83.1317782175455591
-24.6324632463246331 62.4255244400805722
-24.6124612461246102 71.2133918857329604
-24.5924592459245872 76.4641195506369939
-24.5724572457245642 90.6498925889736000
-24.5524552455245555 69.5996086558663762
-24.5324532453245325 48.2307840918677400
-24.5124512451245096 64.1158260459063456
-24.4924492449244866 53.8947934411879785
-24.4724472447244636 60.6600313119379848
-24.4524452445244549 72.0754194665335461
-24.4324432443244319 36.1423102166606967
-24.4124412441244090 51.4275817988051926
-24.3924392439243860 67.2650559927350002
-24.3724372437243630 71.1090673119692696
-24.3524352435243543 69.6929661052450911
-24.3324332433243313 69.7061927210612993
-24.3124312431243084 58.5219357526518067
-24.2924292429242854 85.3533927664936414
-24.2724272427242624 66.8553372134828834
-24.2524252425242537 71.1332259061860697
-24.2324232423242307 70.9941929829420246
-24.2124212421242078 72.4220680140323765
-24.1924192419241848 81.1756326967338282
-24.1724172417241618 68.2757275444045888
-24.1524152415241531 60.2258108108367054
-24.1324132413241301 57.1497837778756832
-24.1124112411241072 65.4771008010973503
-24.0924092409240842 61.9899836903548902
-24.0724072407240755 78.0351663728791607
-24.0524052405240525 67.1299293563866826
-24.0324032403240295 68.6437310769715339
-24.0124012401240066 68.4117370574797974
-23.9923992399239836 71.6486860773151761
-23.9723972397239748 79.5113164459000927
-23.9523952395239519 97.1255271535435440
-23.9323932393239289 77.1751151392028589
-23.9123912391239060 61.5046693879101412
-23.8923892389238830 60.3977637200897775
-23.8723872387238742 44.3542550585751485
-23.8523852385238513 79.7633740424785600
-23.8323832383238283 81.2429459964207865
-23.8123812381238054 67.5559043392376282
-23.7923792379237824 101.8563377189518349
-23.7723772377237736 52.3022070662064706
-23.7523752375237507 93.2033135340761731
-23.7323732373237277 90.4357691560384325
-23.7123712371237048 73.9289212214290075
-23.6923692369236818 65.4425472862760671
-23.6723672367236730 63.1517193096466301
-23.6523652365236501 63.3845502498046187
-23.6323632363236271 74.9616954167337752
-23.6123612361236042 62.5331448116278708
-23.5923592359235954 67.6415943450941484
-23.5723572357235724 63.8787089500838903
-23.5523552355235495 68.9595845495207982
-23.5323532353235265 63.5624072499197510
-23.5123512351235036 72.9992881624612977
-23.4923492349234948 69.6505524256506448
-23.4723472347234718 65.3874030880631665
-23.4523452345234489 55.3167009211473086
-23.4323432343234259 69.5480668948537755
-23.4123412341234030 44.5733205712308447
-23.3923392339233942 83.3873384325520419
-23.3723372337233712 67.1353802566270019
-23.3523352335233483 78.4423795096629419
-23.3323332333233253 56.9707527269187608
-23.3123312331233024 53.7526791074088734
-23.2923292329232936 62.3650088374865277
-23.2723272327232706 45.1011096533239879
-23.2523252325232477 80.8202913975734560
-23.2323232323232247 81.7008168821216856
-23.2123212321232018 72.7150808179389117
-23.1923192319231930 93.3438682219326239
-23.1723172317231700 53.4508135309533401
-23.1523152315231471 62.3573036351405108
-23.1323132313231241 74.4502744488085142
-23.1123112311231154 44.5728366611496156
-23.0923092309230924 63.9218285467526073
-23.0723072307230694 82.6037971212916915
-23.0523052305230465 71.9535824174242293
-23.0323032303230235 94.9760095644019913
-23.0123012301230148 55.3455106376125698
-22.9922992299229918 93.2028182380764321
-22.9722972297229688 59.4241539236017360
-22.9522952295229459 59.6913871655015171
-22.9322932293229229 64.3688609466433661
-22.9122912291229142 59.5436852856284418
-22.8922892289228912 61.0549448701082511
-22.8722872287228682 84.7565679456096603
-22.8522852285228453 70.9469270804464003
-22.8322832283228223 79.0722743182176089
-22.8122812281228136 41.6648687816148993
-22.7922792279227906 50.8291686735757509
-22.7722772277227676 43.4591203259171124
-22.7522752275227447 54.5175431862074547
-22.7322732273227217 38.8398836983825007
-22.7122712271227130 58.7499077679874944
-22.6922692269226900 46.6788294396854084
-22.6722672267226670 61.1121653086870396
-22.6522652265226441 53.2677715296171783
-22.6322632263226353 70.3736441875793162
-22.6122612261226124 60.2755812842647813
-22.5922592259225894 39.2158725410620761
-22.5722572257225664 67.5844942195789997
-22.5522552255225435 58.6448429718473747
-22.5322532253225347 64.8091632739758268
-22.5122512251225118 68.7127999592416927
-22.4922492249224888 66.8071063492006374
-22.4722472247224658 76.1257744736523279
-22.4522452245224429 82.1589342353125005
-22.4322432243224341 51.4805195387464849
-22.4122412241224112 71.1140066739086478
-22.3922392239223882 62.6844333690446618
-22.3722372237223652 58.3317226989758097
-22.3522352235223423 61.6765765638284833
-22.3322332233223335 47.6756228439554803
-22.3122312231223106 78.1415152698762796
-22.2922292229222876 49.4326197219513119
-22.2722272227222646 62.4448063888732960
-22.2522252225222417 61.4802592789902036
-22.2322232223222329 21.4675929954796771
-22.2122212221222100 66.5939101407911096
-22.1922192219221870 54.3177737147677320
-22.1722172217221640 66.7226959049201582
-22.1522152215221553 57.3330099632839207
-22.1322132213221323 79.2508640715001889
-22.1122112211221094 68.5224263235763544
-22.0922092209220864 53.9836209691507207
-22.0722072207220634 77.7059325560041572
-22.0522052205220547 35.9659841779578642
-22.0322032203220317 81.3908662495213946
-22.0122012201220087 53.9557023497897461
-21.9921992199219858 72.6366176490594597
-21.9721972197219628 50.3269803667967182
-21.9521952195219541 61.3417404154599026
-21.9321932193219311 59.2239994003478216
-21.9121912191219081 70.2154429813997751
-21.8921892189218852 63.3267479527851762
-21.8721872187218622 87.4988511387503820
-21.8521852185218535 49.1540069076918940
-21.8321832183218305 55.0559984159030193
-21.8121812181218075 69.7651605172581100
-21.7921792179217846 60.2062467152632834
-21.7721772177217616 72.1058511791047749
-21.7521752175217529 72.4034737292196979
-21.7321732173217299 59.5484836674160647
-21.7121712171217069 35.4384697659361123
-21.6921692169216840 59.7362077037185273
-21.6721672167216752 55.5351505682827522
-21.6521652165216523 67.7278528306069489
-21.6321632163216293 53.3103107929171074
-21.6121612161216063 55.9653502944146126
-21.5921592159215834 63.2579931633704362
-21.5721572157215746 56.9857428987097450
-21.5521552155215517 58.8344424682927354
-21.5321532153215287 55.8114222471919774
-21.5121512151215057 65.1530396402493324
-21.4921492149214828 74.3030385138211642
-21.4721472147214740 60.9744170923606816
-21.4521452145214511 63.1221388566493289
-21.4321432143214281 38.8019232297970120
-21.4121412141214051 85.2017796053463172
-21.3921392139213822 104.7463737628584681
-21.3721372137213734 31.8411265109151564
-21.3521352135213505 50.4868183410336684
-21.3321332133213275 72.0189949586620628
-21.3121312131213045 66.2931842249676890
-21.2921292129212816 81.5322067127164587
-21.2721272127212728 45.7196498034177452
-21.2521252125212499 56.6570674982581792
-21.2321232123212269 60.6312541198699861
-21.2121212121212039 61.3932536381254295
-21.1921192119211952 60.3902937193677189
-21.1721172117211722 57.8014842269917040
-21.1521152115211493 56.1190221445892163
-21.1321132113211263 59.7761589208845550
-21.1121112111211033 30.8295991169113321
-21.0921092109210946 74.7752696932373198
-21.0721072107210716 82.9254143590090393
-21.0521052105210487 77.4441996580472107
-21.0321032103210257 41.4294650713734995
-21.0121012101210027 55.6605617084841811
-20.9920992099209940 61.4485476714489920
-20.9720972097209710 53.5494370361356715
-20.9520952095209481 53.7123205752545090
-20.9320932093209251 66.7631020565130200
-20.9120912091209021 46.7467727625438414
-20.8920892089208934 54.8128467000587563
-20.8720872087208704 67.8738199116086918
-20.8520852085208475 57.6787760948513153
-20.8320832083208245 67.3585234422907320
-20.8120812081208015 54.4729084895447428
-20.7920792079207928 52.7120610967605927
-20.7720772077207698 76.9012787020513571
-20.7520752075207469 51.4738175150488217
-20.7320732073207239 59.8265837950530255
-20.7120712071207151 57.3136660119439085
-20.6920692069206922 60.8790772286032933
-20.6720672067206692 55.0081943037725836
-20.6520652065206463 71.0433174235647584
-20.6320632063206233 47.2284181115011421
-20.6120612061206145 40.0803397733206950
-20.5920592059205916 52.6660571978241023
-20.5720572057205686 75.3713215020313783
-20.5520552055205457 58.3277389156679504
-20.5320532053205227 63.9995330960806257
-20.5120512051205139 37.3897031777357540
-20.4920492049204910 67.1510346993618157
-20.4720472047204680 65.8911641643752688
-20.4520452045204451 54.5251952975636272
-20.4320432043204221 88.1876287537236720
-20.4120412041204133 59.6141414858013121
-20.3920392039203904 74.9427162638167914
-20.3720372037203674 40.1526047669282704
-20.3520352035203445 34.3457466249538257
-20.3320332033203215 40.5134732771307711
-20.3120312031203127 34.8697756825257414
-20.2920292029202898 52.2722760599047191
-20.2720272027202668 59.6774935053755371
-20.2520252025202439 21.5934083231836667
-20.2320232023202351 44.7987310575108779
-20.2120212021202121 46.5232609725847794
-20.1920192019201892 57.4356164387127492
-20.1720172017201662 63.2237899032446222
-20.1520152015201433 50.8719930313499304
-20.1320132013201345 42.1551411581080373
-20.1120112011201115 30.7668456982805054
-20.0920092009200886 67.7183590887574667
-20.0720072007200656 52.7890997007016622
-20.0520052005200426 79.9951366022953607
-20.0320032003200339 62.3023347538864343
-20.0120012001200109 67.3286606267671743
-19.9919991999199880 61.7328267924723946
-19.9719971997199650 51.5552772987859669
-19.9519951995199420 63.0514421856105685
-19.9319931993199333 63.4939097109243562
-19.9119911991199103 66.0159810531078932
-19.8919891989198874 40.0468976514927277
-19.8719871987198644 48.7161969187043553
-19.8519851985198414 51.4233431142276203
-19.8319831983198327 58.6202231610491609
-19.8119811981198097 64.3034118962804371
-19.7919791979197868 73.1832309463791404
-19.7719771977197638 69.2043583945891214
-19.7519751975197551 68.1848128589087423
-19.7319731973197321 49.4374877365377898
-19.7119711971197091 72.0091807902022936
-19.6919691969196862 48.5716916978849795
-19.6719671967196632 43.2597980372134714
-19.6519651965196545 54.9347048087036853
-19.6319631963196315 51.3556086626622204
-19.6119611961196085 92.8896924695826272
-19.5919591959195856 56.5667307302554576
-19.5719571957195626 48.9749064376940311
-19.5519551955195539 62.8521979364088708
-19.5319531953195309 46.8870501037055618
-19.5119511951195079 49.7006079146204129
-19.4919491949194850 56.0529618772673928
-19.4719471947194620 75.8095460259812626
-19.4519451945194533 52.3258068101160703
-19.4319431943194303 65.6877070126895717
-19.4119411941194073 33.1063731130720669
-19.3919391939193844 41.8558020091666378
-19.3719371937193614 29.1355022403659554
-19.3519351935193527 40.3758893642056762
-19.3319331933193297 48.9247635419873603
-19.3119311931193067 48.6409313652518307
-19.2919291929192838 54.9265774567890404
-19.2719271927192750 51.0373378707691217
-19.2519251925192521 40.2389781414225922
-19.2319231923192291 35.5324396456733709
-19.2119211921192061 66.8381384109891172
-19.1919191919191832 43.4543892172212480
-19.1719171917191744 61.3104327042360495
-19.1519151915191514 45.0258925855106114
-19.1319131913191285 59.8975239499818599
-19.1119111911191055 47.8809006631902108
-19.0919091909190826 84.5674329603030657
-19.0719071907190738 33.3114498124934784
-19.0519051905190508 27.3768616038318235
-19.0319031903190279 39.1769102599882189
-19.0119011901190049 52.2223054870400958
-18.9918991899189820 62.1419109826711775
-18.9718971897189732 45.1707353633233524
-18.9518951895189502 53.9713136445099479
-18.9318931893189273 43.7473916624453878
-18.9118911891189043 20.3415030187711920
-18.8918891889188814 50.0230808995618332
-18.8718871887188726 40.4690330892503241
-18.8518851885188496 46.4572208394503789
-18.8318831883188267 65.5723685897578576
-18.8118811881188037 43.5452469189500420
-18.7918791879187950 25.5502999432596880
-18.7718771877187720 32.0421117500604993
-18.7518751875187490 58.0395997275251645
-18.7318731873187261 36.4209830915937260
-18.7118711871187031 55.2779317133911832
-18.6918691869186944 33.3426060463607712
-18.6718671867186714 44.2381497065384082
-18.6518651865186484 56.0082186016210457
-18.6318631863186255 40.3308470085006547
-18.6118611861186025 21.3838573608255125
-18.5918591859185938 53.3256279399598867
-18.5718571857185708 78.9782993940793290
-18.5518551855185478 71.5737990789216951
-18.5318531853185249 42.4206061243261914
-18.5118511851185019 33.1745492073574866
-18.4918491849184932 67.4911514319772863
-18.4718471847184702 40.5082288523688305
-18.4518451845184472 39.9116176353593630
-18.4318431843184243 25.7112103254448527
-18.4118411841184013 39.9847793222425167
-18.3918391839183926 52.7240770804128758
-18.3718371837183696 57.9608647958827703
-18.3518351835183466 24.5419019965550760
-18.3318331833183237 69.9779218990061622
-18.3118311831183149 36.8979901511610748
-18.2918291829182920 30.4950645371384432
-18.2718271827182690 62.2541305807084058
-18.2518251825182460 56.0525754952724355
-18.2318231823182231 77.6625109497108923
-18.2118211821182143 31.4208608673349623
-18.1918191819181914 35.6798919236814740
-18.1718171817181684 31.1253028671614338
-18.1518151815181454 47.3891623000347977
-18.1318131813181225 38.3547894776882785
-18.1118111811181137 37.0389932611115000
-18.0918091809180908 69.2275088407882038
-18.0718071807180678 44.7842716981496665
-18.0518051805180448 57.0778942730459988
-18.0318031803180219 31.8202304664871818
-18.0118011801180131 38.6298976401493874
-17.9917991799179902 63.9121790980936950
-17.9717971797179672 24.6596259075157711
-17.9517951795179442 46.3381787413903723
-17.9317931793179213 47.1459345982257929
-17.9117911791179125 28.0938190001194030
-17.8917891789178896 35.0970279086259040
-17.8717871787178666 37.1972605054125864
-17.8517851785178436 51.3154454057890277
-17.8317831783178207 34.1207300538702611
-17.8117811781178119 41.3300100177114231
-17.7917791779177890 36.0040261697054333
-17.7717771777177660 54.8314519470416997
-17.7517751775177430 39.5775127773111279
-17.7317731773177343 21.1451545987331500
-17.7117711771177113 51.8760572542597203
-17.6917691769176884 50.0526660423552698
-17.6717671767176654 40.6161383841380825
-17.6517651765176424 28.7208564238933839
-17.6317631763176337 33.2437202393483346
-17.6117611761176107 81.9704878308058227
-17.5917591759175878 49.7632503808757178
-17.5717571757175648 61.5898198071804543
-17.5517551755175418 51.3452444802153352
-17.5317531753175331 54.0369721012008597
-17.5117511751175101 56.3873100042613515
-17.4917491749174872 55.0266198364641355
-17.4717471747174642 67.5177626269537399
-17.4517451745174412 65.5674500493386745
-17.4317431743174325 30.5181959265494172
-17.4117411741174095 39.9064521761782700
-17.3917391739173866 35.8780391877046014
-17.3717371737173636 44.3526253523714331
-17.3517351735173406 48.3802642614498950
-17.3317331733173319 64.4542037898746827
-17.3117311731173089 33.7622182644124749
-17.2917291729172860 46.3289516964771337
-17.2717271727172630 39.6806419358289588
-17.2517251725172542 42.8271550379308152
-17.2317231723172313 42.7865405257207598
-17.2117211721172083 37.7681651515777546
-17.1917191719171853 61.7031051621743245
-17.1717171717171624 56.1615395894170391
-17.1517151715171536 56.6466708640439620
-17.1317131713171307 49.5086883865397240
-17.1117111711171077 57.9433934795678525
-17.0917091709170847 66.8050370218907119
-17.0717071707170618 46.3401657796413886
-17.0517051705170530 37.3310898676880640
-17.0317031703170301 44.1701432065469248
-17.0117011701170071 54.8414340956825583
-16.9916991699169841 45.3867563446801938
-16.9716971697169612 54.8755083787580560
-16.9516951695169524 38.3066364671923196
-16.9316931693169295 57.5375837355865798
-16.9116911691169065 37.8394143144142845
-16.8916891689168835 45.7805218133073595
-16.8716871687168606 38.4958042992768981
-16.8516851685168518 31.7822497282346532
-16.8316831683168289 40.4028581569344354
-16.8116811681168059 43.0213875213228292
-16.7916791679167829 41.1806626387480321
-16.7716771677167742 35.8994977983915931
-16.7516751675167512 66.2848735773463886
-16.7316731673167283 7.4220288688687575
-16.7116711671167053 15.5243072148975259
-16.6916691669166823 31.5366745425919603
-16.6716671667166736 45.3268479255773187
-16.6516651665166506 40.5402855001397455
-16.6316631663166277 59.2546658874404386
-16.6116611661166047 39.6658102242772799
-16.5916591659165817 19.6566515379741951
-16.5716571657165730 48.2123099540094273
-16.5516551655165500 42.7642523421355207
-16.5316531653165271 54.3919943071944871
-16.5116511651165041 38.8860918077739299
-16.4916491649164811 39.6774170667998121
-16.4716471647164724 64.9296010794067229
-16.4516451645164494 34.6414601075249635
-16.4316431643164265 49.9559774953973630
-16.4116411641164035 59.9421464272569580
-16.3916391639163805 21.6246505279842225
-16.3716371637163718 -4.9431746831216685
-16.3516351635163488 39.6686343785365452
-16.3316331633163259 23.2276113480336548
-16.3116311631163029 63.0363697047860612
-16.2916291629162941 55.2158653767757173
-16.2716271627162712 37.8177215283179251
-16.2516251625162482 73.2975333526075730
-16.2316231623162253 51.7988048399771657
-16.2116211621162023 35.2906469557829681
-16.1916191619161935 39.1895034264669633
-16.1716171617161706 34.1021404815695632
-16.1516151615161476 63.1238750930943269
-16.1316131613161247 57.1539069526357864
-16.1116111611161017 31.4419471719043315
-16.0916091609160929 41.8095138284608510
-16.0716071607160700 58.1435416628640169
-16.0516051605160470 53.9973764123823585
-16.0316031603160241 63.8397314201548625
-16.0116011601160011 36.6475457772980278
-15.9915991599159923 30.5265178944560702
-15.9715971597159694 39.6050276953817786
-15.9515951595159464 11.8845485745185968
-15.9315931593159235 31.9280614387975419
-15.9115911591159005 53.9879502301456924
-15.8915891589158917 39.9126731715096028
-15.8715871587158688 49.3319697840844071
-15.8515851585158458 36.7249401191310199
-15.8315831583158229 45.6625618918603493
-15.8115811581158141 48.1397550329972077
-15.7915791579157911 54.1120193691054467
-15.7715771577157682 24.0252878692840639
-15.7515751575157452 40.5535715907304422
-15.7315731573157223 22.3094548431804931
-15.7115711571157135 76.4874037156927784
-15.6915691569156905 36.5512919113864285
-15.6715671567156676 44.5267793768175792
-15.6515651565156446 36.1396099025866562
-15.6315631563156217 48.3847466438647444
-15.6115611561156129 34.5731508699913235
-15.5915591559155899 35.7749406684875879
-15.5715571557155670 41.9167889540303236
-15.5515551555155440 41.5261095253514156
-15.5315531553155211 60.1192556792291555
-15.5115511551155123 32.8574720333121775
-15.4915491549154893 30.5916481781242098
-15.4715471547154664 35.4554420018197689
-15.4515451545154434 31.2388400964990893
-15.4315431543154205 38.9359991787450141
-15.4115411541154117 49.3608666819053354
-15.3915391539153887 26.0866399210714981
-15.3715371537153658 22.9499267585326763
-15.3515351535153428 11.7262198493737202
-15.3315331533153341 37.9459882795181827
-15.3115311531153111 48.9229798981992161
-15.2915291529152881 0.1023562812612937
-15.2715271527152652 43.0513113161315175
-15.2515251525152422 45.1212196161407917
-15.2315231523152335 39.7923070407733803
-15.2115211521152105 24.1340747031247673
-15.1915191519151875 19.7566811784246745
-15.1715171517151646 45.9223033817565067
-15.1515151515151416 10.4748029019680651
-15.1315131513151329 37.9007828346948159
-15.1115111511151099 60.5025107948568888
-15.0915091509150869 39.6249718526995807
-15.0715071507150640 28.3297665320216083
-15.0515051505150410 62.0907784073148292
-15.0315031503150323 54.5540978586765846
-15.0115011501150093 36.1437546779484862
-14.9914991499149863 31.7907947249002198
-14.9714971497149634 15.1891170396204949
-14.9514951495149404 38.5267688733452758
-14.9314931493149317 29.7601401137436135
-14.9114911491149087 8.3865910384223383
-14.8914891489148857 35.6545300374834966
-14.8714871487148628 30.1244259220978350
-14.8514851485148540 32.4862319118386083
-14.8314831483148311 6.9282514813357494
-14.8114811481148081 50.2329196034678063
-14.7914791479147851 25.6144437528379001
-14.7714771477147622 38.2052045178166111
-14.7514751475147534 45.7297253953050387
-14.7314731473147305 39.6746770346314719
-14.7114711471147075 22.4322042154936874
-14.6914691469146845 39.4525907668826008
-14.6714671467146616 35.3663900858820597
-14.6514651465146528 38.9068420713405203
-14.6314631463146299 36.3798071925532867
-14.6114611461146069 54.2339532855316691
-14.5914591459145839 67.1127809984254782
-14.5714571457145610 32.9675483819931117
-14.5514551455145522 25.1758805459853967
-14.5314531453145293 23.6364826296383477
-14.5114511451145063 25.1252569346762229
-14.4914491449144833 47.7358956000767449
-14.4714471447144604 29.9337703117209948
-14.4514451445144516 37.9758151625693898
-14.4314431443144287 37.7544589208184291
-14.4114411441144057 23.6331470215288277
-14.3914391439143827 45.3560589988271445
-14.3714371437143740 55.7662314522792428
-14.3514351435143510 54.7770213425431081
-14.3314331433143280 34.2004501531390659
-14.3114311431143051 15.5028465099931800
-14.2914291429142821 31.9607594550988061
-14.2714271427142734 26.9413687980189280
-14.2514251425142504 17.7925977475930708
-14.2314231423142274 43.2357361631586130
-14.2114211421142045 22.5458051714087020
-14.1914191419141815 49.8773477514583519
-14.1714171417141728 19.4634342732867722
-14.1514151415141498 29.6471435363662223
-14.1314131413141268 28.1034723080773929
-14.1114111411141039 44.4025099249310813
-14.0914091409140809 41.7523700577739660
-14.0714071407140722 39.9260504869683786
-14.0514051405140492 35.4465609907005899
-14.0314031403140262 22.8751193123909999
-14.0114011401140033 38.5128358452935515
-13.9913991399139803 22.7979872559853050
-13.9713971397139716 8.0867102945981983
-13.9513951395139486 29.3362767935260358
-13.9313931393139256 -1.1011070926070232
-13.9113911391139027 25.2920586368328841
-13.8913891389138939 42.2954684620413417
-13.8713871387138710 24.8911417496389049
-13.8513851385138480 19.1050947986699242
-13.8313831383138250 29.3960106897761975
-13.8113811381138021 22.2127005528041366
-13.7913791379137933 36.4002959833754929
-13.7713771377137704 32.8469982322648093
-13.7513751375137474 21.6569140247741387
-13.7313731373137244 54.2923990027429682
-13.7113711371137015 31.2125163315126848
-13.6913691369136927 47.3479028228993855
-13.6713671367136698 21.9347688977326136
-13.6513651365136468 20.0079728780994515
-13.6313631363136238 8.4133563921781693
-13.6113611361136009 6.1528702748546671
-13.5913591359135921 31.3554240189632409
-13.5713571357135692 28.5014918380309723
-13.5513551355135462 10.9102264712953492
-13.5313531353135232 23.9316716704403341
-13.5113511351135003 52.3914328237021749
-13.4913491349134915 22.9227373532653900
-13.4713471347134686 33.8032817607375335
-13.4513451345134456 25.0197322234490400
-13.4313431343134226 5.3527305716836331
-13.4113411341134139 37.8243019661853239
-13.3913391339133909 16.6456180710168695
-13.3713371337133680 28.3227237952094093
-13.3513351335133450 34.7751287269103884
-13.3313331333133220 55.1451797584755923
-13.3113311331133133 28.9330394906941386
-13.2913291329132903 8.4668854081749352
-13.2713271327132674 44.6957168264593676
-13.2513251325132444 26.4854151788350300
-13.2313231323132214 37.6621729930899960
-13.2113211321132127 -3.4368497805056997
-13.1913191319131897 34.7936056707054249
-13.1713171317131668 23.1570675077949772
-13.1513151315131438 40.4218192993276588
-13.1313131313131208 30.6934594908150515
-13.1113111311131121 27.6137298662627622
-13.0913091309130891 20.9292522921870550
-13.0713071307130662 40.3792919327530342
-13.0513051305130432 27.4099709327402827
-13.0313031303130202 7.5737909295376227
-13.0113011301130115 36.1055599993995600
-12.9912991299129885 17.7312084433409609
-12.9712971297129656 42.0648010766607712
-12.9512951295129426 6.2356056781698115
-12.9312931293129338 40.6927871527017970
-12.9112911291129109 37.3371176179008160
-12.8912891289128879 14.8233816736857964
-12.8712871287128650 13.6385400880541301
-12.8512851285128420 1.5103135524556244
-12.8312831283128332 17.1673713503643235
-12.8112811281128103 43.1298467820319402
-12.7912791279127873 22.6016324713275267
-12.7712771277127644 17.3045475573706753
-12.7512751275127414 37.8236964125657522
-12.7312731273127326 28.4579815301748376
-12.7112711271127097 39.7354648526303791
-12.6912691269126867 39.5284836065066401
-12.6712671267126638 23.8841023150481924
-12.6512651265126408 17.1892135848367431
-12.6312631263126320 33.3823223664912589
-12.6112611261126091 49.0590838920442138
-12.5912591259125861 21.3177006672742273
-12.5712571257125632 16.4650932065224929
-12.5512551255125402 2.1928593974369619
-12.5312531253125314 19.4761388691912423
-12.5112511251125085 26.2061562253264384
-12.4912491249124855 13.6919847075109224
-12.4712471247124626 28.1441985845492795
-12.4512451245124538 52.7579228064433465
-12.4312431243124308 21.2268868899315919
-12.4112411241124079 22.2892840430807126
-12.3912391239123849 50.2405250803430050
-12.3712371237123619 23.5071362154015659
-12.3512351235123532 22.2027412282411483
-12.3312331233123302 23.2048810934971108
-12.3112311231123073 19.6405218513985140
-12.2912291229122843 37.6475050892466214
-12.2712271227122613 17.8550980539079518
-12.2512251225122526 5.6103714383719741
-12.2312231223122296 16.4548461238153507
-12.2112211221122067 36.7082499132238524
-12.1912191219121837 25.9387222725761291
-12.1712171217121607 47.7782841019659230
-12.1512151215121520 44.7135898192335688
-12.1312131213121290 39.2666632411282990
-12.1112111211121061 13.2953351471781893
-12.0912091209120831 30.2217534724666557
-12.0712071207120601 28.3406290016073115
-12.0512051205120514 4.0966520999346159
-12.0312031203120284 -0.7413187152159395
-12.0112011201120055 12.4523721607565925
-11.9911991199119825 21.3199633318823309
-11.9711971197119738 11.1916692485527829
-11.9511951195119508 25.4988890746330803
-11.9311931193119278 37.1784577075615914
-11.9111911191119049 37.3273456506114627
-11.8911891189118819 20.1979954658959002
-11.8711871187118732 25.4499583303474957
-11.8511851185118502 33.9765668147621369
-11.8311831183118272 9.1103079763135746
-11.8111811181118043 23.5492875849922498
-11.7911791179117813 29.5841660225975609
-11.7711771177117726 33.6861708061956691
-11.7511751175117496 28.1129497479440573
-11.7311731173117266 20.4893872987506072
-11.7111711171117037 24.6082987596075178
-11.6911691169116807 25.9902233459931296
-11.6711671167116720 18.5782585377323386
-11.6511651165116490 24.8102961906891935
-11.6311631163116260 38.5401468473168691
-11.6111611161116031 40.1435717057954378
-11.5911591159115801 21.4676263507826413
-11.5711571157115714 23.5982968862111804
-11.5511551155115484 17.0029540393934298
-11.5311531153115254 11.8193735036898300
-11.5111511151115025 43.8301746459227388
-11.4911491149114937 2.4233618888794020
-11.4711471147114707 33.7742629636946035
-11.4511451145114478 36.2769785474827344
-11.4311431143114248 -1.4830124499425779
-11.4111411141114019 7.7050109991827718
-11.3911391139113931 33.5811692364870282
-11.3711371137113701 -8.9137502764122480
-11.3511351135113472 18.2236297638241247
-11.3311331133113242 14.3058788062130873
-11.3111311131113013 5.4949231156766913
-11.2911291129112925 42.1801473947604890
-11.2711271127112695 14.3289876316300084
-11.2511251125112466 17.5090450073783401
-11.2311231123112236 29.1303920364221405
-11.2111211121112007 24.8571137888704818
-11.1911191119111919 26.0036027101269198
-11.1711171117111689 9.9818462831995216
-11.1511151115111460 47.8683418382629498
-11.1311131113111230 37.8162490932277322
-11.1111111111111001 18.1393807747478881
-11.0911091109110913 0.0238880962962220
-11.0711071107110683 53.9785789711239801
-11.0511051105110454 25.4528711007950754
-11.0311031103110224 -11.8847828599189995
-11.0111011101110137 25.0509143663521954
-10.9910991099109907 16.5305778754052639
-10.9710971097109677 24.0462660380956734
-10.9510951095109448 28.7690946088169071
-10.9310931093109218 29.6409876963169125
-10.9110911091109131 51.5404317385194162
-10.8910891089108901 9.2652358483399091
-10.8710871087108671 27.2838431954354022
-10.8510851085108442 37.7403561723244323
-10.8310831083108212 14.2661319496572077
-10.8110811081108125 41.8885385759156961
-10.7910791079107895 30.4740539949984921
-10.7710771077107665 29.2841589090532608
-10.7510751075107436 14.6571008026625087
-10.7310731073107206 -8.1882172001463154
-10.7110711071107119 11.8523435818240728
-10.6910691069106889 8.8318676867184944
-10.6710671067106659 33.0467144019114016
-10.6510651065106430 -10.7558803589925631
-10.6310631063106200 1.9263605966984336
-10.6110611061106113 3.8147995356780466
-10.5910591059105883 21.4233471625843066
-10.5710571057105653 29.7692005405958149
-10.5510551055105424 32.2929601721694581
-10.5310531053105336 18.8748246695582296
-10.5110511051105107 -3.9801878185963773
-10.4910491049104877 23.5356195755212667
-10.4710471047104647 28.6631041036471501
-10.4510451045104418 16.9521675913339251
-10.4310431043104330 25.7381436417892537
-10.4110411041104101 24.0823842708556910
-10.3910391039103871 11.9023276861185803
-10.3710371037103641 11.3800330237734055
-10.3510351035103412 17.8848629613118462
-10.3310331033103324 13.2481418279704251
-10.3110311031103095 23.6238584469528945
-10.2910291029102865 10.3405852420502562
-10.2710271027102635 39.1652600810706346
-10.2510251025102406 19.1663377652397635
-10.2310231023102318 -17.6714351105095950
-10.2110211021102089 17.1626938209692632
-10.1910191019101859 15.1860948099777691
-10.1710171017101629 -4.3818360354351036
-10.1510151015101400 5.9760120025486714
-10.1310131013101312 29.5802320037218749
-10.1110111011101083 38.4810217208648311
-10.0910091009100853 13.9058238725351480
-10.0710071007100623 19.0468993100445552
-10.0510051005100536 27.3829420383775783
-10.0310031003100306 4.0633878440278082
-10.0110011001100077 10.2129634293537013
-9.9909990999099847 34.8067868678945302
-9.9709970997099617 0.6936706458760344
-9.9509950995099530 1.8402045324805325
-9.9309930993099300 2.7469368175343920
-9.9109910991099071 37.2600814347905356
-9.8909890989098841 -10.4863777874832174
-9.8709870987098611 0.9771633380284470
-9.8509850985098524 6.4367432769855490
-9.8309830983098294 21.1419299836376382
-9.8109810981098065 28.6707517922032373
-9.7909790979097835 33.8202017140343472
-9.7709770977097605 39.1254955732648995
-9.7509750975097518 -2.2198540543638625
-9.7309730973097288 40.7660527216760329
-9.7109710971097059 5.0141641725701653
-9.6909690969096829 22.4465425639348339
-9.6709670967096599 6.8376295585347791
-9.6509650965096512 -6.2583581540787154
-9.6309630963096282 4.1746256093111942
-9.6109610961096053 24.5452994794228267
-9.5909590959095823 21.9351998488654196
-9.5709570957095735 2.1979563626667957
-9.5509550955095506 -5.6774225493337642
-9.5309530953095276 28.1008079238845667
-9.5109510951095046 26.1790633400811714
-9.4909490949094817 35.3547647651630257
-9.4709470947094729 1.6482310103559641
-9.4509450945094500 5.5921060820991180
-9.4309430943094270 28.5422496307397822
-9.4109410941094040 23.9190697608502241
-9.3909390939093811 22.0153721762424581
-9.3709370937093723 -1.2283849133171305
-9.3509350935093494 18.5760959958322331
-9.3309330933093264 6.8081158928188996
-9.3109310931093034 4.0443816387398979
-9.2909290929092805 3.4081147811003003
-9.2709270927092717 28.4025780970107071
-9.2509250925092488 -6.5454552577949006
-9.2309230923092258 23.5024853919343073
-9.2109210921092028 28.2136559607022903
-9.1909190919091799 17.8276870702023231
-9.1709170917091711 28.3451681836078961
-9.1509150915091482 13.9829818496048475
-9.1309130913091252 -3.2058172559867160
-9.1109110911091022 17.2818682986029692
-9.0909090909090935 -6.2104426881044041
-9.0709070907090705 19.2869666276262599
-9.0509050905090476 19.1804544292215908
-9.0309030903090246 42.8999297298449633
-9.0109010901090016 22.5064444185905828
-8.9908990899089929 23.3003258712039028
-8.9708970897089699 1.3179661931205935
-8.9508950895089470 -4.7605681739010528
-8.9308930893089240 39.8337723661436769
-8.9108910891089010 6.4455002992918526
-8.8908890889088923 21.0040438288887117
-8.8708870887088693 8.4720088802100229
-8.8508850885088464 -0.7794865605244716
-8.8308830883088234 13.0405538678939301
-8.8108810881088004 4.2918619386903902
-8.7908790879087917 8.1554131773789873
-8.7708770877087687 39.6742178947636148
-8.7508750875087458 29.7920242774948960
-8.7308730873087228 40.6051201523279772
-8.7108710871086998 1.0870179612086908
-8.6908690869086911 -9.5863375304101250
-8.6708670867086681 5.7657830460437829
-8.6508650865086452 23.3316934170073758
-8.6308630863086222 21.7381297969076179
-8.6108610861086134 32.3797185634959988
-8.5908590859085905 5.5007573972174324
-8.5708570857085675 15.6185578416116044
-8.5508550855085446 1.5409075772235035
-8.5308530853085216 1.6745769412536919
-8.5108510851085128 5.7665366599995789
-8.4908490849084899 10.4749560529988752
-8.4708470847084669 11.9100206843918155
-8.4508450845084440 16.2531900306628110
-8.4308430843084210 -1.7402059333259885
-8.4108410841084122 4.7959712075460184
-8.3908390839083893 14.6629241308536731
-8.3708370837083663 -6.5184914893869195
-8.3508350835083434 2.3021007993010674
-8.3308330833083204 11.4524172023146598
-8.3108310831083116 14.0157899758078681
-8.2908290829082887 3.7581551520673289
-8.2708270827082657 12.2860976334860812
-8.2508250825082428 -4.1718412096815172
-8.2308230823082198 -3.4913629289119346
-8.2108210821082110 3.7050154211111712
-8.1908190819081881 13.8234331693716435
-8.1708170817081651 -13.3208101830742667
-8.1508150815081422 -3.4863184162037193
-8.1308130813081334 7.0556569481792248
-8.1108110811081104 4.2173017187361799
-8.0908090809080875 4.8853526211045271
-8.0708070807080645 16.4629275981050753
-8.0508050805080416 6.8840906940426247
-8.0308030803080328 17.6000512204345441
-8.0108010801080098 5.5907822579802344
-7.9907990799079869 14.7503297504684632
-7.9707970797079639 39.9437834299653645
-7.9507950795079410 37.6603215245515202
-7.9307930793079322 -4.8861275362768559
-7.9107910791079092 7.9175363326060335
-7.8907890789078863 14.0367686669534972
-7.8707870787078633 -23.5480198594703367
-7.8507850785078404 -12.7423045593815196
-7.8307830783078316 13.0023566555588879
-7.8107810781078086 8.9011807380957535
-7.7907790779077857 6.5180775993522886
-7.7707770777077627 -2.0268096049444022
-7.7507750775077398 11.3674459702183235
-7.7307730773077310 -7.4464973912154679
-7.7107710771077080 18.9944728078536578
-7.6907690769076851 7.0702884395763519
-7.6707670767076621 -1.5339094465439551
-7.6507650765076392 10.8448926215596622
-7.6307630763076304 6.6264185112705638
-7.6107610761076074 -6.6449819498099405
-7.5907590759075845 14.2298787321837459
-7.5707570757075615 -25.7622500455883916
-7.5507550755075528 13.1444278669116628
-7.5307530753075298 -9.0211651431265345
-7.5107510751075068 8.4656442817555373
-7.4907490749074839 22.9666090987676590
-7.4707470747074609 -0.3988327078131890
-7.4507450745074522 6.6542741024285696
-7.4307430743074292 29.7942677307570314
-7.4107410741074062 -3.5457781236506607
-7.3907390739073833 19.7593396584541878
-7.3707370737073603 -4.6449994981280600
-7.3507350735073516 -11.2983899836894821
-7.3307330733073286 -0.8939458167597012
-7.3107310731073056 -22.0020368790390393
-7.2907290729072827 24.9236499615625178
-7.2707270727072597 0.7108955770380234
-7.2507250725072510 30.3967399043128381
-7.2307230723072280 -11.3563985199117461
-7.2107210721072050 -0.5623369573172843
-7.1907190719071821 3.8627545669102523
-7.1707170717071591 -1.5202200268049699
-7.1507150715071504 -3.4418051666837961
-7.1307130713071274 18.1598611682321298
-7.1107110711071044 -12.7847012468170895
-7.0907090709070815 15.3332715438137370
-7.0707070707070727 0.1256379055860997
-7.0507050705070498 12.7634388255136138
-7.0307030703070268 21.8542316833710615
-7.0107010701070038 9.6861046584258972
-6.9906990699069809 -12.8173004474241061
-6.9706970697069721 9.0396951844380435
-6.9506950695069492 33.5667571216109053
-6.9306930693069262 -1.2674946743752828
-6.9106910691069032 16.4230169576114235
-6.8906890689068803 1.7781078366708387
-6.8706870687068715 -11.2517541798696996
-6.8506850685068486 9.9420485312420546
-6.8306830683068256 -12.2318657096832730
-6.8106810681068026 -0.3299644650114901
-6.7906790679067797 22.8638838408004830
-6.7706770677067709 4.5497334347049918
-6.7506750675067480 28.1197806386821654
-6.7306730673067250 -1.1213458432416505
-6.7106710671067020 -6.1816747500481926
-6.6906690669066791 -2.3579761734840634
-6.6706670667066703 0.4298217206747683
-6.6506650665066473 -15.6800128723212175
-6.6306630663066244 9.0759793030818106
-6.6106610661066014 -17.6391106676430347
-6.5906590659065927 1.6085029591099973
-6.5706570657065697 -27.4898539001731166
-6.5506550655065467 5.4453535757044147
-6.5306530653065238 19.5688397239233325
-6.5106510651065008 5.1487274697959116
-6.4906490649064921 2.2965796132587264
-6.4706470647064691 -1.4726706824761595
-6.4506450645064461 9.6462588940980538
-6.4306430643064232 20.6206101982271051
-6.4106410641064002 12.6703497813855979
-6.3906390639063915 6.0666883144823318
-6.3706370637063685 -3.9478167583232469
-6.3506350635063455 7.2841005886829935
-6.3306330633063226 -1.3904381065835483
-6.3106310631062996 -8.3604865653697473
-6.2906290629062909 3.0924476944248211
-6.2706270627062679 -2.2168902393532357
-6.2506250625062449 -7.3696779472605556
-6.2306230623062220 14.1769153499209395
-6.2106210621061990 -13.0002992009943608
-6.1906190619061903 5.3026940819302499
-6.1706170617061673 -6.4613041719827438
-6.1506150615061443 18.4623578234946955
-6.1306130613061214 -0.3038819840979077
-6.1106110611061126 -13.6569953318427046
-6.0906090609060897 -12.9732756206703588
-6.0706070607060667 -8.1418367496284603
-6.0506050605060437 -7.8110540195401601
-6.0306030603060208 13.1176702633150484
-6.0106010601060120 11.8770558943032594
-5.9905990599059891 -11.0830854759770521
-5.9705970597059661 13.4810326923543560
-5.9505950595059431 6.0596676223741355
-5.9305930593059202 -4.7586491576176346
-5.9105910591059114 21.0202773606925675
-5.8905890589058885 0.5785082413480125
-5.8705870587058655 34.7631977903230336
-5.8505850585058425 14.3822049621527608
-5.8305830583058196 8.5987048650873046
-5.8105810581058108 9.1616775972163946
-5.7905790579057879 13.6115429937369292
-5.7705770577057649 -10.4761428183530487
-5.7505750575057419 7.9840461805899468
-5.7305730573057190 31.4876216161248550
-5.7105710571057102 -29.8215365495963987
-5.6905690569056873 -1.2965732862662855
-5.6705670567056643 -7.4623719184609687
-5.6505650565056413 -10.5436228677835722
-5.6305630563056326 -10.4008704985154843
-5.6105610561056096 2.3916007270037185
-5.5905590559055867 11.7919417559433697
-5.5705570557055637 -5.1819710074494427
-5.5505550555055407 -7.3958882534941317
-5.5305530553055320 -1.8071701748692734
-5.5105510551055090 -10.0428973617107182
-5.4905490549054861 8.5594979407676810
-5.4705470547054631 -14.6381783689271820
-5.4505450545054401 6.2115103749914331
-5.4305430543054314 12.9638659497872322
-5.4105410541054084 -0.2440946400550627
-5.3905390539053855 -10.3808103354734467
-5.3705370537053625 14.3016987319388811
-5.3505350535053395 18.1825961645726011
-5.3305330533053308 -19.8940329722098816
-5.3105310531053078 11.2137254040061336
-5.2905290529052849 10.5736074573939636
-5.2705270527052619 -5.1225586887490753
-5.2505250525052389 9.6812672393455959
-5.2305230523052302 -11.6032340314034474
-5.2105210521052072 -8.5565274110757628
-5.1905190519051843 3.9634255398317322
-5.1705170517051613 0.3024606693405270
-5.1505150515051525 2.2495845815843256
-5.1305130513051296 -12.0132381694834560
-5.1105110511051066 -10.7443932693575324
-5.0905090509050837 -13.3394877365025106
-5.0705070507050607 18.6943675355984098
-5.0505050505050519 1.9106628471624045
-5.0305030503050290 15.7313773170790299
-5.0105010501050060 9.7174671662083298
-4.9904990499049831 -4.1137477704500292
-4.9704970497049601 -14.4003656384895979
-4.9504950495049513 17.0215363869874743
-4.9304930493049284 -1.1524137384960891
-4.9104910491049054 -5.7978127926576022
-4.8904890489048825 1.1932697209359224
-4.8704870487048595 -17.5595199372391839
-4.8504850485048507 2.2544664257037241
-4.8304830483048278 14.8780248013563217
-4.8104810481048048 18.4911274167826889
-4.7904790479047819 19.3152816466954640
-4.7704770477047589 1.8375766671536915
-4.7504750475047501 -13.8762719556468976
-4.7304730473047272 24.3338685368515790
-4.7104710471047042 -9.6889958083501533
-4.6904690469046812 8.2193609015455706
-4.6704670467046725 6.9880055623674924
-4.6504650465046495 -17.5000664900702532
-4.6304630463046266 2.3945166503600177
-4.6104610461046036 3.8112772846277325
-4.5904590459045806 -16.4317820061335524
-4.5704570457045719 35.7398397047467924
-4.5504550455045489 24.5064085364831286
-4.5304530453045260 -1.6462195975778959
-4.5104510451045030 -1.2443931476475478
-4.4904490449044800 -6.4804834489799017
-4.4704470447044713 -12.8293232174610914
-4.4504450445044483 1.0943662903105271
-4.4304430443044254 0.9353092161214738
-4.4104410441044024 3.3717339630524661
-4.3904390439043794 -26.7146218472186661
-4.3704370437043707 -16.0910472659019881
-4.3504350435043477 -5.7704509320601165
-4.3304330433043248 28.7558600064305807
-4.3104310431043018 -22.0556036585310729
-4.2904290429042788 -1.7352885137671001
-4.2704270427042701 8.3176411564502430
-4.2504250425042471 -5.3687123108080952
-4.2304230423042242 -12.5131413465621559
-4.2104210421042012 -7.7321095770313040
-4.1904190419041925 6.0474667766153729
-4.1704170417041695 -10.2902759174691774
-4.1504150415041465 3.0705693113106496
-4.1304130413041236 7.0802966013566451
-4.1104110411041006 -14.3920859407126009
-4.0904090409040919 -12.8686191141169637
-4.0704070407040689 -12.3673699092550962
-4.0504050405040459 -27.3766837341729747
-4.0304030403040230 2.8910951297657874
-4.0104010401040000 -0.5671823652684349
-3.9903990399039913 -4.6568365393990696
-3.9703970397039683 -14.6812804297936665
-3.9503950395039453 2.3694791050613135
-3.9303930393039224 -0.1416012472657560
-3.9103910391038994 -1.5432657774569574
-3.8903890389038907 3.5227813985895935
-3.8703870387038677 -16.7960195771817062
-3.8503850385038447 -15.7155790433754312
-3.8303830383038218 6.2226873592612977
-3.8103810381037988 -14.5834728726120471
-3.7903790379037900 -26.5793656171084649
-3.7703770377037671 -9.3873518892544947
-3.7503750375037441 6.8355674011375775
-3.7303730373037212 -5.4037016592828957
-3.7103710371037124 4.6025693990045671
-3.6903690369036894 -31.8823458608977610
-3.6703670367036665 -11.6499891316466133
-3.6503650365036435 6.7762949480755488
-3.6303630363036206 -13.4839402204432801
-3.6103610361036118 4.3611101125683840
-3.5903590359035888 -1.6704034447035077
-3.5703570357035659 -0.7474280912882900
-3.5503550355035429 -7.1751772627948087
-3.5303530353035200 -24.5309808934504687
-3.5103510351035112 -26.1845063440308365
-3.4903490349034882 -5.7433930440822456
-3.4703470347034653 -15.0603470793867125
-3.4503450345034423 -15.8684297952465414
-3.4303430343034194 -24.5776563706975679
-3.4103410341034106 -16.2700280015458105
-3.3903390339033876 7.0693058385751133
-3.3703370337033647 -15.4252076100233086
-3.3503350335033417 -16.6189177426314920
-3.3303330333033188 -28.5027185462616650
-3.3103310331033100 8.7010429986411708
-3.2903290329032870 -46.6841283387709964
-3.2703270327032641 7.0801143222934630
-3.2503250325032411 5.6997433778707558
-3.2303230323032324 1.8275813657938347
-3.2103210321032094 7.8898379553973745
-3.1903190319031864 -16.0974596120789712
-3.1703170317031635 -16.3298936262692145
-3.1503150315031405 -0.5694580074523277
-3.1303130313031318 5.6735826156707239
-3.1103110311031088 22.9110878531347772
-3.0903090309030858 2.0897592614235148
-3.0703070307030629 5.9436893971087654
-3.0503050305030399 -8.9354993639892690
-3.0303030303030312 -35.8697039631352865
-3.0103010301030082 0.5184063194923008
-2.9902990299029852 -3.1209309547458783
-2.9702970297029623 -7.5554578383593238
-2.9502950295029393 -25.1244199047189767
-2.9302930293029306 -1.4520340318823548
-2.9102910291029076 -9.9791360770110558
-2.8902890289028846 -9.3835068399226635
-2.8702870287028617 -7.3506887917178316
-2.8502850285028387 16.8953259467407868
-2.8302830283028300 -13.1353012535188736
-2.8102810281028070 -7.5037992377187415
-2.7902790279027840 3.8735107275080036
-2.7702770277027611 -0.8069996718706349
-2.7502750275027523 -17.5872903676905814
-2.7302730273027294 -11.2138484950725257
-2.7102710271027064 -12.6464314861442553
-2.6902690269026834 -4.1730443995996058
-2.6702670267026605 -25.8099904297903393
-2.6502650265026517 -23.5765297943768246
-2.6302630263026288 -39.3514626447483167
-2.6102610261026058 -23.4189583660068479
-2.5902590259025828 -33.6123235136983141
-2.5702570257025599 4.6948700859864161
-2.5502550255025511 -17.6184531660250627
-2.5302530253025282 -19.6102896978234398
-2.5102510251025052 -3.4684641116577435
-2.4902490249024822 16.7313980411696619
-2.4702470247024593 -6.0586948512420999
-2.4502450245024505 2.5809925580929587
-2.4302430243024276 -11.9125665123481586
-2.4102410241024046 -21.3218320651523214
-2.3902390239023816 -15.8962497503612887
-2.3702370237023587 -0.8128608076322195
-2.3502350235023499 -5.0673302174842361
-2.3302330233023270 -11.5166062742118029
-2.3102310231023040 -22.0385216070323295
-2.2902290229022810 -7.9498008626531078
-2.2702270227022723 -25.7004123386633339
-2.2502250225022493 -4.7223261669250309
-2.2302230223022264 -32.5370604069683083
-2.2102210221022034 -0.0832604235829919
-2.1902190219021804 -31.3388662492209988
-2.1702170217021717 0.7253364515638037
-2.1502150215021487 -3.8394520433119519
-2.1302130213021258 -24.7531014211482656
-2.1102110211021028 -30.3658778079629599
-2.0902090209020798 -17.8015118654144828
-2.0702070207020711 -17.7125021158441101
-2.0502050205020481 -6.7790134265425301
-2.0302030203020252 -35.6025598597515653
-2.0102010201020022 -24.7790727010713070
-1.9901990199019792 -11.7273851990301239
-1.9701970197019705 -22.4515346814672583
-1.9501950195019475 1.1696607760251947
-1.9301930193019246 -28.9799974984343010
-1.9101910191019016 -6.6058528344489940
-1.8901890189018786 -10.7247503281873655
-1.8701870187018699 -18.6797323017169994
-1.8501850185018469 -35.1979318950393889
-1.8301830183018239 -18.3305207446994949
-1.8101810181018010 -7.0044944043964481
-1.7901790179017922 -32.1098864417720478
-1.7701770177017693 -24.5117379876453860
-1.7501750175017463 -37.2469867651216262
-1.7301730173017233 -22.1247463417987049
-1.7101710171017004 -20.2486555790070639
-1.6901690169016916 1.6845418894564972
-1.6701670167016687 11.9366758299423523
-1.6501650165016457 -0.9011663972736450
-1.6301630163016227 -35.3417833731025084
-1.6101610161015998 -10.7944989249547074
-1.5901590159015910 -23.8897326299942137
-1.5701570157015681 -1.4022645548245602
-1.5501550155015451 8.9737644482355545
-1.5301530153015221 -26.9102847228411086
-1.5101510151014992 -2.8204561126958865
-1.4901490149014904 -5.7247274837367153
-1.4701470147014675 11.0840791934605676
-1.4501450145014445 -53.1383751783124580
-1.4301430143014215 17.7211140409018455
-1.4101410141013986 -27.8999974041423897
-1.3901390139013898 -21.6074643093425820
-1.3701370137013669 -3.5372762391621446
-1.3501350135013439 -19.6113227210691363
-1.3301330133013209 -11.6958219767442593
-1.3101310131013122 -23.7033091753423157
-1.2901290129012892 -37.4778962418942569
-1.2701270127012663 -13.8690470069983611
-1.2501250125012433 -3.4117614066076758
-1.2301230123012203 -4.9446352023174027
-1.2101210121012116 -13.8849046116763049
-1.1901190119011886 -57.1541369475487571
-1.1701170117011657 -19.6806562413259734
-1.1501150115011427 -23.1139919994865224
-1.1301130113011197 -18.7349197481752512
-1.1101110111011110 -21.4748212168514065
-1.0901090109010880 -17.2943269441340206
-1.0701070107010651 0.2886243325298512
-1.0501050105010421 -0.2063454480219029
-1.0301030103010191 -9.2474479733924753
-1.0101010101010104 -0.3357202645223172
-0.9900990099009874 -21.4567491414130771
-0.9700970097009645 -10.9623421360401601
-0.9500950095009415 -16.2303487373480877
-0.9300930093009185 -8.4165891228563510
-0.9100910091009098 -35.8111811748820088
-0.8900890089008868 -17.4328673425306846
-0.8700870087008639 3.3799577508014345
-0.8500850085008409 -39.5096951911451271
-0.8300830083008321 1.4575543078846529
-0.8100810081008092 -11.8189060254706124
-0.7900790079007862 -19.0626534336550435
-0.7700770077007633 -1.6550588030939029
-0.7500750075007403 -31.5547813077062216
-0.7300730073007315 3.1332664875961367
-0.7100710071007086 -41.7066217455958537
-0.6900690069006856 -21.7337324241648737
-0.6700670067006627 -18.5399470909637927
-0.6500650065006397 -3.4055868239178277
-0.6300630063006309 -16.9126911429883222
-0.6100610061006080 1.1839851842912630
-0.5900590059005850 -16.3226319704827567
-0.5700570057005621 2.2137631605225465
-0.5500550055005391 -21.1540232215135831
-0.5300530053005303 -9.1600484842941334
-0.5100510051005074 -6.7647067717012632
-0.4900490049004844 -29.2944369774963391
-0.4700470047004615 -18.0569020824551032
-0.4500450045004385 -6.8435166763412996
-0.4300430043004297 -15.5832993484978282
-0.4100410041004068 -20.7130843505520446
-0.3900390039003838 -11.1602536069788574
-0.3700370037003609 -38.0370619943338610
-0.3500350035003521 -24.0615443294777620
-0.3300330033003291 -29.5544546290139181
-0.3100310031003062 -36.3079039264704591
-0.2900290029002832 -30.3272237627107586
-0.2700270027002603 -13.3998131652620316
-0.2500250025002515 -19.1456346560762753
-0.2300230023002285 -33.9847643634341026
-0.2100210021002056 -1.9052231466982832
-0.1900190019001826 -9.1968733282291488
-0.1700170017001597 -10.1167132860137166
-0.1500150015001509 -9.3736362902590411
-0.1300130013001279 -38.3231528261567505
-0.1100110011001050 1.8189799117976335
-0.0900090009000820 12.6152957726553741
-0.0700070007000591 -41.9844383918670587
-0.0500050005000503 11.0410375771342171
-0.0300030003000273 -14.1597319344141432
-0.0100010001000044 -32.7116527895315699
0.0100010001000186 -9.8801371324633429
0.0300030003000415 -23.4111965543217693
0.0500050005000503 -17.5138828977194443
0.0700070007000733 -1.2305952434509582
0.0900090009000962 4.8063397249964304
0.1100110011001192 6.8989655087305746
0.1300130013001279 -14.7393618809109856
0.1500150015001509 20.8201178707398888
0.1700170017001739 -1.1900407308804546
0.1900190019001968 -9.4064185471253055
0.2100210021002198 -39.2840071390962677
0.2300230023002285 -24.5047705191035234
0.2500250025002515 -29.4816663314401417
0.2700270027002745 -18.6012343370973099
0.2900290029002974 -20.4055883195907626
0.3100310031003204 -20.4469837752436518
0.3300330033003291 -3.4668692335537390
0.3500350035003521 -5.0561981897427604
0.3700370037003751 -22.4179134506413753
0.3900390039003980 -21.4213776763853971
0.4100410041004210 -28.4829961461118302
0.4300430043004297 -31.5218397706847391
0.4500450045004527 -21.6672889673562992
0.4700470047004757 -14.4397792873713797
0.4900490049004986 -21.3038152570737580
0.5100510051005216 -7.2291936310494940
0.5300530053005303 -28.3438996851985827
0.5500550055005533 -28.7317031207631857
0.5700570057005763 -21.1876786700801674
0.5900590059005992 -8.6860693337547090
0.6100610061006080 -11.7426089674788727
0.6300630063006309 -9.8120659387061888
0.6500650065006539 7.8533461674082652
0.6700670067006769 -7.7655185463651470
0.6900690069006998 -20.0524906430782295
0.7100710071007086 -27.0989505339199113
0.7300730073007315 -48.3334882714762344
0.7500750075007545 -33.6652129042583823
0.7700770077007775 4.8453731541172793
0.7900790079008004 9.2048698458038274
0.8100810081008092 -24.6475046136955527
0.8300830083008321 -32.1121143714773893
0.8500850085008551 -3.1323917152955669
0.8700870087008781 1.1457486252010902
0.8900890089009010 -12.6129448533735040
0.9100910091009098 7.4357028327754975
0.9300930093009327 -33.5912004803180224
0.9500950095009557 -5.0517567651947335
0.9700970097009787 -59.9446562236961569
0.9900990099010016 -28.0677716414609506
1.0101010101010104 -24.0615723610986336
1.0301030103010334 -2.8728671723948676
1.0501050105010563 -15.3512952483695617
1.0701070107010793 -1.9406177849826634
1.0901090109010880 -21.1437172340219846
1.1101110111011110 -28.9370916433492376
1.1301130113011340 -14.6746745884143444
1.1501150115011569 26.4459210617257661
1.1701170117011799 -20.5462843566524604
1.1901190119011886 -15.6917817212571116
1.2101210121012116 -25.9372417712832046
1.2301230123012346 -26.7997414632400819
1.2501250125012575 -8.3563558170473176
1.2701270127012805 -24.0008127574800731
1.2901290129012892 5.4278925518769618
1.3101310131013122 2.9148943504399938
1.3301330133013352 -30.1696738079202689
1.3501350135013581 -27.6785242280758936
1.3701370137013811 -29.6975537404058372
1.3901390139013898 -7.5897045054021905
1.4101410141014128 -32.4704345674181027
1.4301430143014358 -24.4969784105533357
1.4501450145014587 -35.0788205805596007
1.4701470147014817 -36.6928911738953758
1.4901490149014904 15.2934641180871189
1.5101510151015134 -36.9000377582032613
1.5301530153015364 -22.3635623557409886
1.5501550155015593 -35.7609846012364727
1.5701570157015681 2.5817838597123632
1.5901590159015910 -26.1052330359958162
1.6101610161016140 -45.6741342396396988
1.6301630163016370 -16.4039837618396582
1.6501650165016599 -24.4365872791866252
1.6701670167016687 -19.3514451068625881
1.6901690169016916 -31.2482594225857753
1.7101710171017146 -6.9613436210232305
1.7301730173017376 -28.0897597578306168
1.7501750175017605 -26.5010399604472582
1.7701770177017693 -6.4276371464336730
1.7901790179017922 -49.9588333929673496
1.8101810181018152 -26.4975412700206796
1.8301830183018382 -17.3237376535116638
1.8501850185018611 12.8877852117926466
1.8701870187018699 -26.6292366077451668
1.8901890189018928 -6.8559034307297431
1.9101910191019158 -15.6797144993353097
1.9301930193019388 -1.3725194638595397
1.9501950195019617 -36.9712953217280074
1.9701970197019705 -33.0950165337076427
1.9901990199019934 -48.6519098186667449
2.0102010201020164 -33.2114282369794580
2.0302030203020394 -21.1899071106169643
2.0502050205020481 -19.3839773490573037
2.0702070207020711 -24.3266438136776912
2.0902090209020940 -13.2088302179378161
2.1102110211021170 -22.3406741687857142
2.1302130213021400 -3.1484064859179846
2.1502150215021487 -14.3435251484758481
2.1702170217021717 -13.3793925169859413
2.1902190219021946 -25.3569403863833607
2.2102210221022176 -13.9050834017556220
2.2302230223022406 -12.6580338700588566
2.2502250225022493 -11.0817005051474986
2.2702270227022723 -32.5779678315413790
2.2902290229022952 -30.3672728731150059
2.3102310231023182 -11.9291686735042983
2.3302330233023412 -20.4854498806654099
2.3502350235023499 -18.0171995298290355
2.3702370237023729 -14.8933975655397450
2.3902390239023958 -25.2186420136231355
2.4102410241024188 -12.7480079301442544
2.4302430243024418 -21.4890298362740850
2.4502450245024505 -27.9562579348827285
2.4702470247024735 -27.2335745394988535
2.4902490249024964 -27.8841919647777665
2.5102510251025194 -23.3071181279403170
2.5302530253025424 -20.3331516455409371
2.5502550255025511 -2.0523191992286591
2.5702570257025741 -19.7452494511020262
2.5902590259025970 -6.9804690528512463
2.6102610261026200 -25.4529383247306491
2.6302630263026288 -38.3457543040930204
2.6502650265026517 -37.1553763800752392
2.6702670267026747 -73.9139487874335401
2.6902690269026976 -31.8580430979209623
2.7102710271027206 -30.2463716027453664
2.7302730273027294 -27.6696983823477112
2.7502750275027523 -21.9198879996616540
2.7702770277027753 -32.4479190874316075
2.7902790279027982 -19.9640820981049814
2.8102810281028212 -42.4032341944677000
2.8302830283028300 -37.8229979449449729
2.8502850285028529 -11.9905134331911842
2.8702870287028759 -30.6352810761522178
2.8902890289028988 -37.4775257759858889
2.9102910291029218 0.0638502672794914
2.9302930293029306 -41.3654027419708754
2.9502950295029535 -43.7249983673756475
2.9702970297029765 -42.9073529093804495
2.9902990299029995 7.0527631337659642
3.0103010301030224 -20.8011339960611998
3.0303030303030312 -26.5082542580822818
3.0503050305030541 -42.2341342100427113
3.0703070307030771 -25.1999032231554310
3.0903090309031001 1.0579063715020744
3.1103110311031088 -38.3897411303723430
3.1303130313031318 -17.2167730434570529
3.1503150315031547 -13.4702974529263226
3.1703170317031777 -33.8738139941604999
3.1903190319032007 -10.0659586343009373
3.2103210321032094 -39.5146226588823737
3.2303230323032324 -7.5116914456916479
3.2503250325032553 -40.4592130159061867
3.2703270327032783 -25.0702088752338845
3.2903290329033013 -29.8531352288877798
3.3103310331033100 -20.5406839454449788
3.3303330333033330 -32.4962401570564055
3.3503350335033559 -25.6186107557920444
3.3703370337033789 -51.2669694978630446
3.3903390339034019 -18.3074729342163494
3.4103410341034106 -14.5895482396774661
3.4303430343034336 -23.8203368771128510
3.4503450345034565 -27.1576421913376720
3.4703470347034795 -35.5569274329517242
3.4903490349035025 -35.9534330355336493
3.5103510351035112 -13.1925383630997217
3.5303530353035342 -31.5306981623371740
3.5503550355035571 -22.4714929994153216
3.5703570357035801 -5.1036088742618020
3.5903590359035888 14.4095484605971151
3.6103610361036118 -54.0858735229401972
3.6303630363036348 -20.2595638601473027
3.6503650365036577 -15.5211150616406925
3.6703670367036807 -18.1772120099464409
3.6903690369036894 -23.2908687908566350
3.7103710371037124 -21.5188541085596157
3.7303730373037354 10.7388268356563792
3.7503750375037583 -43.0279966946882269
3.7703770377037813 -17.5252682306099494
3.7903790379037900 -13.5412348832631633
3.8103810381038130 -36.9684336598383823
3.8303830383038360 -31.9319521162887767
3.8503850385038589 -34.4043613162643567
3.8703870387038819 -52.7865630864535689
3.8903890389038907 -14.6263069172103606
3.9103910391039136 -20.2027467756016392
3.9303930393039366 -14.9451383838545500
3.9503950395039595 -14.8303179740911801
3.9703970397039825 -20.5377672188711777
3.9903990399039913 -11.7065469560906301
4.0104010401040142 10.5724304288413613
4.0304030403040372 6.0490981561562869
4.0504050405040601 -23.3354795162209214
4.0704070407040689 -21.9303895057175815
4.0904090409040919 -30.6857668308344032
4.1104110411041148 -27.7260953955008063
4.1304130413041378 -31.8181228369491649
4.1504150415041607 -56.1590056472821146
4.1704170417041695 -0.9008590145699422
4.1904190419041925 -32.5780770560092563
4.2104210421042154 -13.6540299627976260
4.2304230423042384 -19.2493916433513270
4.2504250425042613 -43.6319380100335366
4.2704270427042701 -20.2751808553462780
4.2904290429042931 -20.2381521558205755
4.3104310431043160 -37.9319530854406963
4.3304330433043390 -6.3582753098380635
4.3504350435043619 -29.6787603904430668
4.3704370437043707 -17.3067037303449389
4.3904390439043937 -23.9236742365789326
4.4104410441044166 -37.3900119140398317
4.4304430443044396 -35.6572808929383100
4.4504450445044625 -16.5602959361688242
4.4704470447044713 -31.8315704206653400
4.4904490449044943 -30.9797216377161284
4.5104510451045172 -7.7087161857950477
4.5304530453045402 -44.5106526452828959
4.5504550455045489 -18.2551630255201829
4.5704570457045719 -22.9722484632970740
4.5904590459045949 -26.0074512425085160
4.6104610461046178 -21.6149134602621125
4.6304630463046408 0.6496099747399526
4.6504650465046495 -39.5565605161822873
4.6704670467046725 -38.5853630277798132
4.6904690469046955 -33.5542749796027948
4.7104710471047184 13.3931923439379226
4.7304730473047414 13.0305017087233210
4.7504750475047501 -24.4375018145612195
4.7704770477047731 -59.9531887971157289
4.7904790479047961 -17.9141560807167295
4.8104810481048190 -40.4179359854090592
4.8304830483048420 -30.9253741295382518
4.8504850485048507 -15.2777472810207975
4.8704870487048737 -41.6601151329969994
4.8904890489048967 -7.3139936059537227
4.9104910491049196 -4.5748902018217414
4.9304930493049426 -9.1753127480499295
4.9504950495049513 -27.5858953683648132
4.9704970497049743 -38.8393814689352439
4.9904990499049973 -55.3656206913226470
5.0105010501050202 -25.0332775524789852
5.0305030503050290 -24.4670741069572202
5.0505050505050519 -35.4274399615031967
5.0705070507050749 -40.4052027901925186
5.0905090509050979 -19.1464790592254630
5.1105110511051208 -21.9371057473304596
5.1305130513051296 -27.3164022263325457
5.1505150515051525 -10.8416196205220103
5.1705170517051755 -36.3087865454631427
5.1905190519051985 -29.9751767050693729
5.2105210521052214 -21.8006208032493980
5.2305230523052302 -36.8467110262329811
5.2505250525052531 -22.8871911898985019
5.2705270527052761 -40.0452106273515653
5.2905290529052991 -26.2695761092816014
5.3105310531053220 10.8663639962322236
5.3305330533053308 -37.3927965783428533
5.3505350535053537 -38.3528757099602799
5.3705370537053767 -42.6676562255404690
5.3905390539053997 -56.8889407262430069
5.4105410541054226 -18.5694028355414282
5.4305430543054314 -39.9523255649402245
5.4505450545054543 -15.8158259792830140
5.4705470547054773 -30.3070586660545942
5.4905490549055003 -20.0078323024375599
5.5105510551055090 -10.5407821575965137
5.5305530553055320 -12.1954137431161094
5.5505550555055549 -12.5461190244500838
5.5705570557055779 -27.1603218575451280
5.5905590559056009 -27.5978820526785782
5.6105610561056096 -4.8359589062698234
5.6305630563056326 1.8900032684158603
5.6505650565056555 -31.0022596359743048
5.6705670567056785 -12.6198647664322010
5.6905690569057015 -48.4795245042377445
5.7105710571057102 -31.5477262942702197
5.7305730573057332 -39.1126940549783484
5.7505750575057561 -47.8555196643083391
5.7705770577057791 -18.4869959802604384
5.7905790579058021 -37.8609669783056262
5.8105810581058108 -36.4073881683428482
5.8305830583058338 -33.8050773571992593
5.8505850585058568 -23.3884483597452153
5.8705870587058797 -16.2985033304858078
5.8905890589059027 -28.7141208593980828
5.9105910591059114 -46.3310714581486138
5.9305930593059344 -9.6807284532005333
5.9505950595059574 -18.2365953011493573
5.9705970597059803 -22.2228829305746807
5.9905990599059891 -10.0860219276395053
6.0106010601060120 -43.5402261384447939
6.0306030603060350 -29.8900117415124136
6.0506050605060580 -30.3810946452283588
6.0706070607060809 -40.6834166223185321
6.0906090609060897 -40.5563189018780221
6.1106110611061126 -9.2065616344868637
6.1306130613061356 -25.5077159175726038
6.1506150615061586 -32.8775433398368477
6.1706170617061815 -13.9401272793750657
6.1906190619061903 -32.1394371092536488
6.2106210621062132 -38.2318668765853857
6.2306230623062362 -25.4223922253748498
6.2506250625062592 -51.8871354100998303
6.2706270627062821 -40.0197054931160281
6.2906290629062909 16.6773375733169082
6.3106310631063138 -30.6125391139263279
6.3306330633063368 -30.9359584895055342
6.3506350635063598 -28.5650015679330629
6.3706370637063827 -24.3983257539156533
6.3906390639063915 -22.3779931117057380
6.4106410641064144 -19.3756236575937066
6.4306430643064374 -11.0197832042231170
6.4506450645064604 -30.9344173221963743
6.4706470647064691 -24.9507381450421768
6.4906490649064921 -27.6372674124742730
6.5106510651065150 -26.3042589522399268
6.5306530653065380 -52.1497644412035299
6.5506550655065610 -9.7925414511278888
6.5706570657065697 -8.8061313076721071
6.5906590659065927 -12.7909367495442261
6.6106610661066156 -21.7724372576393250
6.6306630663066386 -58.4432933471073852
6.6506650665066616 -16.1685691010603776
6.6706670667066703 -21.2637358416048734
6.6906690669066933 -18.3884021905855519
6.7106710671067162 -28.9274976024308579
6.7306730673067392 -34.9473113792599079
6.7506750675067622 -31.4214206710640411
6.7706770677067709 -21.4978987661540657
6.7906790679067939 -35.4514611176917214
6.8106810681068168 -1.4765289158862593
6.8306830683068398 -3.4558533051901108
6.8506850685068628 -10.7633573375849121
6.8706870687068715 -24.2352757517680004
6.8906890689068945 -22.3582439951365330
6.9106910691069174 -36.7426909511672761
6.9306930693069404 -9.5518129374665151
6.9506950695069492 -36.0574985080576056
6.9706970697069721 -26.7439328094882356
6.9906990699069951 -14.0623580179452965
7.0107010701070180 -38.9530241477162207
7.0307030703070410 -20.5138775973979683
7.0507050705070498 -5.3237236951585594
7.0707070707070727 -36.8702797856374715
7.0907090709070957 -35.8766789365369334
7.1107110711071186 -12.2295878714081176
7.1307130713071416 -26.2383929009209140
7.1507150715071504 -13.9050688264312470
7.1707170717071733 -34.0727643457115619
7.1907190719071963 -8.6138073694007211
7.2107210721072192 -23.6441421747641130
7.2307230723072422 -29.3316058554939225
7.2507250725072510 -26.0654409237872926
7.2707270727072739 -13.7782449664284847
7.2907290729072969 -16.8856295253087190
7.3107310731073198 -33.1021736599208936
7.3307330733073428 -5.7142963169562258
7.3507350735073516 1.1332332219535282
7.3707370737073745 -14.8896738048825625
7.3907390739073975 -39.9145143340322477
7.4107410741074204 -48.0531623171998490
7.4307430743074292 -39.1393265222883286
7.4507450745074522 -27.4191253090697771
7.4707470747074751 -12.3337763810121324
7.4907490749074981 -23.3767292895376073
7.5107510751075210 -22.1509438893414909
7.5307530753075298 -33.2398637377766804
7.5507550755075528 -3.8934395746923869
7.5707570757075757 -8.2368101050078870
7.5907590759075987 -27.9675699047268864
7.6107610761076216 -41.7737990377964650
7.6307630763076304 -40.2986372284013683
7.6507650765076534 -39.8239942364843813
7.6707670767076763 -34.7648384136926865
7.6907690769076993 -24.4770709291300079
7.7107710771077222 -50.8153132382650625
7.7307730773077310 -21.0189306854870352
7.7507750775077540 -39.5128369595438116
7.7707770777077769 -2.5171015291538268
7.7907790779077999 -55.0860781656752607
7.8107810781078229 -15.1264273241695779
7.8307830783078316 -9.0112533428240198
7.8507850785078546 -8.8941566193445674
7.8707870787078775 -12.1510752703317504
7.8907890789079005 -34.0067908397242107
7.9107910791079092 -33.0825373174402984
7.9307930793079322 -45.7510761162484698
7.9507950795079552 -39.8962539239449470
7.9707970797079781 -35.4540575423763258
7.9907990799080011 -42.7217741377105042
8.0108010801080098 -7.7069164313282528
8.0308030803080328 -41.3508207697356767
8.0508050805080558 -5.1825377994776929
8.0708070807080787 -47.8732885126865000
8.0908090809081017 -16.9384317638494011
8.1108110811081104 -8.3813642373572321
8.1308130813081334 -36.1226467015954711
8.1508150815081564 -22.6876449642959770
8.1708170817081793 -28.8115753967401034
8.1908190819082023 -20.9416049811380631
8.2108210821082110 -24.0700328845782323
8.2308230823082340 -51.6320615306974560
8.2508250825082570 -18.3131092323015991
8.2708270827082799 -28.7419025158396693
8.2908290829083029 -45.4184805497524025
8.3108310831083116 -17.8471010655636420
8.3308330833083346 -18.9538682448225515
8.3508350835083576 -19.4865117796052090
8.3708370837083805 -24.2889996080478525
8.3908390839083893 -25.0195618304626137
8.4108410841084122 -38.8396094720161216
8.4308430843084352 -28.0779804651885527
8.4508450845084582 -28.0842312735061377
8.4708470847084811 -45.3082906565395263
8.4908490849084899 -27.8699772928024849
8.5108510851085128 -46.3778090247622714
8.5308530853085358 -27.4772658093878803
8.5508550855085588 -28.4762435485279681
8.5708570857085817 -12.1003411381454136
8.5908590859085905 -34.2450537208219430
8.6108610861086134 -47.4570392065217703
8.6308630863086364 -28.4175995838166600
8.6508650865086594 -21.5800580684212733
8.6708670867086823 -23.4086835919732650
8.6908690869086911 -48.9586206672794191
8.7108710871087141 -11.2650090199714512
8.7308730873087370 -34.5327093992843928
8.7508750875087600 -37.8110572978802040
8.7708770877087829 -40.3237509824957243
8.7908790879087917 -8.6472571021882843
8.8108810881088147 -22.1311060141422757
8.8308830883088376 -14.2308651364628052
8.8508850885088606 -40.2908471707817171
8.8708870887088693 -30.3000991275791023
8.8908890889088923 -35.7063055348859706
8.9108910891089153 -17.0934483808682742
8.9308930893089382 -20.8163400881418070
8.9508950895089612 -53.3090870788433620
8.9708970897089699 -36.5178534477504968
8.9908990899089929 -31.6737669093362832
9.0109010901090159 -10.7898229701707997
9.0309030903090388 -11.5476159584802591
9.0509050905090618 -39.1607244234520664
9.0709070907090705 -20.4757540800609767
9.0909090909090935 -51.8603453664241982
9.1109110911091165 -9.4851580952271561
9.1309130913091394 -18.3995777538999263
9.1509150915091624 -7.7124341508160050
9.1709170917091711 -17.5702930188625643
9.1909190919091941 -15.5146048385216933
9.2109210921092171 -30.4431482813164820
9.2309230923092400 -16.6301758615126900
9.2509250925092630 -53.0876980301280668
9.2709270927092717 -43.9209484522376101
9.2909290929092947 -15.7920856985384077
9.3109310931093177 -23.4583373080873976
9.3309330933093406 -15.8185872773836156
9.3509350935093494 -45.4011997889801293
9.3709370937093723 -37.8761435652887499
9.3909390939093953 -28.5391531964339897
9.4109410941094183 -47.4432859170805159
9.4309430943094412 -22.1447347405293229
9.4509450945094500 13.6159494006794226
9.4709470947094729 -31.8066295950507580
9.4909490949094959 -39.8577940221203519
9.5109510951095189 -40.0875778176351787
9.5309530953095418 -41.5968840401850599
9.5509550955095506 -31.0531814757161122
9.5709570957095735 -18.7217265851335775
9.5909590959095965 -32.4890600077381464
9.6109610961096195 -2.4042190831664954
9.6309630963096424 -15.8880129635310627
9.6509650965096512 -37.2022761077976654
9.6709670967096741 -22.4630805367422823
9.6909690969096971 -16.3657923468002622
9.7109710971097201 -48.1557254699946071
9.7309730973097430 -11.7064904974173540
9.7509750975097518 -50.8118105886726568
9.7709770977097747 -19.2859280733749223
9.7909790979097977 -8.8486970809370966
9.8109810981098207 -30.3676814242311259
9.8309830983098294 -7.1621128142466581
9.8509850985098524 -41.4112592740548209
9.8709870987098753 -18.2275602046157630
9.8909890989098983 -22.9703604294429411
9.9109910991099213 -24.0997965400402272
9.9309930993099300 -3.4303190321627781
9.9509950995099530 -28.7936095924257920
9.9709970997099759 -19.5360491635627938
9.9909990999099989 -19.6994804249293587
10.0110011001100219 -24.3429186162043081
10.0310031003100306 -40.6577543695721673
10.0510051005100536 -8.6587299958318305
10.0710071007100765 -58.6738898912048583
10.0910091009100995 -21.7997229303707556
10.1110111011101225 -24.3640301735073947
10.1310131013101312 -12.6042146921626248
10.1510151015101542 -23.1662583889841684
10.1710171017101771 -28.2082438929164034
10.1910191019102001 -36.4143425703222832
10.2110211021102231 -46.2519006203375440
10.2310231023102318 -28.6420330712804443
10.2510251025102548 -28.8124042485704983
10.2710271027102777 -26.1759240767480250
10.2910291029103007 -47.5203860437137848
10.3110311031103095 -42.0516482451068825
10.3310331033103324 -38.2410395087371313
10.3510351035103554 -0.6926856301434370
10.3710371037103783 -4.8877480134524376
10.3910391039104013 -15.8609934999732296
10.4110411041104101 -25.5951018593352089
10.4310431043104330 -40.8877233663156758
10.4510451045104560 -27.9201945558095233
10.4710471047104789 -33.6170063152710270
10.4910491049105019 -34.1928519140124578
10.5110511051105107 -7.6702062368455337
10.5310531053105336 -1.8704026074954179
10.5510551055105566 -30.1605925007536086
10.5710571057105795 -22.8626506221896584
10.5910591059106025 -5.0805180619466732
10.6110611061106113 -29.0603527635833458
10.6310631063106342 -45.4550100468561311
10.6510651065106572 -1.9497361606725399
10.6710671067106802 -40.6384907005083562
10.6910691069107031 -35.0364770116743856
10.7110711071107119 -7.4824735514950262
10.7310731073107348 -28.2980704352925443
10.7510751075107578 -29.2187382041290427
10.7710771077107808 -37.5246514671137845
10.7910791079107895 -26.4554813329156637
10.8110811081108125 0.8991295363695500
10.8310831083108354 -45.1320383202051687
10.8510851085108584 -27.2977681169167354
10.8710871087108814 -39.9706661212504173
10.8910891089108901 -21.0918307490416161
10.9110911091109131 -42.9158128183432552
10.9310931093109360 -34.2694977227551050
10.9510951095109590 -20.4112553224498825
10.9710971097109820 -22.4238539916098567
10.9910991099109907 -17.0990843864302917
11.0111011101110137 -38.7100206986258470
11.0311031103110366 -28.2963357180021653
11.0511051105110596 -44.3220568206923247
11.0711071107110826 -23.6850394181134369
11.0911091109110913 -35.9854396674834902
11.1111111111111143 -21.5528860892903040
11.1311131113111372 -30.7623762907326999
11.1511151115111602 -28.6092789485041905
11.1711171117111832 -56.2997406632101161
11.1911191119111919 -3.9913751208779864
11.2111211121112149 -32.3812338068809566
11.2311231123112378 -34.0636502139565422
11.2511251125112608 -28.4856645873388814
11.2711271127112695 -40.8049163848022971
11.2911291129112925 -0.0598056308721837
11.3111311131113155 -15.2205550949642952
11.3311331133113384 -26.9942361389857197
11.3511351135113614 -3.8140391830424925
11.3711371137113701 -16.7996515706534737
11.3911391139113931 -35.8141085005852275
11.4111411141114161 -17.4428979006238443
11.4311431143114390 -2.9934105815417951
11.4511451145114620 -42.3810716691517371
11.4711471147114707 -16.1099451367615139
11.4911491149114937 -29.5587604862441395
11.5111511151115167 -49.9190902666106879
11.5311531153115396 -33.0611119212417606
11.5511551155115626 -25.8913030254412035
11.5711571157115714 -21.0733937650384675
11.5911591159115943 -8.9044847447357469
11.6111611161116173 -15.2171696551902471
11.6311631163116402 -15.0681448013441432
11.6511651165116632 -7.9830743491182155
11.6711671167116720 -28.7527718296999240
11.6911691169116949 -27.0879580533925903
11.7111711171117179 -2.6654171661177273
11.7311731173117408 -18.0512956224843002
11.7511751175117496 -0.5566964097176310
11.7711771177117726 -11.4500568358974757
11.7911791179117955 -24.0664664750721116
11.8111811181118185 -41.3597836336841667
11.8311831183118414 -26.2397708878330675
11.8511851185118502 -40.8883817497559150
11.8711871187118732 -15.6103265474380031
11.8911891189118961 -39.9778396901990192
11.9111911191119191 -24.7276706336750642
11.9311931193119420 -5.2368393803579920
11.9511951195119508 -29.4438306110088455
11.9711971197119738 -39.8792344863392643
11.9911991199119967 -8.8183894304027568
12.0112011201120197 -39.0218743977093183
12.0312031203120426 -37.9143953932133186
12.0512051205120514 -27.2183460657032477
12.0712071207120744 -21.0768443563913657
12.0912091209120973 1.9171377603640352
12.1112111211121203 -4.5868686431997965
12.1312131213121432 -40.6085090143681953
12.1512151215121520 -36.0511900013967477
12.1712171217121750 -43.6236715266391570
12.1912191219121979 -45.5151626519735544
12.2112211221122209 -23.5154487387293898
12.2312231223122296 -37.0881648193265505
12.2512251225122526 -4.0774791970884579
12.2712271227122756 -17.7712282186034685
12.2912291229122985 -5.4756133578318753
12.3112311231123215 -25.6003828034675003
12.3312331233123302 -36.0851976906391627
12.3512351235123532 -22.0367400637472528
12.3712371237123762 -43.8685787791689989
12.3912391239123991 -8.2619205991084428
12.4112411241124221 -26.8514034366869616
12.4312431243124308 -37.2751372472448566
12.4512451245124538 -45.2203888832174954
12.4712471247124768 -45.3968534534045602
12.4912491249124997 -39.3305332637190475
12.5112511251125227 -20.0947794441977479
12.5312531253125314 -30.9299662630142151
12.5512551255125544 -22.0892891610177742
12.5712571257125774 -18.2697534312937684
12.5912591259126003 -19.2611959246632551
12.6112611261126233 -19.7119852400385511
12.6312631263126320 -42.6809368947300101
12.6512651265126550 -9.1240622737583692
12.6712671267126780 -7.3903950789770754
12.6912691269127009 -22.5399786554326411
12.7112711271127239 -46.2643206889335801
12.7312731273127326 -11.8448593962881255
12.7512751275127556 -52.6967058160379693
12.7712771277127786 0.6108675360883318
12.7912791279128015 -33.7861956932026573
12.8112811281128103 -6.3688233301185164
12.8312831283128332 -34.3909766056208781
12.8512851285128562 -34.8802628883109520
12.8712871287128792 -39.7244105598282147
12.8912891289129021 -41.6627110278239172
12.9112911291129109 -8.0703566245339253
12.9312931293129338 -36.0905242816477738
12.9512951295129568 -19.3911965932822312
12.9712971297129798 -12.4525369784130078
12.9912991299130027 -27.3811996200430876
13.0113011301130115 -30.1776202529462019
13.0313031303130344 -21.3520535599179375
13.0513051305130574 -50.5908958001891733
13.0713071307130804 -30.8515277737061702
13.0913091309131033 -21.7790043351444211
13.1113111311131121 -7.3951668614137311
13.1313131313131350 -22.6405625096259904
13.1513151315131580 -26.3457907791796302
13.1713171317131810 -43.2530741525821441
13.1913191319132039 -32.8836289859322051
13.2113211321132127 -1.6550043206246379
13.2313231323132356 -28.3597529680744387
13.2513251325132586 -31.7624871214121285
13.2713271327132816 -12.0436648683872196
13.2913291329132903 -33.6511452746413227
13.3113311331133133 10.8534901013641409
13.3313331333133362 -37.5888135803419914
13.3513351335133592 -18.8742690762771090
13.3713371337133822 -27.1173140214167248
13.3913391339133909 -6.1463954391999742
13.4113411341134139 -16.6554047484339307
13.4313431343134368 -15.7629001746307615
13.4513451345134598 -23.2535727577738527
13.4713471347134828 -22.8644339123073337
13.4913491349134915 -22.8221613472568770
13.5113511351135145 -15.3014594970801134
13.5313531353135375 -42.6604692780906447
13.5513551355135604 -34.9634408276869593
13.5713571357135834 -0.0422631234727646
13.5913591359135921 -29.1801046257487755
13.6113611361136151 -23.7514659235920149
13.6313631363136381 -14.6290738530805680
13.6513651365136610 -6.9787784457401720
13.6713671367136840 -6.9165223887136413
13.6913691369136927 -20.8436994114708902
13.7113711371137157 -24.7182940971222500
13.7313731373137387 -28.6455366397542761
13.7513751375137616 -7.0416983487143305
13.7713771377137704 -30.1566825244410062
13.7913791379137933 12.2641720347691283
13.8113811381138163 -34.6189113863392777
13.8313831383138393 -42.8057977036295512
13.8513851385138622 -14.7426035059407479
13.8713871387138710 -57.9547332375200028
13.8913891389138939 -19.0653869914653242
13.9113911391139169 -27.7491854306158849
13.9313931393139399 -38.2183970715420855
13.9513951395139628 -18.2169444097532924
13.9713971397139716 -11.0095024226299145
13.9913991399139945 -35.3317334350191885
14.0114011401140175 -20.4673589432258467
14.0314031403140405 -21.1749143440136542
14.0514051405140634 -37.0847090424150352
14.0714071407140722 -14.8648047850806382
14.0914091409140951 -18.9993218276183420
14.1114111411141181 -16.7285798097938425
14.1314131413141411 -43.7990835670253702
14.1514151415141640 -23.8900720303447436
14.1714171417141728 -40.8167242246856219
14.1914191419141957 -48.1093753555160504
14.2114211421142187 -18.4295068037508614
14.2314231423142417 -17.8460238560648001
14.2514251425142504 -5.0923682688260499
14.2714271427142734 -12.0890874388930918
14.2914291429142963 -17.7006661065435935
14.3114311431143193 -23.2683083171789100
14.3314331433143423 -36.0427452856270065
14.3514351435143510 -25.9821181569190713
14.3714371437143740 -1.9927109930789371
14.3914391439143969 -8.0530519958704598
14.4114411441144199 -16.5173700324573858
14.4314431443144429 -13.7892210738833381
14.4514451445144516 -0.3792483426922644
14.4714471447144746 -17.3860278575827323
14.4914491449144975 -59.2059370387819683
14.5114511451145205 -22.9562878982644527
14.5314531453145435 -28.9829962665976666
14.5514551455145522 -11.7970667136269327
14.5714571457145752 -3.5009930670200262
14.5914591459145981 -3.5190966763825848
14.6114611461146211 -29.9630390900738277
14.6314631463146441 -20.8747158729372480
14.6514651465146528 -44.3383410994731690
14.6714671467146758 -26.4652385588905865
14.6914691469146987 -14.2695091552577580
14.7114711471147217 -20.1928633757629576
14.7314731473147305 -34.4045881394659503
14.7514751475147534 -40.3712390774781085
14.7714771477147764 -39.5558949764729846
14.7914791479147993 -17.4812483651063957
14.8114811481148223 -5.1980442228350547
14.8314831483148311 -32.1951378553081753
14.8514851485148540 -24.5969776879618607
14.8714871487148770 -21.3651877422803338
14.8914891489148999 -29.3516592675891523
14.9114911491149229 -47.9857364728755300
14.9314931493149317 -11.3038209575346347
14.9514951495149546 -17.2671688887057329
14.9714971497149776 -9.8951977892721512
14.9914991499150005 0.7304904079190742
15.0115011501150235 -5.6329620611239335
15.0315031503150323 -8.0892199337898720
15.0515051505150552 -41.7008600078820351
15.0715071507150782 -32.5176545035724303
15.0915091509151011 -35.0705727423718301
15.1115111511151241 4.8538670225774005
15.1315131513151329 -26.1601982290907316
15.1515151515151558 -24.1662748294911118
15.1715171517151788 -8.4647616065734059
15.1915191519152017 -20.1549806684899551
15.2115211521152105 -15.8156292089365351
15.2315231523152335 -41.0517393294281803
15.2515251525152564 -19.6137728971054024
15.2715271527152794 -34.7796483037186235
15.2915291529153023 -21.1707466800767428
15.3115311531153111 -24.5483368502856507
15.3315331533153341 -22.6687136071139435
15.3515351535153570 -48.0236143854752981
15.3715371537153800 -21.3727105021960924
15.3915391539154029 -30.3556867044334382
15.4115411541154117 -36.5899027853505672
15.4315431543154347 -19.9090828859807765
15.4515451545154576 -22.2044638100755805
15.4715471547154806 -11.1012384893033857
15.4915491549155036 -11.9862266495560945
15.5115511551155123 -20.2614650919042951
15.5315531553155353 -30.1259404410861151
15.5515551555155582 -8.7969591894485628
15.5715571557155812 -30.8443850439449925
15.5915591559156042 -36.2777126932097218
15.6115611561156129 -31.3581318970142817
15.6315631563156359 -49.3643027607029978
15.6515651565156588 2.4682744040720053
15.6715671567156818 -19.0837001838422324
15.6915691569156905 -24.8190419395960546
15.7115711571157135 -14.3987491495235229
15.7315731573157365 -10.4833021818968319
15.7515751575157594 -16.1213229114041070
15.7715771577157824 -22.1044026529500997
15.7915791579157911 -21.3594538474886058
15.8115811581158141 10.7925117544408273
15.8315831583158371 -22.6229828663502381
15.8515851585158600 -18.9027810591455463
15.8715871587158830 -36.6210012913177110
15.8915891589158917 -18.4869858477718374
15.9115911591159147 -28.8413784619811935
15.9315931593159377 -15.6311486964708610
15.9515951595159606 -7.8881444949964052
15.9715971597159836 18.4492987865815543
15.9915991599159923 -18.2334065222883766
16.0116011601160153 3.2546235509909174
16.0316031603160383 -13.4175363984758071
16.0516051605160612 -11.2621352249364861
16.0716071607160842 -37.4145771239412710
16.0916091609160929 -25.6061161301333193
16.1116111611161159 -12.9635089395388174
16.1316131613161389 -17.6493491414357848
16.1516151615161618 -52.4485185948505830
16.1716171617161706 -22.4140074567813947
16.1916191619161935 -5.8110549168753742
16.2116211621162165 -24.9712563877014055
16.2316231623162395 -19.6821486694172378
16.2516251625162624 -22.3142304769082429
16.2716271627162712 -25.1023932909967336
16.2916291629162941 -31.5105158654714224
16.3116311631163171 -28.5632022958484697
16.3316331633163401 -33.0306324225147847
16.3516351635163630 -8.2845479046283756
16.3716371637163718 -31.0937646955306164
16.3916391639163948 -20.2665681952059309
16.4116411641164177 -7.3310429976388090
16.4316431643164407 -23.8189905009194085
16.4516451645164636 -17.5903377644776242
16.4716471647164724 -14.6835334521304013
16.4916491649164954 -33.1953080138323031
16.5116511651165183 -31.1009415086909442
16.5316531653165413 -20.3051114934622277
16.5516551655165642 -16.9227107665214511
16.5716571657165730 -15.7471193662909172
16.5916591659165960 -16.9276007626337055
16.6116611661166189 -16.6483518231249263
16.6316631663166419 -7.9977802801524192
16.6516651665166506 -52.5121871133761289
16.6716671667166736 -1.9381969500872245
16.6916691669166966 -26.9294190068440997
16.7116711671167195 -18.3894881837346134
16.7316731673167425 -32.8051812291702447
16.7516751675167512 -16.0114351736431821
16.7716771677167742 -12.0927220118317500
16.7916791679167972 -20.7390750247379003
16.8116811681168201 3.7626538600802633
16.8316831683168431 17.9168551252696346
16.8516851685168518 -16.1630452763776340
16.8716871687168748 -30.3785439504010313
16.8916891689168978 -33.5875055109689669
16.9116911691169207 -12.4160307917913251
16.9316931693169437 -11.2522551400043884
16.9516951695169524 -34.4013764233393715
16.9716971697169754 -9.3136938270769711
16.9916991699169984 17.9975639665971485
17.0117011701170213 -11.4188109193200660
17.0317031703170443 -5.4249453582921721
17.0517051705170530 -21.2141275389852773
17.0717071707170760 -14.3808980954310162
17.0917091709170990 -50.8479549546330887
17.1117111711171219 -4.7065034859773238
17.1317131713171307 -16.8943162013346857
17.1517151715171536 -13.6160299872870070
17.1717171717171766 -18.3830159846912053
17.1917191719171996 -11.6596167265402535
17.2117211721172225 -13.1472662058900056
17.2317231723172313 0.4130145844450261
17.2517251725172542 -12.3925385343886312
17.2717271727172772 -56.6895944420302058
17.2917291729173002 -48.9111261216251592
17.3117311731173231 -23.1510767363765524
17.3317331733173319 -27.7308686787292409
17.3517351735173548 -37.7411503787928027
17.3717371737173778 -15.9517480928682573
17.3917391739174008 -23.1849499153263992
17.4117411741174237 -33.7740259590038647
17.4317431743174325 -15.9507998842838603
17.4517451745174554 -22.0213809402007783
17.4717471747174784 9.2790299216409835
17.4917491749175014 -12.0495250870849482
17.5117511751175243 -37.1514142841418078
17.5317531753175331 4.5273581452341958
17.5517551755175560 -22.4335210647760555
17.5717571757175790 -27.9265488793358543
17.5917591759176020 10.9282907006496650
17.6117611761176107 -11.8326206550752318
17.6317631763176337 -43.7537365950808734
17.6517651765176566 -4.2335968783801015
17.6717671767176796 -37.4043574319043017
17.6917691769177026 -12.6726052936225422
17.7117711771177113 -30.5761589299088712
17.7317731773177343 -27.7193230782668039
17.7517751775177572 -26.0568459994575647
17.7717771777177802 -18.7284167651563713
17.7917791779178032 -25.2115113748340214
17.8117811781178119 -16.8047609893783907
17.8317831783178349 -9.8046864740108575
17.8517851785178578 -47.8389351962815681
17.8717871787178808 -32.3804024389931158
17.8917891789179038 -20.5534427959867223
17.9117911791179125 16.2859665528676025
17.9317931793179355 -13.0450965637021561
17.9517951795179584 -16.5486583508689904
17.9717971797179814 -9.6092696186419175
17.9917991799180044 -10.7279640647577885
18.0118011801180131 -8.1142931321187000
18.0318031803180361 -28.0581507014085929
18.0518051805180590 -0.8390679959106588
18.0718071807180820 -23.9664997067164940
18.0918091809180908 -18.7797874741174340
18.1118111811181137 -20.5485446712570337
18.1318131813181367 -9.3524253242687188
18.1518151815181596 -32.2004283995999003
18.1718171817181826 -27.9874785912352664
18.1918191819181914 -18.9263041593598196
18.2118211821182143 -10.0354322943809180
18.2318231823182373 -8.2274107425199965
18.2518251825182602 -5.6101737448256142
18.2718271827182832 -23.1876376020408266
18.2918291829182920 4.6963187213900959
18.3118311831183149 -4.4135703189637550
18.3318331833183379 -17.5643076192597007
18.3518351835183609 -31.0277621736974218
18.3718371837183838 -10.9293425141866614
18.3918391839183926 4.4605415690567529
18.4118411841184155 -34.3961739647773470
18.4318431843184385 -27.3557752901360303
18.4518451845184615 -14.1512447654834546
18.4718471847184844 -12.0095367673180959
18.4918491849184932 -10.6782866235555325
18.5118511851185161 -23.9289556586164451
18.5318531853185391 -0.7809160740584922
18.5518551855185621 35.5398885390210850
18.5718571857185708 -8.0038841356411581
18.5918591859185938 -6.4456583506722769
18.6118611861186167 -8.2779418849573982
18.6318631863186397 -8.5609098214049730
18.6518651865186627 -23.8668246603248946
18.6718671867186714 -12.6744739047025430
18.6918691869186944 -35.0360825009094938
18.7118711871187173 -5.9303549933304414
18.7318731873187403 4.9832007142178103
18.7518751875187633 4.1095250573051842
18.7718771877187720 -8.9671400516342636
18.7918791879187950 -14.5964897310649029
18.8118811881188179 14.9169684665912872
18.8318831883188409 -25.6815751260361189
18.8518851885188639 -21.8173346808338664
18.8718871887188726 -7.9305007753560952
18.8918891889188956 -1.4912974314149157
18.9118911891189185 -39.6898183689203137
18.9318931893189415 -33.2533224817118409
18.9518951895189645 -29.6785625126070158
18.9718971897189732 2.8695100017888162
18.9918991899189962 -3.4011398058279525
19.0119011901190191 -27.4638427441637418
19.0319031903190421 -16.3555748035305726
19.0519051905190508 -1.4130772835303773
19.0719071907190738 -31.1370159268805367
19.0919091909190968 -10.7664458231260411
19.1119111911191197 -4.4284515184115190
19.1319131913191427 -22.5684345099557291
19.1519151915191514 -16.7379061262191655
19.1719171917191744 12.1573584419928142
19.1919191919191974 -28.6550145099147215
19.2119211921192203 -15.9996816093220691
19.2319231923192433 9.1505397117202083
19.2519251925192521 16.3616397817807666
19.2719271927192750 -23.0619343263262664
19.2919291929192980 -16.8073795874893612
19.3119311931193209 -2.7679421936370368
19.3319331933193439 -24.9414953375240600
19.3519351935193527 6.8477300303742172
19.3719371937193756 4.2706518835863996
19.3919391939193986 -20.4427095895645152
19.4119411941194215 -33.1977659077125367
19.4319431943194445 -0.4817840864210172
19.4519451945194533 6.3813263074526851
19.4719471947194762 -3.8059048898764249
19.4919491949194992 -21.5663939999875680
19.5119511951195221 -9.4469110407137578
19.5319531953195309 -0.7250093714094792
19.5519551955195539 4.0407625617861136
19.5719571957195768 -5.5329186744994843
19.5919591959195998 -22.3422031310536866
19.6119611961196227 -29.9349884274068287
19.6319631963196315 -30.8721606108983408
19.6519651965196545 -5.5347999046421270
19.6719671967196774 -3.8281887153150489
19.6919691969197004 -6.3872773030468313
19.7119711971197233 -25.4621900479827730
19.7319731973197321 -5.7882150031793334
19.7519751975197551 14.6256193206258800
19.7719771977197780 -10.7713230642603506
19.7919791979198010 -18.2074770816451945
19.8119811981198239 -20.6961613105752669
19.8319831983198327 -23.6950072415296802
19.8519851985198557 -17.3400513175592863
19.8719871987198786 -29.8268822130868898
19.8919891989199016 -8.4646467173467066
19.9119911991199245 -3.0402125176394499
19.9319931993199333 -1.0493362382336500
19.9519951995199563 -33.3028580905073284
19.9719971997199792 -23.0289308336350871
19.9919991999200022 -27.1551471351708287
20.0120012001200109 -11.2877238231750017
20.0320032003200339 -4.0783598317124206
20.0520052005200569 -0.5707313754515084
20.0720072007200798 1.3683708289969623
20.0920092009201028 -22.0889438551007515
20.1120112011201115 -27.1381545236283657
20.1320132013201345 -22.8663980383160705
20.1520152015201575 -24.3893960799223244
20.1720172017201804 15.1186657785180429
20.1920192019202034 -25.7941322840196676
20.2120212021202121 -36.4812289310417270
20.2320232023202351 0.1140394065885513
20.2520252025202581 -1.0064987788882274
20.2720272027202810 -11.7770065271716220
20.2920292029203040 -27.9112649539734363
20.3120312031203127 -14.1706366221074340
20.3320332033203357 -17.9255554618806627
20.3520352035203587 -29.0888977963163242
20.3720372037203816 -6.5341750418149225
20.3920392039204046 -4.2718907851197647
20.4120412041204133 -25.1207636893786415
20.4320432043204363 -0.6717277809264850
20.4520452045204593 -0.0498131929820360
20.4720472047204822 -27.2797006035744865
20.4920492049204910 -24.2795230622383187
20.5120512051205139 -34.6142959891766324
20.5320532053205369 -18.6053159328816875
20.5520552055205599 -17.2040481221277020
20.5720572057205828 -4.0389104920409249
20.5920592059205916 -32.4788552934825034
20.6120612061206145 -19.9115208902928060
20.6320632063206375 0.2462296084199949
20.6520652065206605 -12.1885458983771500
20.6720672067206834 3.9488340752978512
20.6920692069206922 5.0186450745598545
20.7120712071207151 -15.3120903996830684
20.7320732073207381 -2.7096171891820964
20.7520752075207611 0.9825701540590206
20.7720772077207840 -15.2796625656392848
20.7920792079207928 -10.5716223596384626
20.8120812081208157 -25.3885857631879013
20.8320832083208387 3.1315513277429066
20.8520852085208617 -9.1989264686784384
20.8720872087208846 -6.8390325948803135
20.8920892089208934 -1.3258507685895644
20.9120912091209163 -25.2467407791682739
20.9320932093209393 19.6214129498002769
20.9520952095209623 -25.1690534899445773
20.9720972097209710 -1.0250827724884966
20.9920992099209940 -7.2789537121909902
21.0121012101210169 7.0488116625475286
21.0321032103210399 -26.1195148830304689
21.0521052105210629 -15.6193188173080877
21.0721072107210716 -17.5212784584206105
21.0921092109210946 -12.4008488730795570
21.1121112111211175 -26.8015684366597107
21.1321132113211405 6.3751183596878782
21.1521152115211635 -7.1137407846636753
21.1721172117211722 -6.2334490863486192
21.1921192119211952 -1.6116238193650174
21.2121212121212182 -16.4961660377848531
21.2321232123212411 14.2471407361916746
21.2521252125212641 -11.8300000728017647
21.2721272127212728 -14.3673343922444658
21.2921292129212958 17.0427382200025868
21.3121312131213188 -21.7475694636157222
21.3321332133213417 -1.0420004232624818
21.3521352135213647 -20.1449975087133950
21.3721372137213734 -1.9962244853846709
21.3921392139213964 -18.0679937326410069
21.4121412141214194 -5.9966708950657743
21.4321432143214423 -4.9185380367672407
21.4521452145214511 -5.8371213322936164
21.4721472147214740 -10.5929125760409022
21.4921492149214970 -6.1568531660710510
21.5121512151215200 5.6089691942846969
21.5321532153215429 -1.6134278251484062
21.5521552155215517 -11.7784341240778225
21.5721572157215746 0.5723963373284944
21.5921592159215976 -8.6918633146518633
21.6121612161216206 -19.4370484543135333
21.6321632163216435 -7.5521733870005239
21.6521652165216523 1.1075432444057158
21.6721672167216752 -10.0863973439991579
21.6921692169216982 8.9534524685077219
21.7121712171217212 2.0462401683382074
21.7321732173217441 -5.8753363980591198
21.7521752175217529 -25.7834735892158591
21.7721772177217758 -1.6448020943286226
21.7921792179217988 14.0875923360662032
21.8121812181218218 8.1436720652978210
21.8321832183218447 -29.9933970762267634
21.8521852185218535 -7.4111885334333696
21.8721872187218764 17.8954416638984597
21.8921892189218994 28.5220519208583383
21.9121912191219224 8.8846252193231816
21.9321932193219311 -20.3017344008160237
21.9521952195219541 15.2649386291439910
21.9721972197219770 -18.8248126480877218
21.9921992199220000 1.3027916133662663
22.0122012201220230 -11.9644257297989256
22.0322032203220317 -6.0909331479421951
22.0522052205220547 -7.5699818807834145
22.0722072207220776 -8.5422457150635456
22.0922092209221006 16.1786967196537859
22.1122112211221236 -9.2593406261082620
22.1322132213221323 -6.4930415087128326
22.1522152215221553 2.4420173801372824
22.1722172217221782 -5.3775291513344756
22.1922192219222012 -7.2945054625519177
22.2122212221222242 -15.2501662715399338
22.2322232223222329 5.2535626989776079
22.2522252225222559 12.9655635350607668
22.2722272227222788 12.0815116038427703
22.2922292229223018 10.7683689613992826
22.3122312231223248 -20.6571000143481456
22.3322332233223335 0.2604556041522565
22.3522352235223565 12.3840538866374494
22.3722372237223794 -19.2426961967758032
22.3922392239224024 -23.7802057550954231
22.4122412241224112 6.4753248746979182
22.4322432243224341 -7.5381886613517466
22.4522452245224571 9.7587801354535504
22.4722472247224800 9.6610467657513084
22.4922492249225030 -2.1430410067198471
22.5122512251225118 -3.9725728819904842
22.5322532253225347 -5.6409848183456326
22.5522552255225577 -9.9362718938204733
22.5722572257225806 6.6250110194295901
22.5922592259226036 12.8316185308346284
22.6122612261226124 8.8462886896744646
22.6322632263226353 1.7136234800596677
22.6522652265226583 29.2673201110002594
22.6722672267226812 -4.2392629718123072
22.6922692269227042 10.8017844257680409
22.7122712271227130 -36.5114626006075298
22.7322732273227359 5.1338173426317546
22.7522752275227589 -7.5127161783874117
22.7722772277227818 4.6050405927800373
22.7922792279228048 8.7907570812382279
22.8122812281228136 2.5186815648284249
22.8322832283228365 -24.0778793384766701
22.8522852285228595 10.4306903987558108
22.8722872287228824 -28.9167787462609809
22.8922892289228912 -2.4983218016554547
22.9122912291229142 2.0245180465839767
22.9322932293229371 1.7433632522478808
22.9522952295229601 2.7436545968947343
22.9722972297229830 23.8606672097675840
22.9922992299229918 -7.9897103176304558
23.0123012301230148 -22.0845692537845544
23.0323032303230377 11.1540810240799253
23.0523052305230607 9.5235440619087868
23.0723072307230836 -6.5630204748752217
23.0923092309230924 -1.0209026608538603
23.1123112311231154 6.8030847838937625
23.1323132313231383 15.9585136505422902
23.1523152315231613 -2.5584910756160699
23.1723172317231842 0.0293592952573192
23.1923192319231930 9.0058840184159941
23.2123212321232160 12.6378106808348125
23.2323232323232389 2.5103207185094742
23.2523252325232619 -10.4018527410809334
23.2723272327232849 -7.1208571019680340
23.2923292329232936 2.5671344570085690
23.3123312331233166 8.5333428417725461
23.3323332333233395 18.7766220281302729
23.3523352335233625 -8.3599999067747746
23.3723372337233855 -8.0226876359882962
23.3923392339233942 5.9931061832883810
23.4123412341234172 1.6776186547943852
23.4323432343234401 8.5694279667598554
23.4523452345234631 -8.2198392705287500
23.4723472347234718 -6.4840815618950192
23.4923492349234948 -13.2967544392142880
23.5123512351235178 -2.7817315141039796
23.5323532353235407 -10.2766917618633897
23.5523552355235637 16.9555235887407427
23.5723572357235724 -3.7973991950303758
23.5923592359235954 5.0603515185349428
23.6123612361236184 -18.0440917508565910
23.6323632363236413 5.4453279865282207
23.6523652365236643 5.1413130969894354
23.6723672367236730 -0.7245471880252637
23.6923692369236960 3.2758812867938514
23.7123712371237190 9.7426533452362634
23.7323732373237419 -13.8792362001949208
23.7523752375237649 0.9493191364943077
23.7723772377237736 -22.9630743517091105
23.7923792379237966 1.6154883490086820
23.8123812381238196 -17.4417461100176396
23.8323832383238425 -12.3030476514263363
23.8523852385238655 11.1834729758786029
23.8723872387238742 13.1185487082949876
23.8923892389238972 -13.4761920415492913
23.9123912391239202 2.1745850886917970
23.9323932393239431 3.9627389832829722
23.9523952395239519 -9.3104955067843349
23.9723972397239748 8.2828852659120997
23.9923992399239978 -2.0715864526401715
24.0124012401240208 -22.9690961696479832
24.0324032403240437 15.2665821003661009
24.0524052405240525 4.4351244443757736
24.0724072407240755 33.3903709838403699
24.0924092409240984 -6.5142459096837664
24.1124112411241214 8.7531653699475349
24.1324132413241443 -8.7880487483858456
24.1524152415241531 8.8086574412920253
24.1724172417241761 21.3267498638684039
24.1924192419241990 6.9997965398804265
24.2124212421242220 -2.5577493091028405
24.2324232423242449 12.6466241750406585
24.2524252425242537 3.0395335619958574
24.2724272427242767 -12.1683766859827927
24.2924292429242996 -10.9318750475316513
24.3124312431243226 -14.2185433513101191
24.3324332433243455 -8.4154781049445671
24.3524352435243543 -0.1536959300057905
24.3724372437243773 -1.4725970906444865
24.3924392439244002 2.6919050977054382
24.4124412441244232 -19.0667381749648968
24.4324432443244319 -4.0349528020481786
24.4524452445244549 17.6321387082435272
24.4724472447244779 16.1431379781551421
24.4924492449245008 12.0303291264122514
24.5124512451245238 -14.3468236068602994
24.5324532453245325 -18.7254654444579316
24.5524552455245555 12.5716848830058048
24.5724572457245785 -7.2182450971741279
24.5924592459246014 -7.3874687953460576
24.6124612461246244 -5.6366739175102802
24.6324632463246331 9.4398346496063379
24.6524652465246561 5.2264230603343931
24.6724672467246791 17.7840606064503817
24.6924692469247020 5.2069654544863413
24.7124712471247250 -16.7263198050177664
24.7324732473247337 19.3393124487922563
24.7524752475247567 20.9076607160022299
24.7724772477247797 0.0980871475148328
24.7924792479248026 -23.7442294967823244
24.8124812481248256 -8.4782589739191021
24.8324832483248343 3.4181401015932003
24.8524852485248573 25.4468824332204022
24.8724872487248803 -23.4928620327493078
24.8924892489249032 18.8334775103222647
24.9124912491249120 10.3478084061684470
24.9324932493249349 -14.5560843828988489
24.9524952495249579 -12.0989489089687723
24.9724972497249809 0.0950315195199023
24.9924992499250038 8.8482057316177851
25.0125012501250126 -9.8422931052208735
25.0325032503250355 -22.2535970298081907
25.0525052505250585 7.6552738601455523
25.0725072507250815 10.8221820135846869
25.0925092509251044 -12.3853009507113612
25.1125112511251132 -17.9669687426452569
25.1325132513251361 2.2139032837979831
25.1525152515251591 16.4397808774528293
25.1725172517251821 -8.0584178555628601
25.1925192519252050 -2.0079535252790874
25.2125212521252138 -9.3247197534383464
25.2325232523252367 -2.6768060865971171
25.2525252525252597 11.2248255524648588
25.2725272527252827 8.2732463887952630
25.2925292529253056 11.3912442217678169
25.3125312531253144 11.0147452397541095
25.3325332533253373 30.2375986460141135
25.3525352535253603 -5.5315439305599634
25.3725372537253833 34.6871179555129601
25.3925392539253920 4.5435164349584394
25.4125412541254150 5.8640645095136090
25.4325432543254379 24.0378358043199469
25.4525452545254609 0.3002313913070820
25.4725472547254839 13.8776006043634901
25.4925492549254926 18.5876166290310607
25.5125512551255156 3.7760046696617513
25.5325532553255385 6.0760685813366218
25.5525552555255615 -3.3726835076370740
25.5725572557255845 -6.6521175992564867
25.5925592559255932 8.3351187161859794
25.6125612561256162 0.2521895648051196
25.6325632563256391 -9.4189215276777389
25.6525652565256621 4.0216936362159235
25.6725672567256851 20.8161210788167494
25.6925692569256938 -14.9905683219322015
25.7125712571257168 32.8156910299765983
25.7325732573257397 -1.7621797043719063
25.7525752575257627 32.4074194185465601
25.7725772577257857 21.4286019481648040
25.7925792579257944 19.5707709574146094
25.8125812581258174 11.6063346595545287
25.8325832583258403 15.2445433966514834
25.8525852585258633 37.5040858633743923
25.8725872587258721 37.6192945273998731
25.8925892589258950 -2.2504966093753085
25.9125912591259180 10.7639907695071759
25.9325932593259409 21.5585805853612698
25.9525952595259639 20.0646963505296689
25.9725972597259727 16.8734759510432752
25.9925992599259956 17.6087261535545174
26.0126012601260186 -28.4558305422308244
26.0326032603260415 9.5116732796866064
26.0526052605260645 3.1896618166233583
26.0726072607260733 8.6961255186930799
26.0926092609260962 18.0628272697170864
26.1126112611261192 9.7811301230770518
26.1326132613261422 35.3140708060306565
26.1526152615261651 6.7149798653060451
26.1726172617261739 24.3504756156139699
26.1926192619261968 -4.2659982731657422
26.2126212621262198 32.3629948141784425
26.2326232623262428 -1.2947608406410733
26.2526252625262657 12.7749277538448389
26.2726272627262745 24.0455369536015020
26.2926292629262974 2.4140783480801193
26.3126312631263204 49.3272525826512407
26.3326332633263434 -7.0069670694028066
26.3526352635263521 6.3414055743806284
26.3726372637263751 39.8521829220184642
26.3926392639263980 3.8206426679569017
26.4126412641264210 9.3266419060930339
26.4326432643264440 4.6516474584099914
26.4526452645264527 16.9779097919865549
26.4726472647264757 17.3820402304046269
26.4926492649264986 3.9870473139464497
26.5126512651265216 34.6082496858502466
26.5326532653265446 -2.9863188313033184
26.5526552655265533 -10.4943519877228333
26.5726572657265763 20.2836896681351249
26.5926592659265992 7.5676898571844040
26.6126612661266222 14.1680697084020331
26.6326632663266452 35.5725787774281841
26.6526652665266539 5.8030363654322201
26.6726672667266769 8.2554882510084795
26.6926692669266998 16.2732372874769062
26.7126712671267228 -0.2100186306343570
26.7326732673267458 9.4268063272296096
26.7526752675267545 10.6997340690212539
26.7726772677267775 15.1062469168050661
26.7926792679268004 -1.8662275647542703
26.8126812681268234 15.1782806427018180
26.8326832683268321 -4.7698874852003517
26.8526852685268551 -4.6638615223983528
26.8726872687268781 6.2386671870251540
26.8926892689269010 -6.8937333080089740
26.9126912691269240 -3.3290492913206382
26.9326932693269328 -15.7374490293944245
26.9526952695269557 23.3956072604409044
26.9726972697269787 17.2511147752284870
26.9926992699270016 1.0994714592461499
27.0127012701270246 14.6690329378927249
27.0327032703270334 -23.6689337167493861
27.0527052705270563 16.1081364925239008
27.0727072707270793 5.0551118891352056
27.0927092709271022 21.6266971160178869
27.1127112711271252 27.7846275162478911
27.1327132713271340 20.6175790524258602
27.1527152715271569 0.3372026265133883
27.1727172717271799 17.0467008714944015
27.1927192719272028 18.3525563706510013
27.2127212721272258 16.1062160339493765
27.2327232723272346 5.5473058778653108
27.2527252725272575 28.8630443225652868
27.2727272727272805 -6.6398334155574599
27.2927292729273034 9.8715185115078814
27.3127312731273122 1.5195373875917042
27.3327332733273352 -4.2110343850327006
27.3527352735273581 13.8899084313208370
27.3727372737273811 40.6529026475472790
27.3927392739274040 3.2961319094665633
27.4127412741274128 24.7212558284121222
27.4327432743274358 11.3775275323476475
27.4527452745274587 24.4494723242110297
27.4727472747274817 -6.3852466777340613
27.4927492749275046 22.1345226839734828
27.5127512751275134 31.5240247166793424
27.5327532753275364 9.2520618692107490
27.5527552755275593 3.6653343584570486
27.5727572757275823 2.7890074514625578
27.5927592759276052 19.7716039284319898
27.6127612761276140 7.4884413781731851
27.6327632763276370 26.5653190155621886
27.6527652765276599 22.1602901347219294
27.6727672767276829 15.7878157410818041
27.6927692769277058 28.3783890278083106
27.7127712771277146 -2.0486375522566007
27.7327732773277376 -25.4252638852412254
27.7527752775277605 20.9034190103211159
27.7727772777277835 47.7162898133139493
27.7927792779277922 20.6936136480907074
27.8127812781278152 22.7783562334054182
27.8327832783278382 4.8642216712081350
27.8527852785278611 4.6821483318717014
27.8727872787278841 44.3161816143512510
27.8927892789278928 29.8415645140286436
27.9127912791279158 4.2107885022072171
27.9327932793279388 6.6764773464464930
27.9527952795279617 -2.9903430546978491
27.9727972797279847 22.9408338267779612
27.9927992799279934 -4.8762108965585629
28.0128012801280306 6.4087311998270433
28.0328032803280394 18.7047242902906916
28.0528052805280481 42.1687134212077126
28.0728072807280853 -2.5043476502369231
28.0928092809280940 14.3640358592302544
28.1128112811281312 -1.3981939128601866
28.1328132813281400 9.7137022783418345
28.1528152815281487 8.7580844989234912
28.1728172817281859 14.2123472840046645
28.1928192819281946 17.0472413801523075
28.2128212821282318 16.0192984508346044
28.2328232823282406 30.9772057558183356
28.2528252825282493 22.0083756970661995
28.2728272827282865 21.7229487521690636
28.2928292829282952 23.6609077608267313
28.3128312831283324 32.7494300718694973
28.3328332833283412 23.7318811960961256
28.3528352835283499 11.6570022746495212
28.3728372837283871 25.9005670230588834
28.3928392839283958 41.9224668912284955
28.4128412841284330 11.6551502721905571
28.4328432843284418 10.8885370732013094
28.4528452845284505 22.8869731898034132
28.4728472847284877 8.5412983649280658
28.4928492849284964 11.0683453846975386
28.5128512851285052 -0.6057519075835565
28.5328532853285424 28.0555450630304648
28.5528552855285511 33.8638855686043456
28.5728572857285883 18.3958902000328024
28.5928592859285970 15.7808741300371302
28.6128612861286058 5.8480874040618360
28.6328632863286430 -0.2733716682630032
28.6528652865286517 36.1985468339563354
28.6728672867286889 15.1868674053557751
28.6928692869286976 6.6472608774779172
28.7128712871287064 5.2132686471480856
28.7328732873287436 -5.9622132940575518
28.7528752875287523 11.6220678585843249
28.7728772877287895 4.9036961118539271
28.7928792879287982 14.8599003980624875
28.8128812881288070 -7.7740539651888447
28.8328832883288442 17.9022514378452726
28.8528852885288529 12.1759644999518599
28.8728872887288901 22.3913197400642900
28.8928892889288988 8.7778782764141123
28.9128912891289076 41.9162052476044096
28.9328932893289448 7.5725230557191665
28.9528952895289535 2.5143637019139859
28.9728972897289907 41.0825260466467839
28.9928992899289995 17.3573931336981317
29.0129012901290082 30.3666035310398499
29.0329032903290454 18.0695722273276402
29.0529052905290541 34.7650172704301568
29.0729072907290913 17.1383133723968477
29.0929092909291001 36.1170874018040848
29.1129112911291088 -24.1990494243600018
29.1329132913291460 24.3081424186250423
29.1529152915291547 15.9203112200646064
29.1729172917291919 24.5162212199950531
29.1929192919292007 30.1187609656073505
29.2129212921292094 33.5229183025671844
29.2329232923292466 6.2400749619032378
29.2529252925292553 27.3238337666861675
29.2729272927292925 25.9248320684585671
29.2929292929293013 17.7902257306366316
29.3129312931293100 28.6749721961626989
29.3329332933293472 10.9514258699593654
29.3529352935293559 25.5844844085609964
29.3729372937293931 25.0095321738310190
29.3929392939294019 8.4361046171877980
29.4129412941294106 17.4372196157816077
29.4329432943294478 7.1933342563713207
29.4529452945294565 27.8037316757041744
29.4729472947294653 10.1910768362665944
29.4929492949295025 28.0149636527856600
29.5129512951295112 22.8182601951458999
29.5329532953295484 32.2283462010721280
29.5529552955295571 1.8560096188654747
29.5729572957295659 17.8887687022977175
29.5929592959296031 11.2368385930776906
29.6129612961296118 40.1472575926824220
29.6329632963296490 -4.2663864221825385
29.6529652965296577 22.0073088214312946
29.6729672967296665 25.6364609041924396
29.6929692969297037 2.0283425445152652
29.7129712971297124 21.6513646062293610
29.7329732973297496 36.6699096191774601
29.7529752975297583 33.2950363939011638
29.7729772977297671 19.5292210158845769
29.7929792979298043 36.1193601208259167
29.8129812981298130 11.6722820921942159
29.8329832983298502 32.2912935481696337
29.8529852985298589 -12.0891202135178162
29.8729872987298677 32.4382675097946347
29.8929892989299049 -0.4672161236112373
29.9129912991299136 41.1517009399974469
29.9329932993299508 6.5349398505788443
29.9529952995299595 0.4879390036871385
29.9729972997299683 10.7415757837779520
29.9929992999300055 7.1368962699920537
30.0130013001300142 -6.0305546375929566
30.0330033003300514 38.0001520433377351
30.0530053005300601 29.3205446259073312
30.0730073007300689 32.9332473595775923
30.0930093009301061 20.4894781306926141
30.1130113011301148 14.8922474318483822
30.1330133013301520 33.9589655561425445
30.1530153015301607 27.8595925205836039
30.1730173017301695 22.7097712451149398
30.1930193019302067 19.1819405794925508
30.2130213021302154 27.5667129287206762
30.2330233023302526 0.8783745623156207
30.2530253025302613 38.4705960135045046
30.2730273027302701 8.8261713958457300
30.2930293029303073 21.0687233636193483
30.3130313031303160 31.1147526421633955
30.3330333033303532 16.3227395347576163
30.3530353035303619 35.1472815969321175
30.3730373037303707 16.5049509946031812
30.3930393039304079 24.9673300729113379
30.4130413041304166 15.1872831253263492
30.4330433043304254 44.3946726251409629
30.4530453045304625 14.0080043967841590
30.4730473047304713 22.6700440182703531
30.4930493049305085 36.8742345603236714
30.5130513051305172 42.4313667349489734
30.5330533053305260 19.7315563002844883
30.5530553055305631 57.6468416431503314
30.5730573057305719 30.1454891841925203
30.5930593059306091 37.7909695501389962
30.6130613061306178 17.8858202981606240
30.6330633063306266 30.1187090796531791
30.6530653065306637 23.5953143585850533
30.6730673067306725 29.5671161859181666
30.6930693069307097 33.6687810282513027
30.7130713071307184 13.7841626818510665
30.7330733073307272 24.8639239043903437
30.7530753075307643 44.5839303525465382
30.7730773077307731 3.5102049192842166
30.7930793079308103 43.1631584065682290
30.8130813081308190 33.8066196879106897
30.8330833083308278 12.9597801271124897
30.8530853085308649 35.1636441963574669
30.8730873087308737 32.4328106072766289
30.8930893089309109 7.3102384766723389
30.9130913091309196 36.1205948849915757
30.9330933093309284 22.4801321996731218
30.9530953095309656 41.0142152122487360
30.9730973097309743 38.3619067545374648
30.9930993099310115 32.0707195362684203
31.0131013101310202 9.6386374293150343
31.0331033103310290 22.9560045342459595
31.0531053105310662 30.8205222658468472
31.0731073107310749 22.7422073001122556
31.0931093109311121 42.0537449851783620
31.1131113111311208 56.3710694373517640
31.1331133113311296 47.3662920922291732
31.1531153115311668 35.0363390611055081
31.1731173117311755 35.5174911044773367
31.1931193119312127 16.1220566802244250
31.2131213121312214 19.8325408055899821
31.2331233123312302 48.8351411767507884
31.2531253125312674 5.9636929564874244
31.2731273127312761 22.7350508711478909
31.2931293129313133 33.9772478129302016
31.3131313131313220 31.8317032425329955
31.3331333133313308 46.3727735461931658
31.3531353135313680 32.0783266032295558
31.3731373137313767 44.3987637220236167
31.3931393139313855 36.9550816189229749
31.4131413141314226 22.0015752390565282
31.4331433143314314 14.3249011429889688
31.4531453145314686 26.9710539728887788
31.4731473147314773 27.5033029056433342
31.4931493149314861 29.7421695502319068
31.5131513151315232 35.0832726854700923
31.5331533153315320 17.0828548935438818
31.5531553155315692 21.9094202084388741
31.5731573157315779 34.6671999656814052
31.5931593159315867 40.6838136667600381
31.6131613161316238 40.2906366220680852
31.6331633163316326 30.8962426955269720
31.6531653165316698 34.3744936310674163
31.6731673167316785 41.0363537024295226
31.6931693169316873 -0.0260401100346357
31.7131713171317244 30.2254454123629230
31.7331733173317332 34.0766268418849592
31.7531753175317704 27.9224773408821498
31.7731773177317791 50.9783510439019523
31.7931793179317879 21.8800710424188729
31.8131813181318250 32.1294292742345888
31.8331833183318338 17.3763515050476052
31.8531853185318710 0.6241983886034035
31.8731873187318797 37.8316172199575078
31.8931893189318885 29.7039134496181418
31.9131913191319256 11.4449339684329381
31.9331933193319344 30.3080001970038282
31.9531953195319716 8.1068624688227366
31.9731973197319803 11.0265222717429268
31.9931993199319891 47.1864408029628493
32.0132013201320262 29.8112608815465592
32.0332033203320350 34.4499225624173988
32.0532053205320722 35.1645314443019146
32.0732073207320809 23.4418817546116500
32.0932093209320897 26.1336453124338206
32.1132113211321268 29.9273682458883954
32.1332133213321356 21.9530867065009723
32.1532153215321728 28.1366986360677096
32.1732173217321815 30.5393893137026460
32.1932193219321903 35.6904084543076507
32.2132213221322274 27.9211605389873725
32.2332233223322362 56.1128246398906043
32.2532253225322734 28.1618717707987294
32.2732273227322821 29.7300706918854196
32.2932293229322909 10.3445509576084760
32.3132313231323280 14.9977761230036251
32.3332333233323368 25.4262481947669770
32.3532353235323455 21.0435972824426187
32.3732373237323827 48.6440453889127866
32.3932393239323915 30.5686568604793401
32.4132413241324286 35.8797595776037426
32.4332433243324374 42.1588555322801568
32.4532453245324461 31.5193740098882493
32.4732473247324833 29.9425566718275427
32.4932493249324921 37.9152590836523089
32.5132513251325292 21.8320287505029000
32.5332533253325380 38.5685354274658962
32.5532553255325467 39.2350680172690360
32.5732573257325839 33.9873822731419253
32.5932593259325927 34.5695900177765338
32.6132613261326298 26.8196767504305669
32.6332633263326386 25.4796754952651057
32.6532653265326474 50.9856862226717524
32.6732673267326845 10.5408584640086751
32.6932693269326933 27.8479605917799162
32.7132713271327304 19.6679105949413930
32.7332733273327392 15.2919210144871052
32.7532753275327480 2.9697585155953554
32.7732773277327851 30.0776097063443117
32.7932793279327939 26.3160836123793445
32.8132813281328310 22.5313468410178359
32.8332833283328398 42.1192716597264223
32.8532853285328486 36.8776498804229647
32.8732873287328857 10.3509388930086814
32.8932893289328945 21.6470679857975341
32.9132913291329317 26.6498209598052185
32.9332933293329404 18.2394257909312145
32.9532953295329492 50.0031764845090976
32.9732973297329863 15.3424335119164823
32.9932993299329951 50.6909883238228645
33.0133013301330323 21.0526362724963896
33.0333033303330410 37.9328825463297150
33.0533053305330498 35.9870386089827718
33.0733073307330869 33.9515740635916501
33.0933093309330957 37.4454050304165946
33.1133113311331329 -10.6494067181402201
33.1333133313331416 41.8919348887313276
33.1533153315331504 31.9043842222253033
33.1733173317331875 28.4945055408214287
33.1933193319331963 44.9985752270819717
33.2133213321332335 33.0801946750104605
33.2333233323332422 33.7699164269989609
33.2533253325332510 53.6115042541926883
33.2733273327332881 18.2465680298669213
33.2933293329332969 28.9327362197762668
33.3133313331333341 27.1918656342195959
33.3333333333333428 50.6088754561170120
33.3533353335333516 22.7728848681451694
33.3733373337333887 37.0712861298084633
33.3933393339333975 43.8821987485505360
33.4133413341334062 59.4868183200274601
33.4333433343334434 47.8898754397181250
33.4533453345334522 36.7249580132445317
33.4733473347334893 42.9689768330696324
33.4933493349334981 38.2345728631290243
33.5133513351335068 37.7885274297214764
33.5333533353335440 24.8790563768845701
33.5533553355335528 38.1114240834043443
33.5733573357335899 35.4659037994299808
33.5933593359335987 46.8632159073412211
33.6133613361336074 49.1410974596586740
33.6333633363336446 20.1313318205689171
33.6533653365336534 34.5968139616473422
33.6733673367336905 23.0510163630745772
33.6933693369336993 34.8435874839196913
33.7133713371337080 19.5384584456320383
33.7333733373337452 38.3289041829193522
33.7533753375337540 38.1785743679484213
33.7733773377337911 24.0484096108090633
33.7933793379337999 30.2376860722168068
33.8133813381338086 14.3862865255526167
33.8333833383338458 34.6546526144171168
33.8533853385338546 52.1103601953689122
33.8733873387338917 47.3268479373595881
33.8933893389339005 32.3950412553596294
33.9133913391339092 50.8254434992384603
33.9333933393339464 65.9440101882968008
33.9533953395339552 32.2816946990015836
33.9733973397339923 14.6866906635870613
33.9933993399340011 46.2025228086001150
34.0134013401340098 25.4731514231770149
34.0334033403340470 45.0382950345401269
34.0534053405340558 23.4052893833940203
34.0734073407340929 60.0985926799053516
34.0934093409341017 51.9032557684586067
34.1134113411341104 23.2006410718384153
34.1334133413341476 12.2619390893901112
34.1534153415341564 46.1213740726816468
34.1734173417341935 24.5082883301596439
34.1934193419342023 27.6910848549025275
34.2134213421342110 29.0610696325211677
34.2334233423342482 24.8231931350416630
34.2534253425342570 49.8768503581566378
34.2734273427342941 14.0553973316721752
34.2934293429343029 49.5691370651327290
34.3134313431343116 35.0156798709882793
34.3334333433343488 36.9599674301563326
34.3534353435343576 59.0308172465063450
34.3734373437343663 28.9680519534444407
34.3934393439344035 26.1215263159352915
34.4134413441344122 43.6322109978712547
34.4334433443344494 37.3409532610858079
34.4534453445344582 62.4818060973874552
34.4734473447344669 35.2409122484361106
34.4934493449345041 30.2641198161267120
34.5134513451345128 18.5698372487497458
34.5334533453345500 30.3691174656884080
34.5534553455345588 45.4614436704265756
34.5734573457345675 52.0009152200607616
34.5934593459346047 12.5768689957848672
34.6134613461346134 16.6471984564872955
34.6334633463346506 42.5961812982784309
34.6534653465346594 21.6288618756400801
34.6734673467346681 28.9625735892695246
34.6934693469347053 47.3608182477247937
34.7134713471347141 53.6086637555186059
34.7334733473347512 36.7189402629066066
34.7534753475347600 24.4348829513836066
34.7734773477347687 23.8451235564834079
34.7934793479348059 54.3843886740118592
34.8134813481348147 29.4009968388153489
34.8334833483348518 50.0427418893839757
34.8534853485348606 34.0041370829503151
34.8734873487348693 47.8624713224986778
34.8934893489349065 26.7896551215594023
34.9134913491349153 45.3154004941650257
34.9334933493349524 38.8563967904575378
34.9534953495349612 27.7108817641929939
34.9734973497349699 40.4500582759935057
34.9934993499350071 43.5926287951406124
35.0135013501350159 51.0143214974198287
35.0335033503350530 34.9241445183188546
35.0535053505350618 49.4362101823695070
35.0735073507350705 17.7714492631978587
35.0935093509351077 21.8783664592454521
35.1135113511351165 24.2589479347997994
35.1335133513351536 24.3171135596785604
35.1535153515351624 54.2669700497617384
35.1735173517351711 30.3451874876118097
35.1935193519352083 22.8160304667264171
35.2135213521352171 25.5370002658895885
35.2335233523352542 33.4406593993348835
35.2535253525352630 29.1941602333552126
35.2735273527352717 59.6119598732956746
35.2935293529353089 39.4602841878025359
35.3135313531353177 39.9462749797823804
35.3335333533353264 33.6296163402034338
35.3535353535353636 29.9397607525896774
35.3735373537353723 21.9883336146141524
35.3935393539354095 51.3916899714562021
35.4135413541354183 49.6545512750731035
35.4335433543354270 43.8969903466465254
35.4535453545354642 18.8026176421196816
35.4735473547354729 43.9720780686517685
35.4935493549355101 34.7580113566621378
35.5135513551355189 49.8183361595494034
35.5335533553355276 34.0598118653625406
35.5535553555355648 53.3982799208497312
35.5735573557355735 65.4957675848683039
35.5935593559356107 47.2115992637118111
35.6135613561356195 47.9835730927240789
35.6335633563356282 69.7387758054072293
35.6535653565356654 60.6898622089734232
35.6735673567356741 33.2675402442581358
35.6935693569357113 57.3603397494106844
35.7135713571357201 49.4227216984673632
35.7335733573357288 31.9144659402791362
35.7535753575357660 49.8994187193093950
35.7735773577357747 50.6489810266775180
35.7935793579358119 58.9043097685015908
35.8135813581358207 44.8515522241039193
35.8335833583358294 50.4250809930576480
35.8535853585358666 25.9551090634993074
35.8735873587358753 56.8222852730151615
35.8935893589359125 33.6462716032166824
35.9135913591359213 57.2813833752937285
35.9335933593359300 42.3515074147393165
35.9535953595359672 56.9085039125941989
35.9735973597359759 43.3014389026160842
35.9935993599360131 42.9234133536836566
36.0136013601360219 59.8454696113569469
36.0336033603360306 24.3294891259737724
36.0536053605360678 31.6304981370154685
36.0736073607360765 36.9094846800257201
36.0936093609361137 30.5202053765242383
36.1136113611361225 37.7686860784936371
36.1336133613361312 49.5775014989527421
36.1536153615361684 42.9905204074611618
36.1736173617361771 29.9339726736942922
36.1936193619362143 34.6663267134852973
36.2136213621362231 27.5343002810542927
36.2336233623362318 42.6521435078539426
36.2536253625362690 33.1237548331629483
36.2736273627362777 20.2681762063107769
36.2936293629362865 65.3525112562295050
36.3136313631363237 44.1611554415780319
36.3336333633363324 51.3634332060394456
36.3536353635363696 32.5512409958198319
36.3736373637363783 40.8331703275838578
36.3936393639363871 46.3125610384304593
36.4136413641364243 29.6598211003543213
36.4336433643364330 41.9534486258820252
36.4536453645364702 30.0049732408122125
36.4736473647364789 39.4945637545623214
36.4936493649364877 44.5900353893925470
36.5136513651365249 61.4231315414469847
36.5336533653365336 42.9391217756159591
36.5536553655365708 51.6599277428580734
36.5736573657365795 57.8114506059909772
36.5936593659365883 39.0418245509257815
36.6136613661366255 43.9886979502435977
36.6336633663366342 54.2360667544968891
36.6536653665366714 59.0792042354958511
36.6736673667366802 50.3502824782373324
36.6936693669366889 53.0905516535090030
36.7136713671367261 36.7412417890017409
36.7336733673367348 65.9785234009843435
36.7536753675367720 31.6461092625503753
36.7736773677367808 20.0992046142040621
36.7936793679367895 27.0798171798868239
36.8136813681368267 14.6533024542538328
36.8336833683368354 52.0647844430686888
36.8536853685368726 63.2374912085861141
36.8736873687368814 50.4429562198495276
36.8936893689368901 42.2602411678385508
36.9136913691369273 59.3976503716174449
36.9336933693369360 54.2672351993974402
36.9536953695369732 32.9628288238551548
36.9736973697369820 44.8149114315151564
36.9936993699369907 36.6338839510759229
37.0137013701370279 39.3425607386964984
37.0337033703370366 43.9173063290021659
37.0537053705370738 61.3403133217700898
37.0737073707370826 39.5182723851501905
37.0937093709370913 32.9085260785439715
37.1137113711371285 56.6707844959024243
37.1337133713371372 45.0266188135259355
37.1537153715371744 61.7443510439775309
37.1737173717371832 45.8178577313236630
37.1937193719371919 26.4782673843682836
37.2137213721372291 83.1630574795577502
37.2337233723372378 43.6421022535709042
37.2537253725372466 63.2905825628215126
37.2737273727372838 48.1454157964266827
37.2937293729372925 47.8660691842103816
37.3137313731373297 29.7715201036982720
37.3337333733373384 42.8105215732689572
37.3537353735373472 58.2311942196651415
37.3737373737373844 68.1830972842690528
37.3937393739373931 59.8044067451941217
37.4137413741374303 48.5006129898665819
37.4337433743374390 47.6069688039433316
37.4537453745374478 53.6387714661525052
37.4737473747374850 53.8609870587905490
37.4937493749374937 49.1042219500221577
37.5137513751375309 26.1638507164188638
37.5337533753375396 32.4655562397858759
37.5537553755375484 43.3344061275262220
37.5737573757375856 51.0593535827886598
37.5937593759375943 30.1305984492106944
37.6137613761376315 47.6677782285524501
37.6337633763376402 49.8257789520610856
37.6537653765376490 48.6326422287931592
37.6737673767376862 43.5224689607772675
37.6937693769376949 38.5009315343935086
37.7137713771377321 47.3109640336360187
37.7337733773377408 58.0185671643992364
37.7537753775377496 50.6979253368231824
37.7737773777377868 51.6792082161214665
37.7937793779377955 34.6960787822123393
37.8137813781378327 21.9554459752916173
37.8337833783378414 39.2639684815450423
37.8537853785378502 55.2072191781719397
37.8737873787378874 28.3080909930334172
37.8937893789378961 47.8123050818095265
37.9137913791379333 80.2256334054338680
37.9337933793379420 69.6002973978781938
37.9537953795379508 52.8222787836877501
37.9737973797379880 28.2192348833591993
37.9937993799379967 48.5423506254301529
38.0138013801380339 52.8196300789486912
38.0338033803380426 57.4857744002081859
38.0538053805380514 38.3915367398108813
38.0738073807380886 24.0843374585845709
38.0938093809380973 58.9747385148218086
38.1138113811381345 53.7461078593036135
38.1338133813381432 60.2884075012045528
38.1538153815381520 44.5226201727489936
38.1738173817381892 48.7475193463833349
38.1938193819381979 45.0933961641447070
38.2138213821382067 41.6471541806613530
38.2338233823382438 37.8488569389196741
38.2538253825382526 41.2939418580734596
38.2738273827382898 37.6278932527439309
38.2938293829382985 54.6273340052409537
38.3138313831383073 50.9167470632498436
38.3338333833383444 63.5305472381627396
38.3538353835383532 9.9462957056974872
38.3738373837383904 35.0781217357818633
38.3938393839383991 26.2110407943207697
38.4138413841384079 57.6024293617798406
38.4338433843384450 48.2404270373889332
38.4538453845384538 30.7419811300784218
38.4738473847384910 12.7551300862568198
38.4938493849384997 55.6097495179558052
38.5138513851385085 48.7993341973041126
38.5338533853385456 65.1144879532792373
38.5538553855385544 51.7850929059808252
38.5738573857385916 59.4634235343052069
38.5938593859386003 31.6800698917059051
38.6138613861386091 41.3857105466269104
38.6338633863386463 46.0232192998823137
38.6538653865386550 47.0469223361172482
38.6738673867386922 47.5126039023437556
38.6938693869387009 38.1938191670501652
38.7138713871387097 48.6530285484161311
38.7338733873387469 30.1698407868428156
38.7538753875387556 51.6632724183737935
38.7738773877387928 30.5756094900945641
38.7938793879388015 13.8404156992691583
38.8138813881388103 46.8860036102246056
38.8338833883388475 50.1666752841977797
38.8538853885388562 45.8516807081596056
38.8738873887388934 67.3337629546843743
38.8938893889389021 27.1652963328214483
38.9138913891389109 44.0227734875397942
38.9338933893389481 60.0017630968157292
38.9538953895389568 44.4539357041785905
38.9738973897389940 48.5698634532724256
38.9938993899390027 37.0155518158102836
39.0139013901390115 48.7022218850058408
39.0339033903390487 42.5607893871036396
39.0539053905390574 46.2704863938395192
39.0739073907390946 30.8356363656131442
39.0939093909391033 37.0795062347974564
39.1139113911391121 36.8042288952186922
39.1339133913391493 26.7437881979952898
39.1539153915391580 54.8280426048048142
39.1739173917391668 51.0359184493437965
39.1939193919392039 50.4096937504221074
39.2139213921392127 43.5146305761779075
39.2339233923392499 39.8325799085229377
39.2539253925392586 26.1419596603239270
39.2739273927392674 50.9836014796978318
39.2939293929393045 67.1160426198921272
39.3139313931393133 47.0818615036743537
39.3339333933393505 41.1401115769376702
39.3539353935393592 46.9834150673791058
39.3739373937393680 28.9139871762356435
39.3939393939394051 54.7380293499070945
39.4139413941394139 73.1323966631466362
39.4339433943394511 40.3941125972872541
39.4539453945394598 21.0087093004323151
39.4739473947394686 57.6697861423352833
39.4939493949395057 32.4822947485760096
39.5139513951395145 53.7380644843255908
39.5339533953395517 60.2648485713578381
39.5539553955395604 52.6540822459745854
39.5739573957395692 66.6695205297907592
39.5939593959396063 76.0456010832896823
39.6139613961396151 83.3219763608066017
39.6339633963396523 54.7629753886769564
39.6539653965396610 44.5013886937361463
39.6739673967396698 35.7279883011072030
39.6939693969397069 55.4938456042353749
39.7139713971397157 58.9498372383860456
39.7339733973397529 54.8843607472243846
39.7539753975397616 43.6040973620451027
39.7739773977397704 40.9657276152162808
39.7939793979398075 55.3256598722988429
39.8139813981398163 26.0310277532898269
39.8339833983398535 78.5286093419168481
39.8539853985398622 28.4592928990276377
39.8739873987398710 44.0712290549636094
39.8939893989399081 39.1875113815904470
39.9139913991399169 43.0454898287488561
39.9339933993399541 34.1010160035196392
39.9539953995399628 56.7487618405069583
39.9739973997399716 35.1062947816540145
39.9939993999400087 56.6081338948658725
40.0140014001400175 53.6172855682271745
40.0340034003400547 41.1316445274478468
40.0540054005400634 50.2123441202936931
40.0740074007400722 45.9417965681010330
40.0940094009401093 23.5344941545197948
40.1140114011401181 60.7631770868194536
40.1340134013401268 59.8862161972767808
40.1540154015401640 49.3632558666427386
40.1740174017401728 25.8740569655484585
40.1940194019402099 55.0705458699487949
40.2140214021402187 73.7026773594260334
40.2340234023402274 30.3168724222598485
40.2540254025402646 58.3938349250711468
40.2740274027402734 60.3112711355011726
40.2940294029403105 49.5777474762471613
40.3140314031403193 31.5261799624439192
40.3340334033403281 30.0812922151198165
40.3540354035403652 36.2086840216200017
40.3740374037403740 52.4129848057025711
40.3940394039404111 54.5270330737399433
40.4140414041404199 41.9825620159953630
40.4340434043404287 54.3236219240749421
40.4540454045404658 59.2476163313029573
40.4740474047404746 52.8952926411415802
40.4940494049405117 69.9015944488442926
40.5140514051405205 50.8771077161511798
40.5340534053405293 79.8919360801031502
40.5540554055405664 64.5063492680731088
40.5740574057405752 40.4017112325520031
40.5940594059406124 27.4886076828550188
40.6140614061406211 46.4462901868535383
40.6340634063406299 50.1477414962228281
40.6540654065406670 15.5585458613261025
40.6740674067406758 49.5631990225563399
40.6940694069407130 51.2799298815591982
40.7140714071407217 62.3427721978077045
40.7340734073407305 58.9784421722121692
40.7540754075407676 58.9833263608105085
40.7740774077407764 59.2286472575976717
40.7940794079408136 46.0552758801913029
40.8140814081408223 31.5616705832835578
40.8340834083408311 68.5810003111955240
40.8540854085408682 39.9247641271830958
40.8740874087408770 51.2445456124895529
40.8940894089409142 48.3632372052774002
40.9140914091409229 35.7398327478317057
40.9340934093409317 42.1439513437066324
40.9540954095409688 40.7031000765547688
40.9740974097409776 28.7396900236741288
40.9940994099410148 21.5951827373159801
41.0141014101410235 51.5579176241860822
41.0341034103410323 56.9872080384307722
41.0541054105410694 59.3428413198126066
41.0741074107410782 55.0703333055897772
41.0941094109410869 58.9190771454876980
41.1141114111411241 41.2881726778902092
41.1341134113411329 65.0175615242138747
41.1541154115411700 62.4022401584770137
41.1741174117411788 27.7281194373314683
41.1941194119411875 51.2721139186181887
41.2141214121412247 45.3540132074321605
41.2341234123412335 42.3913279976351802
41.2541254125412706 50.7427636515836298
41.2741274127412794 60.5434179176105900
41.2941294129412881 60.3506569075399995
41.3141314131413253 52.9875157027986816
41.3341334133413341 49.2940615007657286
41.3541354135413712 54.3643054807180732
41.3741374137413800 54.3941745830466061
41.3941394139413887 66.0931037194470150
41.4141414141414259 78.9425979135762361
41.4341434143414347 33.0148691519752759
41.4541454145414718 39.5540922525190481
41.4741474147414806 47.1031303055324955
41.4941494149414893 53.9322286105148905
41.5141514151415265 48.2414774130199646
41.5341534153415353 39.7896892513759255
41.5541554155415724 37.9787551923054423
41.5741574157415812 50.9772138546745808
41.5941594159415899 58.2860072407462013
41.6141614161416271 54.8637765127040709
41.6341634163416359 41.0441188545088664
41.6541654165416730 46.3769007776259699
41.6741674167416818 94.6334496233705238
41.6941694169416905 45.0587107072677782
41.7141714171417277 72.4571369761554678
41.7341734173417365 16.8042493669892607
41.7541754175417736 48.2546086224491688
41.7741774177417824 42.2177421835728524
41.7941794179417911 66.4640411122085624
41.8141814181418283 86.3780535480068608
41.8341834183418371 53.4938017416647185
41.8541854185418742 54.4878360555801251
41.8741874187418830 43.0967906556993867
41.8941894189418917 48.5313842276918805
41.9141914191419289 52.4514145576954647
41.9341934193419377 34.7332339579676983
41.9541954195419748 77.7347115131622672
41.9741974197419836 30.7773173664539179
41.9941994199419923 41.2657540018645932
42.0142014201420295 68.6218017458828911
42.0342034203420383 36.8955952236308278
42.0542054205420470 56.4004744590780476
42.0742074207420842 38.0892082482123442
42.0942094209420929 40.3693667380881038
42.1142114211421301 33.6563457938797654
42.1342134213421389 56.0818660563939630
42.1542154215421476 42.7447913136351758
42.1742174217421848 48.4288796163820052
42.1942194219421935 43.0389010462765143
42.2142214221422307 42.3105399657506140
42.2342234223422395 50.4701472855825628
42.2542254225422482 54.9790184955741239
42.2742274227422854 53.1801362729028000
42.2942294229422941 37.1999999988670425
42.3142314231423313 67.2064352450191649
42.3342334233423401 34.8115083757164427
42.3542354235423488 68.0572940888625340
42.3742374237423860 66.7532232292244316
42.3942394239423948 37.2617081175309721
42.4142414241424319 32.5875336587751434
42.4342434243424407 39.5564689048617524
42.4542454245424494 51.6129810154300017
42.4742474247424866 62.0296675256110532
42.4942494249424954 66.6341668112067111
42.5142514251425325 53.2430131474428805
42.5342534253425413 28.4240031793180599
42.5542554255425500 40.2681517057225875
42.5742574257425872 57.9628461713449354
42.5942594259425960 49.8438653208419282
42.6142614261426331 66.1255970049460302
42.6342634263426419 58.8269877572831206
42.6542654265426506 72.4014182293528847
42.6742674267426878 42.8348046469674699
42.6942694269426966 39.5609705022298499
42.7142714271427337 18.7780259566930496
42.7342734273427425 56.2390757752381916
42.7542754275427512 68.5063194750445490
42.7742774277427884 61.2373660579729702
42.7942794279427972 45.6296371888991175
42.8142814281428343 66.0642905226070525
42.8342834283428431 51.1589101057510760
42.8542854285428518 43.8763625712105778
42.8742874287428890 55.5262397034461301
42.8942894289428978 43.8519506004761439
42.9142914291429349 48.6390219724297381
42.9342934293429437 56.2927192374121930
42.9542954295429524 59.4843207971038694
42.9742974297429896 71.7942566867889411
42.9942994299429984 21.2897274810229931
43.0143014301430071 40.7083867085730304
43.0343034303430443 49.7880629811574948
43.0543054305430530 59.6075152347243531
43.0743074307430902 38.3248843930048935
43.0943094309430990 66.8100339787221031
43.1143114311431077 62.7024546553968776
43.1343134313431449 33.5603615674297444
43.1543154315431536 69.6119134614286992
43.1743174317431908 56.6952514022484593
43.1943194319431996 36.1968743056079347
43.2143214321432083 57.0394412224898701
43.2343234323432455 74.8260494131840943
43.2543254325432542 39.7473863222027077
43.2743274327432914 64.3247256299757453
43.2943294329433002 67.1267421160291917
43.3143314331433089 73.8724044915676927
43.3343334333433461 59.9631323835062560
43.3543354335433548 53.1394196677713921
43.3743374337433920 39.0523092617188468
43.3943394339434008 43.3126135656109383
43.4143414341434095 46.4189952669608346
43.4343434343434467 49.4932094123855393
43.4543454345434554 64.0574326731521495
43.4743474347434926 58.8083838366923288
43.4943494349435014 49.4805881610850022
43.5143514351435101 68.3390318780805615
43.5343534353435473 50.1511956480542338
43.5543554355435560 66.5395542049112265
43.5743574357435932 45.0135320502629170
43.5943594359436020 41.8791092828319051
43.6143614361436107 60.5726294386019148
43.6343634363436479 39.6126081209109628
43.6543654365436566 52.5619467867169803
43.6743674367436938 53.8323926591938715
43.6943694369437026 36.9555514359581849
43.7143714371437113 57.7458518805174208
43.7343734373437485 33.9613032500440966
43.7543754375437572 74.9314350337069044
43.7743774377437944 61.1316764734356610
43.7943794379438032 61.5773332022925501
43.8143814381438119 59.4411640756587047
43.8343834383438491 55.5357011935765215
43.8543854385438578 45.5852914579559751
43.8743874387438950 64.3020183486228518
43.8943894389439038 47.7649231194869088
43.9143914391439125 52.0105346531424146
43.9343934393439497 60.6548865405332052
43.9543954395439584 38.8167798172223044
43.9743974397439956 45.9623177098219671
43.9943994399440044 65.0522887734647668
44.0144014401440131 51.2177628944053041
44.0344034403440503 57.8304089500290814
44.0544054405440590 61.5930176507960496
44.0744074407440678 61.2382134627477512
44.0944094409441050 55.8797568248301104
44.1144114411441137 26.2122377776191477
44.1344134413441509 57.8872710360415184
44.1544154415441596 40.8005073494192345
44.1744174417441684 41.7684227826687788
44.1944194419442056 58.7136246228248169
44.2144214421442143 50.3207802582282113
44.2344234423442515 49.1871691768852131
44.2544254425442602 50.5509321703472949
44.2744274427442690 52.9653418920585892
44.2944294429443062 64.1856602177264932
44.3144314431443149 66.7732807517623002
44.3344334433443521 40.5942393560544161
44.3544354435443609 57.1980576686379791
44.3744374437443696 39.6012780876899484
44.3944394439444068 79.8253134932990775
44.4144414441444155 43.7136246700235347
44.4344434443444527 52.3347134225538184
44.4544454445444615 56.0328002407086245
44.4744474447444702 43.3416480774911648
44.4944494449445074 51.7792572450222579
44.5144514451445161 80.9594780122807123
44.5344534453445533 55.0967947525339383
44.5544554455445621 45.7740484121385194
44.5744574457445708 65.5674576412867083
44.5944594459446080 66.5834406314336462
44.6144614461446167 72.0497323049761462
44.6344634463446539 50.2745383650203195
44.6544654465446627 63.2738204595736349
44.6744674467446714 84.7970376106246562
44.6944694469447086 49.6147408715906195
44.7144714471447173 59.5597915503574953
44.7344734473447545 68.6712007278592296
44.7544754475447633 71.7788461921854264
44.7744774477447720 48.3496760888951655
44.7944794479448092 59.2265888108861702
44.8144814481448179 61.7066788984318890
44.8344834483448551 53.8790551312710164
44.8544854485448639 43.5458211199616301
44.8744874487448726 64.1018545459350264
44.8944894489449098 64.0194875107028594
44.9144914491449185 37.5873283856427847
44.9344934493449557 40.6630631809718039
44.9544954495449645 32.4098949827453993
44.9744974497449732 48.2356382095241258
44.9944994499450104 35.8191882205530874
45.0145014501450191 50.4544567486387621
45.0345034503450279 46.5585127388950824
45.0545054505450651 72.8761707254060269
45.0745074507450738 59.9528307896293455
45.0945094509451110 73.4120426299419933
45.1145114511451197 63.3210648857591636
45.1345134513451285 44.2371968941504861
45.1545154515451657 36.6020861593670190
45.1745174517451744 70.3545078908285006
45.1945194519452116 60.1377809980695304
45.2145214521452203 52.9771424130609745
45.2345234523452291 44.7684194868623564
45.2545254525452663 47.4219078808518901
45.2745274527452750 48.9505878395022336
45.2945294529453122 43.9502139334690014
45.3145314531453209 52.2074642638046811
45.3345334533453297 47.8588964816374443
45.3545354535453669 68.3566210555098479
45.3745374537453756 26.8872816334681808
45.3945394539454128 74.2324069467207153
45.4145414541454215 51.8288468855537232
45.4345434543454303 56.5790227403456996
45.4545454545454675 25.0523533444157778
45.4745474547454762 57.7639589761600334
45.4945494549455134 57.2092299785194314
45.5145514551455221 48.6630954145092289
45.5345534553455309 44.1319102312496625
45.5545554555455681 55.0579682915526547
45.5745574557455768 62.6465208738527366
45.5945594559456140 54.9386341508862373
45.6145614561456227 54.2054296747683395
45.6345634563456315 52.3452350280184007
45.6545654565456687 51.5388171724818207
45.6745674567456774 54.7723145122955870
45.6945694569457146 62.2622186776083879
45.7145714571457233 38.5646111556088584
45.7345734573457321 55.9606695976856230
45.7545754575457693 50.5830616896028360
45.7745774577457780 63.1732330326160110
45.7945794579458152 67.8280091378633472
45.8145814581458239 61.7115656922605140
45.8345834583458327 50.2418056635940999
45.8545854585458699 48.4150370300692217
45.8745874587458786 31.0793396996810749
45.8945894589459158 44.5482440573037337
45.9145914591459245 45.4522424291412364
45.9345934593459333 31.9796991563969932
45.9545954595459705 55.9188949112549949
45.9745974597459792 31.5893871199102669
45.9945994599459880 54.6720822707837613
46.0146014601460251 30.1360215668872371
46.0346034603460339 61.2533516772809037
46.0546054605460711 80.4676467051438635
46.0746074607460798 42.2096557063073377
46.0946094609460886 28.1162676658915167
46.1146114611461257 46.0396852686272524
46.1346134613461345 58.2246744026623730
46.1546154615461717 47.1125144291799813
46.1746174617461804 42.8381637726474764
46.1946194619461892 57.8647944839872395
46.2146214621462263 53.1425629924440059
46.2346234623462351 34.5709201847557779
46.2546254625462723 61.7599846514589572
46.2746274627462810 61.3856805172046975
46.2946294629462898 44.9558912537766986
46.3146314631463270 41.6612071822918608
46.3346334633463357 61.5017731393648219
46.3546354635463729 52.5515661060627082
46.3746374637463816 51.7237520384645748
46.3946394639463904 49.9976359601930085
46.4146414641464276 54.5613569535520000
46.4346434643464363 36.7500840272037053
46.4546454645464735 37.2830278521660432
46.4746474647464822 46.1218224710721429
46.4946494649464910 24.1035477594073910
46.5146514651465282 65.7897622694088824
46.5346534653465369 40.2420407666399669
46.5546554655465741 54.1821527124644007
46.5746574657465828 47.8662332021151400
46.5946594659465916 56.4700344265108640
46.6146614661466288 48.6150923006624538
46.6346634663466375 51.7651809005815124
46.6546654665466747 51.8347574571778864
46.6746674667466834 57.7821177243702451
46.6946694669466922 63.6815702138394926
46.7146714671467294 27.7766047187628367
46.7346734673467381 44.8170512477735912
46.7546754675467753 58.6379015142775373
46.7746774677467840 46.4875414483930598
46.7946794679467928 56.5550922870627275
46.8146814681468300 46.7641461420142122
46.8346834683468387 54.0067009455514011
46.8546854685468759 63.8867302884845856
46.8746874687468846 28.9740214801922704
46.8946894689468934 50.1665026600291242
46.9146914691469306 26.9733390195607861
46.9346934693469393 46.9109062076890595
46.9546954695469481 42.8503882000911460
46.9746974697469852 48.7591393078029967
46.9946994699469940 54.6252766004564165
47.0147014701470312 44.7987665120013006
47.0347034703470399 41.7993235554973381
47.0547054705470487 41.0484307826485733
47.0747074707470858 51.2044207361044457
47.0947094709470946 51.6690594532966827
47.1147114711471318 44.2782390579781762
47.1347134713471405 35.5231632191096338
47.1547154715471493 58.5272396426168768
47.1747174717471864 43.2295879938709007
47.1947194719471952 68.3457705060682343
47.2147214721472324 44.6314282952574146
47.2347234723472411 40.5695342306593787
47.2547254725472499 51.7102213925664387
47.2747274727472870 49.6842893552458733
47.2947294729472958 45.1503131568500606
47.3147314731473330 31.3863344875927766
47.3347334733473417 26.5734384311011311
47.3547354735473505 52.4791857407946551
47.3747374737473876 67.1688398322035596
47.3947394739473964 61.2565969248226452
47.4147414741474336 69.4037053624112161
47.4347434743474423 70.2274709683379115
47.4547454745474511 33.1440962607549778
47.4747474747474882 62.0258180504773620
47.4947494749474970 57.4651402645764833
47.5147514751475342 41.4693753285623288
47.5347534753475429 53.2566502788459601
47.5547554755475517 57.2544607773301522
47.5747574757475888 65.5092609417099681
47.5947594759475976 47.1540332117726351
47.6147614761476348 36.8698377099121046
47.6347634763476435 19.4249283061467679
47.6547654765476523 22.8521661319524547
47.6747674767476894 71.7277802152289041
47.6947694769476982 38.4976479577950670
47.7147714771477354 44.0986070235365375
47.7347734773477441 41.4686927356839448
47.7547754775477529 75.4615505515188261
47.7747774777477900 53.5932413205945792
47.7947794779477988 34.7943566854565418
47.8147814781478360 59.4113931926244732
47.8347834783478447 44.6783725056024394
47.8547854785478535 40.4108742251566611
47.8747874787478906 58.2808064108083030
47.8947894789478994 48.8673998914311980
47.9147914791479081 42.8825685647977650
47.9347934793479453 44.2171537400542292
47.9547954795479541 60.8888861582255601
47.9747974797479912 40.2001217735860621
47.9947994799480000 46.0666712395360207
48.0148014801480087 67.0668021420862885
48.0348034803480459 81.3369007885309827
48.0548054805480547 46.2926553146551001
48.0748074807480918 29.4830461146811906
48.0948094809481006 58.7153287788281801
48.1148114811481094 49.0553450900501105
48.1348134813481465 66.7394880868409075
48.1548154815481553 29.7677867088033175
48.1748174817481924 42.9064757737511826
48.1948194819482012 66.0548011524216463
48.2148214821482100 57.4998177173590221
48.2348234823482471 44.4329385103397598
48.2548254825482559 49.5389978176683954
48.2748274827482931 62.4480119357797179
48.2948294829483018 52.0947576099997605
48.3148314831483106 67.5234781656114080
48.3348334833483477 60.9640127382112311
48.3548354835483565 47.2639775450272097
48.3748374837483937 67.0622205088392747
48.3948394839484024 65.6369209197164025
48.4148414841484112 29.6461558681979405
48.4348434843484483 37.8332988713071501
48.4548454845484571 47.3863145150276068
48.4748474847484943 55.7719711965723306
48.4948494849485030 36.1892277003364953
48.5148514851485118 52.9730869182473825
48.5348534853485489 48.8606375300811138
48.5548554855485577 58.1385722562665634
48.5748574857485949 50.3514303834898840
48.5948594859486036 24.4307596506333198
48.6148614861486124 44.5326103883444944
48.6348634863486495 72.4458612995987608
48.6548654865486583 54.6710366395279976
48.6748674867486955 58.2614441741705065
48.6948694869487042 44.3258309067024996
48.7148714871487130 62.5755649835593459
48.7348734873487501 48.0766378892189294
48.7548754875487589 18.9122033781015801
48.7748774877487961 29.4132934769771275
48.7948794879488048 55.5816727151012202
48.8148814881488136 37.1865495042767975
48.8348834883488507 40.3125869278277236
48.8548854885488595 51.3796547712807836
48.8748874887488682 56.8344650680411902
48.8948894889489054 59.6477930100982690
48.9148914891489142 37.2465800653037462
48.9348934893489513 45.7275563821673217
48.9548954895489601 52.4009305415260869
48.9748974897489688 49.2370597244158432
48.9948994899490060 44.0848383334244005
49.0149014901490148 34.2553261295144367
49.0349034903490519 46.0750841590596139
49.0549054905490607 33.8775294317380258
49.0749074907490694 44.1661735232808041
49.0949094909491066 43.1504944410059466
49.1149114911491154 47.8546889221276146
49.1349134913491525 47.5849888896129727
49.1549154915491613 52.7610791131200187
49.1749174917491700 59.0851487657052203
49.1949194919492072 42.9617547170090432
49.2149214921492160 50.1359714011164499
49.2349234923492531 61.7541625537150125
49.2549254925492619 64.1487903216836202
49.2749274927492706 63.8339286616136476
49.2949294929493078 66.3195330269630148
49.3149314931493166 41.6580966798519654
49.3349334933493537 35.3978699479862300
49.3549354935493625 35.8079700611070706
49.3749374937493712 43.4302269889770187
49.3949394939494084 59.0343451667628187
49.4149414941494172 42.0912275110170597
49.4349434943494543 49.0601059872622187
49.4549454945494631 28.9374223733737210
49.4749474947494718 57.6305005285029921
49.4949494949495090 61.4494607399598962
49.5149514951495178 31.6840034676335911
49.5349534953495549 50.7828272542227737
49.5549554955495637 61.5014196401906759
49.5749574957495724 62.3652600068091090
49.5949594959496096 46.0085328048150473
49.6149614961496184 35.5969993982434616
49.6349634963496555 49.4473524746924227
49.6549654965496643 37.1047536254132382
49.6749674967496730 46.1962260573430186
49.6949694969497102 71.4560473572517765
49.7149714971497190 53.9533729561951745
49.7349734973497561 36.7456186705813792
49.7549754975497649 52.9112036558541234
49.7749774977497736 23.4755511392219347
49.7949794979498108 40.8146004319678255
49.8149814981498196 34.7705846179803828
49.8349834983498283 56.5185113175653910
49.8549854985498655 49.2055718616374733
49.8749874987498742 52.7972188814286838
49.8949894989499114 53.7957375802385442
49.9149914991499202 54.3663175067067996
49.9349934993499289 31.7239915698266266
49.9549954995499661 46.2412362569557800
49.9749974997499748 35.7316214988643353
49.9949994999500120 35.8058387059989656
50.0150015001500208 63.4147389159602426
50.0350035003500295 54.8760257749742522
50.0550055005500667 52.1256648717022344
50.0750075007500755 43.0113678144033855
50.0950095009501126 41.9892820781077489
50.1150115011501214 33.1570168021818716
50.1350135013501301 31.5653017308286721
50.1550155015501673 59.8798441857283592
50.1750175017501761 64.8186711495540351
50.1950195019502132 47.1962002694485605
50.2150215021502220 42.2717344354025002
50.2350235023502307 47.2001414359809104
50.2550255025502679 48.6227867242197007
50.2750275027502767 48.5629454106487017
50.2950295029503138 60.2885389549093134
50.3150315031503226 48.4837259044828670
50.3350335033503313 49.9830737045797520
50.3550355035503685 36.3685948075123449
50.3750375037503773 60.3504743008983837
50.3950395039504144 56.5740551000772030
50.4150415041504232 32.3785588868528933
50.4350435043504319 46.2292513173893198
50.4550455045504691 51.6699430064794356
50.4750475047504779 60.5261465007090607
50.4950495049505150 29.3912418506004265
50.5150515051505238 57.4075887321358422
50.5350535053505325 25.9610309344199663
50.5550555055505697 55.4001409174208632
50.5750575057505785 18.0396066663635501
50.5950595059506156 16.2010651366966769
50.6150615061506244 46.6573192365163720
50.6350635063506331 40.1338065391585630
50.6550655065506703 49.5749389152950073
50.6750675067506791 29.0193516960663054
50.6950695069507162 41.8479566899194140
50.7150715071507250 47.0841147916810669
50.7350735073507337 4.6974799369473246
50.7550755075507709 50.0194371494335499
50.7750775077507797 65.5920352772550501
50.7950795079507884 39.3098002389376973
50.8150815081508256 43.1801515175630115
50.8350835083508343 58.9050491241033995
50.8550855085508715 46.0513601636475016
50.8750875087508803 58.6192883495334343
50.8950895089508890 71.0043169058414492
50.9150915091509262 66.1539571941499389
50.9350935093509349 43.9305859372256933
50.9550955095509721 61.3379596117781460
50.9750975097509809 49.0090304088047901
50.9950995099509896 29.9368911685674419
51.0151015101510268 61.3090977173094132
51.0351035103510355 31.1245202845884670
51.0551055105510727 55.4697636153672633
51.0751075107510815 51.9871647007444864
51.0951095109510902 60.7315006181819754
51.1151115111511274 37.8114355151260142
51.1351135113511361 58.8591486253903113
51.1551155115511733 36.0447263655865342
51.1751175117511821 42.2543817051223414
51.1951195119511908 41.9975644231181420
51.2151215121512280 49.3564771244804135
51.2351235123512367 47.0426473819060575
51.2551255125512739 44.7198382484799239
51.2751275127512827 39.7851051359441783
51.2951295129512914 54.8083807736908568
51.3151315131513286 29.5140256823112779
51.3351335133513373 44.7420655506668794
51.3551355135513745 56.0975652666282514
51.3751375137513833 56.7593484488549507
51.3951395139513920 43.5107045718422327
51.4151415141514292 27.7965682316150122
51.4351435143514379 49.9785524636135534
51.4551455145514751 39.9612165476452930
51.4751475147514839 42.4291854628500502
51.4951495149514926 65.4139843110951631
51.5151515151515298 42.4143610321526552
51.5351535153515385 37.9733726730040431
51.5551555155515757 21.6309162263353087
51.5751575157515845 33.0857744436308394
51.5951595159515932 35.0915986901545836
51.6151615161516304 56.1356467618565702
51.6351635163516391 39.3604620216964562
51.6551655165516763 38.5869311034211790
51.6751675167516851 24.1326971100852106
51.6951695169516938 51.6224494564438814
51.7151715171517310 37.1521406828507921
51.7351735173517397 34.2374519977806102
51.7551755175517485 84.4968070623753249
51.7751775177517857 39.6406066181349743
51.7951795179517944 54.5534126875920435
51.8151815181518316 52.2980122772580103
51.8351835183518403 51.5886224428739553
51.8551855185518491 51.7903217313724795
51.8751875187518863 57.0394424684674917
51.8951895189518950 48.6737675968599319
51.9151915191519322 53.8676318861597139
51.9351935193519409 32.1177740809151402
51.9551955195519497 31.2643268610600131
51.9751975197519869 60.7864577459727684
51.9951995199519956 73.8358926561779469
52.0152015201520328 64.7080764033815399
52.0352035203520416 26.1657413088197615
52.0552055205520503 47.7231243043598283
52.0752075207520875 58.0226399221781932
52.0952095209520962 51.3918234883300684
52.1152115211521334 31.9014877211421748
52.1352135213521422 43.6555308761741188
52.1552155215521509 30.3447932240566089
52.1752175217521881 32.2172486401476803
52.1952195219521968 25.2820115148381923
52.2152215221522340 21.5164236038853751
52.2352235223522428 55.0149840194332569
52.2552255225522515 42.3051999267337990
52.2752275227522887 47.0683265951534224
52.2952295229522974 64.4824202909607607
52.3152315231523346 61.6592851258133479
52.3352335233523434 24.5734106542989679
52.3552355235523521 58.9060464226436693
52.3752375237523893 22.2805548230292878
52.3952395239523980 27.7570803337206016
52.4152415241524352 23.4586556275382883
52.4352435243524440 41.2752586943266877
52.4552455245524527 32.6346119728517436
52.4752475247524899 -6.9897501700885130
52.4952495249524986 32.7896895981412868
52.5152515251525358 49.0179810208241520
52.5352535253525446 40.0896708958491601
52.5552555255525533 36.2236905506227558
52.5752575257525905 63.6719061835943094
52.5952595259525992 34.8412312195781055
52.6152615261526364 54.8688172720683198
52.6352635263526452 56.3459941930951516
52.6552655265526539 53.5789654514999967
52.6752675267526911 50.4707299826639968
52.6952695269526998 44.3378297928045058
52.7152715271527086 25.5419741715379374
52.7352735273527458 53.1815721343148979
52.7552755275527545 43.7111683177105732
52.7752775277527917 66.3494860569330456
52.7952795279528004 24.6708277503366418
52.8152815281528092 30.1927353695111336
52.8352835283528464 23.4009783555295030
52.8552855285528551 27.0571329060861743
52.8752875287528923 6.6762059938978240
52.8952895289529010 46.7598640480825338
52.9152915291529098 61.5710990391629736
52.9352935293529470 36.4191940134029934
52.9552955295529557 19.5168448944421655
52.9752975297529929 58.9662841825061292
52.9952995299530016 47.6190876645738257
53.0153015301530104 32.4398444409452082
53.0353035303530476 58.9455560113424042
53.0553055305530563 54.6557716217890857
53.0753075307530935 47.8048827762187472
53.0953095309531022 40.3962475612931939
53.1153115311531110 57.9591642171639734
53.1353135313531482 34.4826801578568265
53.1553155315531569 39.3518749260774428
53.1753175317531941 27.6281517823224121
53.1953195319532028 15.8193483423851724
53.2153215321532116 26.0547783409036313
53.2353235323532488 33.1481417820614510
53.2553255325532575 43.4510165656024299
53.2753275327532947 57.3216944870534562
53.2953295329533034 39.0481264447595109
53.3153315331533122 50.2702657730447484
53.3353335333533494 41.9370434483725703
53.3553355335533581 33.1978943814603724
53.3753375337533953 57.0378587390830916
53.3953395339534040 16.0761593688303392
53.4153415341534128 56.4781336099958793
53.4353435343534500 46.9413061130871583
53.4553455345534587 26.4620001893559120
53.4753475347534959 46.1133650862910827
53.4953495349535046 32.1355696039597944
53.5153515351535134 43.2730694512411489
53.5353535353535506 28.1808590071016525
53.5553555355535593 40.6358174066139881
53.5753575357535965 25.6671967179132032
53.5953595359536052 21.1669030179739188
53.6153615361536140 29.9838375817094871
53.6353635363536512 40.6448189899434738
53.6553655365536599 14.2862238869404656
53.6753675367536971 43.0338153298836730
53.6953695369537058 -1.6683615134336236
53.7153715371537146 32.5087964873796125
53.7353735373537518 50.5291265478793150
53.7553755375537605 42.3972285360207195
53.7753775377537693 59.2451102374151048
53.7953795379538064 53.7422524308934442
53.8153815381538152 27.4449412177523442
53.8353835383538524 40.7496693124288427
53.8553855385538611 6.1510393941794028
53.8753875387538699 33.1063469211210659
53.8953895389539070 47.0987462940861761
53.9153915391539158 57.2573960219162785
53.9353935393539530 25.2355604229105950
53.9553955395539617 48.7813319697035013
53.9753975397539705 49.0598883101312353
53.9953995399540077 18.1233025411142528
54.0154015401540164 30.7126979692506303
54.0354035403540536 21.4029513137856569
54.0554055405540623 54.5566725922592610
54.0754075407540711 27.0783019939198866
54.0954095409541083 49.8241952464521773
54.1154115411541170 36.8477551486850743
54.1354135413541542 29.8526290789859026
54.1554155415541629 56.8064087608148611
54.1754175417541717 21.3286164041185593
54.1954195419542089 18.7135629467872633
54.2154215421542176 47.6891562162257827
54.2354235423542548 30.4371411594471688
54.2554255425542635 24.3201466059856379
54.2754275427542723 42.2540993716495876
54.2954295429543095 33.2561338543261868
54.3154315431543182 38.0094572351178002
54.3354335433543554 47.4804010199290047
54.3554355435543641 41.9980985251950258
54.3754375437543729 35.4736688158723723
54.3954395439544101 32.1934705283079339
54.4154415441544188 30.3878351067579544
54.4354435443544560 37.6771423613169816
54.4554455445544647 64.9347895900170187
54.4754475447544735 34.8950012961400446
54.4954495449545107 61.5531783165721151
54.5154515451545194 41.4722411543328278
54.5354535453545566 30.6156944300235949
54.5554555455545653 39.5580073824012359
54.5754575457545741 33.2544734243861768
54.5954595459546113 32.9103633031493459
54.6154615461546200 46.1551878692334583
54.6354635463546572 38.4364502262254319
54.6554655465546659 46.0792760391378948
54.6754675467546747 38.3216325326845322
54.6954695469547119 22.5224833833174216
54.7154715471547206 38.4922790236542838
54.7354735473547294 7.8392917393292656
54.7554755475547665 42.4614489731236802
54.7754775477547753 24.2300049029354092
54.7954795479548125 38.9522245829239822
54.8154815481548212 50.7315009687979455
54.8354835483548300 42.6839514851643216
54.8554855485548671 42.0786162400118542
54.8754875487548759 19.7935111973168709
54.8954895489549131 36.8407124497291036
54.9154915491549218 37.7094870371024200
54.9354935493549306 50.9344134813544542
54.9554955495549677 40.8661771688945521
54.9754975497549765 42.1953603370155790
54.9954995499550137 31.9409902927934866
55.0155015501550224 49.6963694120175674
55.0355035503550312 36.0391932222555269
55.0555055505550683 50.1529252632227411
55.0755075507550771 29.3857426289938743
55.0955095509551143 42.1356117902758029
55.1155115511551230 56.8825537358541382
55.1355135513551318 19.2218219566493040
55.1555155515551689 17.9713547192050527
55.1755175517551777 45.6518822129222741
55.1955195519552149 45.6537380666722896
55.2155215521552236 62.8454260605859218
55.2355235523552324 46.6621074828366886
55.2555255525552695 40.1784279307225773
55.2755275527552783 41.8468668355456828
55.2955295529553155 37.5953141673674907
55.3155315531553242 25.2226738938041670
55.3355335533553330 48.1998157011949218
55.3555355535553701 46.8652129508746782
55.3755375537553789 25.0676440079416984
55.3955395539554161 32.7327388931173289
55.4155415541554248 38.2504810536532389
55.4355435543554336 29.8774820928856606
55.4555455545554707 33.9803585420182088
55.4755475547554795 30.4598904326952109
55.4955495549555167 29.0114009531542862
55.5155515551555254 51.6404284916744842
55.5355535553555342 42.1755699467094090
55.5555555555555713 20.9890299692756059
55.5755575557555801 17.4650648249447968
55.5955595559556173 11.0247526194996048
55.6155615561556260 38.4598462125118985
55.6355635563556348 41.7377783442647043
55.6555655565556719 30.2817629789119955
55.6755675567556807 46.0043511040180206
55.6955695569556894 37.9775481807936757
55.7155715571557266 27.9338140913383945
55.7355735573557354 17.0130268571187884
55.7555755575557725 50.7824158892895952
55.7755775577557813 5.8095495000901956
55.7955795579557901 37.7875015413414701
55.8155815581558272 46.2004113316533136
55.8355835583558360 38.8438386376999603
55.8555855585558731 20.6009554759609443
55.8755875587558819 48.6509799152216402
55.8955895589558907 41.8221164584809060
55.9155915591559278 40.6568512252168759
55.9355935593559366 26.4881946036525520
55.9555955595559738 38.5653418723519366
55.9755975597559825 38.9032164352223475
55.9955995599559913 35.9688139608094630
56.0156015601560284 23.2561650049256450
56.0356035603560372 38.8639092244491593
56.0556055605560744 42.7302451495144595
56.0756075607560831 22.7529985949474494
56.0956095609560919 6.1958090138463717
56.1156115611561290 33.7450422325710591
56.1356135613561378 43.1776041823122796
56.1556155615561750 31.2897062840043034
56.1756175617561837 35.4124192919934586
56.1956195619561925 27.8530043991561875
56.2156215621562296 31.4961161909982614
56.2356235623562384 16.7770209282622531
56.2556255625562756 50.1984057772833268
56.2756275627562843 53.8354182547692304
56.2956295629562931 12.8091166996831713
56.3156315631563302 24.3218170332108024
56.3356335633563390 44.3361437230054349
56.3556355635563762 27.1811011315128539
56.3756375637563849 8.9273103837467680
56.3956395639563937 51.6874363590647192
56.4156415641564308 42.2028985997272628
56.4356435643564396 33.8053348418738153
56.4556455645564768 34.6714268696228629
56.4756475647564855 32.4645685908138688
56.4956495649564943 12.8401607898864061
56.5156515651565314 -1.3485918098730103
56.5356535653565402 53.2643597840287981
56.5556555655565774 60.6374426890996574
56.5756575657565861 40.9742906562979101
56.5956595659565949 31.9492585992119338
56.6156615661566320 9.2815499478315679
56.6356635663566408 40.5130668448210400
56.6556655665566495 11.3264048420580430
56.6756675667566867 39.9634417806137776
56.6956695669566955 38.1882872530449973
56.7156715671567326 12.9996513908485003
56.7356735673567414 28.3225699880022930
56.7556755675567501 31.9204084474844869
56.7756775677567873 26.2891447199197223
56.7956795679567961 30.4432417215542337
56.8156815681568332 0.2934832407836048
56.8356835683568420 27.0962802660077458
56.8556855685568507 27.8520728142953615
56.8756875687568879 42.2258201070596328
56.8956895689568967 13.7381822546935801
56.9156915691569338 38.4533332750396610
56.9356935693569426 -4.8687618214896737
56.9556955695569513 26.9505637718695255
56.9756975697569885 36.4080663113974907
56.9956995699569973 16.3172089059106611
57.0157015701570344 50.4598985403858720
57.0357035703570432 33.8384491691804143
57.0557055705570519 42.9523192940909553
57.0757075707570891 8.7310665965175325
57.0957095709570979 45.9666183923692842
57.1157115711571350 44.6282340734700966
57.1357135713571438 4.0621529544409007
57.1557155715571525 21.4176538089270778
57.1757175717571897 38.7423383309963256
57.1957195719571985 21.1560104059603127
57.2157215721572356 31.6169397839456572
57.2357235723572444 13.0596085022379462
57.2557255725572531 0.6185376305893797
57.2757275727572903 23.1486631663814002
57.2957295729572991 32.1212154446031803
57.3157315731573362 31.3942477057181151
57.3357335733573450 25.2573285937958971
57.3557355735573537 26.3674024261589359
57.3757375737573909 17.6531212178021164
57.3957395739573997 6.8620639351355166
57.4157415741574368 5.8275645255672686
57.4357435743574456 43.4834515461731144
57.4557455745574543 16.6085882748551832
57.4757475747574915 16.0350978746165644
57.4957495749575003 24.2451833717773653
57.5157515751575374 23.5964137164657402
57.5357535753575462 41.4905550011712307
57.5557555755575549 18.5856642160568555
57.5757575757575921 42.9196992048891985
57.5957595759576009 36.6822801538085983
57.6157615761576096 37.9914812702633000
57.6357635763576468 42.0369710234426321
57.6557655765576555 11.7530506279646456
57.6757675767576927 43.8965771459613876
57.6957695769577015 28.3235707889564949
57.7157715771577102 18.7815219206072399
57.7357735773577474 34.6242302086950460
57.7557755775577562 36.3039582072971072
57.7757775777577933 12.4455146400316519
57.7957795779578021 15.6791030893073646
57.8157815781578108 4.7428183102896213
57.8357835783578480 2.5267672042127991
57.8557855785578568 6.8322524472029134
57.8757875787578939 4.6221121901803812
57.8957895789579027 13.4137035034444025
57.9157915791579114 4.7335885771754000
57.9357935793579486 15.9577658692120572
57.9557955795579574 24.5354360506069789
57.9757975797579945 25.5254838629389269
57.9957995799580033 44.0060993191026810
58.0158015801580120 0.9333035611256584
58.0358035803580492 14.4522175359056888
58.0558055805580580 23.0516206337643865
58.0758075807580951 38.2702410255642889
58.0958095809581039 29.1154979458632326
58.1158115811581126 13.2250667772112145
58.1358135813581498 22.9397423340887201
58.1558155815581586 -14.6457176720775486
58.1758175817581957 25.8878765695156901
58.1958195819582045 24.8327606816626201
58.2158215821582132 39.1464620640113026
58.2358235823582504 21.5798105672023084
58.2558255825582592 17.7172764066862314
58.2758275827582963 -2.5865333566365685
58.2958295829583051 23.9735976753556486
58.3158315831583138 18.9403110740771474
58.3358335833583510 8.8568421824951038
58.3558355835583598 36.7869581650949442
58.3758375837583969 30.5922718815087542
58.3958395839584057 33.5740432453333142
58.4158415841584144 13.6980539404121195
58.4358435843584516 38.2646031702319007
58.4558455845584604 -0.1452419366969977
58.4758475847584975 17.4123638574105328
58.4958495849585063 9.7483135660491591
58.5158515851585150 39.3743348236584936
58.5358535853585522 -0.3951639347544855
58.5558555855585610 24.8382114002395085
58.5758575857585697 8.6519752514811614
58.5958595859586069 23.9575996260821995
58.6158615861586156 14.0685345365188734
58.6358635863586528 22.5682812351810753
58.6558655865586616 35.1469695759260361
58.6758675867586703 30.3088234081336907
58.6958695869587075 48.4923744730459418
58.7158715871587162 19.6369340270653865
58.7358735873587534 -10.9245634964685507
58.7558755875587622 15.1401657051774876
58.7758775877587709 31.4035488446646411
58.7958795879588081 24.4551144098219595
58.8158815881588168 0.5218368944579375
58.8358835883588540 -1.2034160380316870
58.8558855885588628 8.5649412953097457
58.8758875887588715 28.9579013590652323
58.8958895889589087 10.5151848473127245
58.9158915891589174 44.5466447043163072
58.9358935893589546 12.5483729921409441
58.9558955895589634 -17.3192056913720371
58.9758975897589721 27.0332135683958654
58.9958995899590093 34.6105033368639710
59.0159015901590180 20.4864924790072465
59.0359035903590552 0.3144423626544004
59.0559055905590640 25.5334908197208179
59.0759075907590727 7.9062302709129852
59.0959095909591099 11.6245902221940227
59.1159115911591186 17.8877880442074151
59.1359135913591558 20.6388710939294668
59.1559155915591646 21.6792099792935389
59.1759175917591733 -3.4702221881129063
59.1959195919592105 -3.8363517143938672
59.2159215921592192 28.9331966709886821
59.2359235923592564 25.2023682512109488
59.2559255925592652 28.1451734272098335
59.2759275927592739 19.4010618369182701
59.2959295929593111 23.0172988045788216
59.3159315931593198 1.5645878023347635
59.3359335933593570 -10.8793378738957500
59.3559355935593658 18.7721796777143801
59.3759375937593745 3.2367157470253254
59.3959395939594117 18.1734196682489610
59.4159415941594204 0.9405716717418926
59.4359435943594576 -0.7422050870757495
59.4559455945594664 23.1104797523247925
59.4759475947594751 10.3735820919025876
59.4959495949595123 1.6070012950572483
59.5159515951595210 12.2509718778725354
59.5359535953595298 36.8491638193150948
59.5559555955595670 37.9895701447109602
59.5759575957595757 26.1028827187334933
59.5959595959596129 -0.7117185219736655
59.6159615961596216 8.5787779182159252
59.6359635963596304 16.1429246752550952
59.6559655965596676 16.5151894671968655
59.6759675967596763 -5.1046665284925954
59.6959695969597135 36.1460849346461046
59.7159715971597223 24.4438688870238892
59.7359735973597310 31.9767630963716769
59.7559755975597682 -3.5005103119283234
59.7759775977597769 -28.1587818649381489
59.7959795979598141 1.5203111961344646
59.8159815981598229 19.4599755729300874
59.8359835983598316 2.8902153301610909
59.8559855985598688 0.4425373541715807
59.8759875987598775 6.1878699998117561
59.8959895989599147 21.7131431326664952
59.9159915991599235 25.7339389074369933
59.9359935993599322 5.2985175873834249
59.9559955995599694 15.6691171115140051
59.9759975997599781 30.3166179255452803
59.9959995999600153 -2.7187308961076138
60.0160016001600241 21.1477323840220066
60.0360036003600328 21.7286029616760459
60.0560056005600700 1.3554697658790840
60.0760076007600787 2.8851713661950935
60.0960096009601159 18.1987736454476412
60.1160116011601247 31.1929752129191691
60.1360136013601334 18.0856851367284968
60.1560156015601706 8.8826465021968861
60.1760176017601793 -13.0159466418687906
60.1960196019602165 -1.8338165510102442
60.2160216021602253 -1.1211724831849885
60.2360236023602340 0.8337702138754679
60.2560256025602712 -10.0511949912851524
60.2760276027602799 -0.5413424831122242
60.2960296029603171 4.7825007781563080
60.3160316031603259 -6.4963825526705108
60.3360336033603346 5.2871275734003493
60.3560356035603718 4.6487741323016776
60.3760376037603805 17.0850941823668308
60.3960396039604177 17.0543490419625492
60.4160416041604265 -1.0159823923049753
60.4360436043604352 28.6727038693898422
60.4560456045604724 -1.4504775111871098
60.4760476047604811 -15.9264307278429467
60.4960496049604899 -4.3703361753331400
60.5160516051605271 4.2527094652855517
60.5360536053605358 10.3379636751209052
60.5560556055605730 13.2376683266365660
60.5760576057605817 12.0234244972983237
60.5960596059605905 12.4453741115162746
60.6160616061606277 -9.1386466697267625
60.6360636063606364 3.1770280613887181
60.6560656065606736 27.0172325356879952
60.6760676067606823 6.0343108363420228
60.6960696069606911 20.7568116087458492
60.7160716071607283 25.4264336306953496
60.7360736073607370 -3.0738114257819742
60.7560756075607742 11.6382006824157660
60.7760776077607829 -6.3337290750239461
60.7960796079607917 13.8498106167583863
60.8160816081608289 11.0269753906782686
60.8360836083608376 -21.1398827102063755
60.8560856085608748 22.6543006491728072
60.8760876087608835 3.5522550580063390
60.8960896089608923 -16.5325011752602187
60.9160916091609295 -0.9091708250014880
60.9360936093609382 -18.0683024695239922
60.9560956095609754 -3.2171394817412269
60.9760976097609841 -8.1108232432618195
60.9960996099609929 7.6742831570744601
61.0161016101610301 12.0284701732008585
61.0361036103610388 12.9729934214452740
61.0561056105610760 8.6854071272596691
61.0761076107610847 -8.9918271838545216
61.0961096109610935 -7.2137108456933943
61.1161116111611307 -38.1511262837430749
61.1361136113611394 15.9395815590098628
61.1561156115611766 -3.6494245832956738
61.1761176117611853 4.3540706398488602
61.1961196119611941 7.9926865784139798
61.2161216121612313 -9.8601529335901539
61.2361236123612400 -12.1039227734888861
61.2561256125612772 7.4763377402620916
61.2761276127612859 -13.9445485653454639
61.2961296129612947 1.8748141330165295
61.3161316131613319 23.5953627286165464
61.3361336133613406 26.2953773382332940
61.3561356135613778 21.2968345232064280
61.3761376137613865 7.7061222043199349
61.3961396139613953 32.9236990517320862
61.4161416141614325 4.9501723359351217
61.4361436143614412 32.9570251046282010
61.4561456145614500 -0.7987196712734184
61.4761476147614871 -1.2487367601235944
61.4961496149614959 -0.7178512086078266
61.5161516151615331 7.8728093449320280
61.5361536153615418 15.0366610815908714
61.5561556155615506 3.8855419984550008
61.5761576157615877 22.1335755208535758
61.5961596159615965 8.1394277263829391
61.6161616161616337 -14.7100941042315299
61.6361636163616424 -18.1768205051741880
61.6561656165616512 -3.8984000777513783
61.6761676167616884 -7.7009787737604878
61.6961696169616971 -2.1924079029055017
61.7161716171617343 19.9983633799310603
61.7361736173617430 -7.3328958556238684
61.7561756175617518 16.7253774956437731
61.7761776177617890 -26.2223024199654020
61.7961796179617977 -16.6194672598681095
61.8161816181618349 7.9205218537198689
61.8361836183618436 18.5414861108725511
61.8561856185618524 -0.6273971515814196
61.8761876187618896 3.3788053092176566
61.8961896189618983 3.6329443628078373
61.9161916191619355 11.0019259800659253
61.9361936193619442 -6.1614431069738718
61.9561956195619530 -3.1761177507421854
61.9761976197619902 -4.3796010089389332
61.9961996199619989 1.7354943504114351
62.0162016201620361 9.7565963532517266
62.0362036203620448 20.0755500185578164
62.0562056205620536 10.8131775632980318
62.0762076207620908 1.2228223773411653
62.0962096209620995 11.9185629095337564
62.1162116211621367 -15.5371733752234125
62.1362136213621454 -2.5199418045372846
62.1562156215621542 25.3527062127330254
62.1762176217621914 -14.4291929424624747
62.1962196219622001 12.7224724468219925
62.2162216221622373 16.8528718891400615
62.2362236223622460 5.5692600973193320
62.2562256225622548 -2.6363805349775524
62.2762276227622920 20.9104862958597870
62.2962296229623007 -7.3824407583912555
62.3162316231623379 -13.7833431078385402
62.3362336233623466 -6.7180682659630815
62.3562356235623554 31.7463988999700710
62.3762376237623926 5.8621273646039800
62.3962396239624013 -25.8259771977594497
62.4162416241624101 -9.2063670391210373
62.4362436243624472 -19.8532235140920150
62.4562456245624560 18.3999226109327019
62.4762476247624932 21.0055438239239542
62.4962496249625019 -17.5139597417015302
62.5162516251625107 14.6072022711649101
62.5362536253625478 -7.8097697966974238
62.5562556255625566 -0.7976797435066412
62.5762576257625938 27.3430385543285404
62.5962596259626025 7.6190222758577288
62.6162616261626113 -4.1471743796666027
62.6362636263626484 11.6718828307312474
62.6562656265626572 -9.0383643803291509
62.6762676267626944 -4.6716092746935649
62.6962696269627031 -13.1719030071191128
62.7162716271627119 0.3868898881104816
62.7362736273627490 13.8339408611236010
62.7562756275627578 -24.3741897142617638
62.7762776277627950 -16.9560843462580237
62.7962796279628037 -21.9147996844334116
62.8162816281628125 11.3312320782974609
62.8362836283628496 10.6389404052469168
62.8562856285628584 15.1051132166362798
62.8762876287628956 3.3553858297449048
62.8962896289629043 1.9135291763668589
62.9162916291629131 15.3233845902237960
62.9362936293629502 0.3769324391507110
62.9562956295629590 5.5397287496535181
62.9762976297629962 -4.0190411409509084
62.9962996299630049 -15.8609016189163050
63.0163016301630137 -3.1233050277081875
63.0363036303630508 -15.8495215285251234
63.0563056305630596 2.1454547659298826
63.0763076307630968 -12.6734199407031856
63.0963096309631055 -12.3140759600133531
63.1163116311631143 -13.9538866754464266
63.1363136313631514 -2.3018545961532375
63.1563156315631602 2.9208287847817451
63.1763176317631974 8.7525601061763663
63.1963196319632061 -17.3494170756775148
63.2163216321632149 -3.5840846562450510
63.2363236323632520 -1.6763976309823381
63.2563256325632608 5.4842231700450341
63.2763276327632980 6.4944781266053679
63.2963296329633067 -9.9512083429260265
63.3163316331633155 12.3007415753601563
63.3363336333633526 -2.9494129630038310
63.3563356335633614 12.4196791368514283
63.3763376337633701 -18.5749298787857029
63.3963396339634073 8.8535595027066059
63.4163416341634161 -4.7861203477187058
63.4363436343634532 -4.7603169202684734
63.4563456345634620 10.8656957558726432
63.4763476347634708 6.4824430586836685
63.4963496349635079 -5.5516552148481670
63.5163516351635167 -3.7569968029369809
63.5363536353635538 7.1675180093015287
63.5563556355635626 10.3486553401304917
63.5763576357635714 0.4375789452961998
63.5963596359636085 -13.6565891230443235
63.6163616361636173 8.3854718676206019
63.6363636363636545 -8.6007040846595260
63.6563656365636632 5.1452973024479585
63.6763676367636720 -4.3614685138694469
63.6963696369637091 -8.6962654730141526
63.7163716371637179 -5.2886148524054128
63.7363736373637551 21.8253534103250075
63.7563756375637638 -1.8271700647439388
63.7763776377637726 -38.5809753381912230
63.7963796379638097 9.2645321655354422
63.8163816381638185 -17.6721424454974638
63.8363836383638557 -30.6437170806040129
63.8563856385638644 -15.5736241971803793
63.8763876387638732 22.2703637050948089
63.8963896389639103 -22.5434820185205140
63.9163916391639191 8.5279298541500808
63.9363936393639563 3.8322840684432373
63.9563956395639650 -31.4359338352434889
63.9763976397639738 -0.4744907668219795
63.9963996399640109 -10.2782647535506726
64.0164016401640197 -12.3720952607330652
64.0364036403640569 7.4224405374703384
64.0564056405640656 -7.1288745591366682
64.0764076407640744 -14.9091997725991430
64.0964096409641115 -7.2555062668934207
64.1164116411641203 -16.8085139621862325
64.1364136413641575 17.7240326034199143
64.1564156415641662 -6.6734665571390082
64.1764176417641750 10.8190458747919056
64.1964196419642121 11.2014011088450935
64.2164216421642209 18.9248621163439239
64.2364236423642581 -7.4870066276932352
64.2564256425642668 -9.9843589304940554
64.2764276427642756 -2.8558867921026803
64.2964296429643127 -10.5119584113648532
64.3164316431643215 -19.9065743439881402
64.3364336433643587 14.8984660525246344
64.3564356435643674 3.7853036097714359
64.3764376437643762 -14.6047262857770264
64.3964396439644133 -41.3794362152091963
64.4164416441644221 -8.2847191403111982
64.4364436443644308 6.1019840026947048
64.4564456445644680 16.2649372356584223
64.4764476447644768 12.8961606123102897
64.4964496449645139 -7.8173356705726436
64.5164516451645227 -11.6739670762192702
64.5364536453645314 -36.7452314944991230
64.5564556455645686 -1.0318711424589662
64.5764576457645774 -9.3750676688537293
64.5964596459646145 -7.8877056540220023
64.6164616461646233 -6.9450103490408708
64.6364636463646320 -21.4345614288429616
64.6564656465646692 -28.8050060988958947
64.6764676467646780 -21.3498565012686754
64.6964696469647151 -16.4362921666461830
64.7164716471647239 -18.1569401162316097
64.7364736473647326 -11.1572167149189632
64.7564756475647698 -3.5065120451721086
64.7764776477647786 -15.5974489751697583
64.7964796479648157 -10.2634590225483979
64.8164816481648245 -31.2812368040804110
64.8364836483648332 -26.7173359041433791
64.8564856485648704 -41.5792720704656347
64.8764876487648792 -12.0496270080151273
64.8964896489649163 -25.0299249521520757
64.9164916491649251 -5.7969658166092177
64.9364936493649338 13.9040695464430915
64.9564956495649710 -8.3841874065782012
64.9764976497649798 -3.0642560197423858
64.9964996499650169 -34.7342540680070186
65.0165016501650257 4.6931927967452083
65.0365036503650344 0.0343753928352850
65.0565056505650716 -13.4790092715527816
65.0765076507650804 -31.6961621581650412
65.0965096509651175 -21.8946353028359795
65.1165116511651263 -24.6709591947383267
65.1365136513651350 -0.8362233090872078
65.1565156515651722 -38.5480043818378562
65.1765176517651810 -0.8701276753630509
65.1965196519652181 -5.3975308223426177
65.2165216521652269 -9.2103109678513757
65.2365236523652356 -18.5682954108363560
65.2565256525652728 -13.3938920942794457
65.2765276527652816 3.7983556355008830
65.2965296529653187 -41.9423161944771721
65.3165316531653275 -17.8005509281360013
65.3365336533653362 -39.8913710577602814
65.3565356535653734 -4.8224627994600606
65.3765376537653822 -20.7374311023695199
65.3965396539653909 -13.3861489951984520
65.4165416541654281 -3.4452182724385203
65.4365436543654369 -18.6652468969796814
65.4565456545654740 -14.6910926102279653
65.4765476547654828 -19.9070277125599056
65.4965496549654915 2.5651367586279310
65.5165516551655287 -12.7410037309524835
65.5365536553655375 -12.8239867711090856
65.5565556555655746 -22.4927222973960426
65.5765576557655834 -21.9872507813738132
65.5965596559655921 -33.2156196950684830
65.6165616561656293 -8.7429483305804361
65.6365636563656381 3.7777123778552468
65.6565656565656752 -4.2190119860198383
65.6765676567656840 -27.3229062393262261
65.6965696569656927 -20.3263689502107958
65.7165716571657299 -14.2466393750287974
65.7365736573657387 -17.9504662933048600
65.7565756575657758 -13.9090578348416987
65.7765776577657846 -6.7218628701030294
65.7965796579657933 -36.9920984497256384
65.8165816581658305 -23.3570622573853797
65.8365836583658393 -22.7441700102474798
65.8565856585658764 -12.9511749696151224
65.8765876587658852 -31.4769260669030544
65.8965896589658939 -20.0250171809532986
65.9165916591659311 -6.8985342320852787
65.9365936593659399 -6.3312971527645825
65.9565956595659770 2.1788452168580044
65.9765976597659858 -45.7177122952133885
65.9965996599659945 -16.0076092158587784
66.0166016601660317 -11.0532437012369691
66.0366036603660405 -25.7867400040146322
66.0566056605660776 3.9661926262469507
66.0766076607660864 -23.0755275234415862
66.0966096609660951 -4.8123328522697211
66.1166116611661323 -6.0887924794739838
66.1366136613661411 -3.9210954764624919
66.1566156615661782 -15.4794718464210312
66.1766176617661870 17.5635725153825000
66.1966196619661957 14.7519390670010004
66.2166216621662329 -30.5091198519598379
66.2366236623662417 -23.7212014535760787
66.2566256625662788 -29.3481000326970971
66.2766276627662876 -6.4089136729092768
66.2966296629662963 -26.0733906489236844
66.3166316631663335 2.4224816240057265
66.3366336633663423 -8.2388122169483591
66.3566356635663510 -12.2983372098705672
66.3766376637663882 -31.8966558914652580
66.3966396639663969 -28.0178390085853621
66.4166416641664341 6.3574208688963445
66.4366436643664429 -20.4346239844391100
66.4566456645664516 -24.6670692002835601
66.4766476647664888 -18.1921697687023602
66.4966496649664975 -27.3701098687754865
66.5166516651665347 -7.3630123999137673
66.5366536653665435 -12.8658739294426478
66.5566556655665522 -28.4673050624276449
66.5766576657665894 -4.8088239872218832
66.5966596659665981 -41.1457281610888685
66.6166616661666353 -39.7260091035804024
66.6366636663666441 -37.5672659164394531
66.6566656665666528 -14.9094239807220745
66.6766676667666900 -8.9252700097923494
66.6966696669666987 -14.4644400119565937
66.7166716671667359 -30.1427382811032167
66.7366736673667447 -41.1054289156691439
66.7566756675667534 -34.8494488805496729
66.7766776677667906 -14.1729781637596801
66.7966796679667993 -35.1501265577265514
66.8166816681668365 -31.9160460991661914
66.8366836683668453 -7.0988032518659221
66.8566856685668540 -42.6788678466692346
66.8766876687668912 -0.5880405992844615
66.8966896689668999 -1.4991353313898159
66.9166916691669371 -18.2002590292428508
66.9366936693669459 3.0674227605140523
66.9566956695669546 -23.2746597535350368
66.9766976697669918 -37.0734140349804520
66.9966996699670005 -24.7098675627128763
67.0167016701670377 -38.7264548384644343
67.0367036703670465 -46.2097325289009007
67.0567056705670552 -7.8127349316351200
67.0767076707670924 -51.0883383156305371
67.0967096709671011 10.7023512177325912
67.1167116711671383 -18.9111421592607627
67.1367136713671471 -15.7352022834082632
67.1567156715671558 -26.1556411485979474
67.1767176717671930 -22.8105972419142589
67.1967196719672017 -5.3774696910013198
67.2167216721672389 -1.5134297386642359
67.2367236723672477 -39.6267828240457831
67.2567256725672564 -11.6848883909122119
67.2767276727672936 -6.9288278445745757
67.2967296729673023 -46.6802999914582983
67.3167316731673111 -1.8513281817342424
67.3367336733673483 -19.3011028481473481
67.3567356735673570 -8.3564814167529864
67.3767376737673942 -26.1057267958638946
67.3967396739674030 -4.4223086414237365
67.4167416741674117 -15.6414404038023207
67.4367436743674489 -36.3563814755794326
67.4567456745674576 -15.7648875825566996
67.4767476747674948 2.3268522745902231
67.4967496749675036 -2.2552276443271460
67.5167516751675123 -29.3839522905313544
67.5367536753675495 -11.5427402385882214
67.5567556755675582 2.6068822890037815
67.5767576757675954 -15.4062825017705052
67.5967596759676042 -37.4152379834439657
67.6167616761676129 -49.0664413918588878
67.6367636763676501 -32.9434126261521740
67.6567656765676588 -15.5116790222158976
67.6767676767676960 -11.5349261196115744
67.6967696769677048 -4.4875122388284296
67.7167716771677135 -19.7269042043879246
67.7367736773677507 -15.7197283675213999
67.7567756775677594 -5.9967039762076695
67.7767776777677966 -21.2678275900620655
67.7967796779678054 -9.3760793161539677
67.8167816781678141 -38.4842109488982800
67.8367836783678513 -33.8518878987739811
67.8567856785678600 -17.9985613608278143
67.8767876787678972 -26.6715859060150180
67.8967896789679060 -36.6902703159303059
67.9167916791679147 -8.8348728372408285
67.9367936793679519 -13.9201353895571724
67.9567956795679606 -44.2532670765511611
67.9767976797679978 -18.0604261706686096
67.9967996799680066 -54.1673896655322906
68.0168016801680153 -40.8896979249776393
68.0368036803680525 -53.0242389563197776
68.0568056805680612 -35.2716648559093287
68.0768076807680984 -43.0698916865602683
68.0968096809681072 -21.4184080941946213
68.1168116811681159 -33.9990543740543458
68.1368136813681531 -10.3580504355955121
68.1568156815681618 -15.0937156043908907
68.1768176817681990 -13.6946150828136464
68.1968196819682078 -37.6285101608929438
68.2168216821682165 -21.3485731401351160
68.2368236823682537 -49.4921686186633849
68.2568256825682624 -24.4447905894944348
68.2768276827682712 -18.8732272571354258
68.2968296829683084 -5.2672616100523335
68.3168316831683171 -17.6851706361550214
68.3368336833683543 -32.5144235216605182
68.3568356835683630 -20.6791208440796410
68.3768376837683718 -45.3211176936557223
68.3968396839684090 -23.5516929348975985
68.4168416841684177 -12.8102671780162947
68.4368436843684549 -8.1370737042237771
68.4568456845684636 -30.4561912337664005
68.4768476847684724 -8.5330996834004438
68.4968496849685096 -33.3236199518243339
68.5168516851685183 -18.1591535347292030
68.5368536853685555 -30.8803397980792411
68.5568556855685642 -42.6551542184133581
68.5768576857685730 -33.8074846626656580
68.5968596859686102 -16.0780384708158692
68.6168616861686189 -25.9016676198350062
68.6368636863686561 -17.4152109858468123
68.6568656865686648 -29.6321507979825860
68.6768676867686736 -20.4576170816042406
68.6968696869687108 -41.3863190332081601
68.7168716871687195 -15.5590189472443683
68.7368736873687567 -28.0694782686397417
68.7568756875687654 -42.3485311958859043
68.7768776877687742 -6.5255547784405152
68.7968796879688114 -10.7475737463690386
68.8168816881688201 -16.7152260461719706
68.8368836883688573 -7.5560326963737587
68.8568856885688660 -11.6301945119479768
68.8768876887688748 -20.5449831301977994
68.8968896889689120 -35.4377609205960056
68.9168916891689207 -20.3736699446039893
68.9368936893689579 -28.5148276684173752
68.9568956895689666 -43.0140806836161005
68.9768976897689754 -30.0242584621766611
68.9968996899690126 -58.1506132408407836
69.0169016901690213 -24.9432745807338669
69.0369036903690585 -20.2264494691043168
69.0569056905690672 -18.2123673714079004
69.0769076907690760 -13.4191605982177720
69.0969096909691132 -23.3489648800995617
69.1169116911691219 -30.9104108839336646
69.1369136913691591 -3.6678820877236404
69.1569156915691678 -17.0045390248905655
69.1769176917691766 -20.3815080723249125
69.1969196919692138 -14.8580472586190648
69.2169216921692225 -37.4997386500847369
69.2369236923692313 -34.9593431350217969
69.2569256925692684 -22.8793858227340046
69.2769276927692772 -16.9141812498277346
69.2969296929693144 -46.1768216448880793
69.3169316931693231 -22.4165414209808986
69.3369336933693319 -19.6305549617326847
69.3569356935693691 -14.3262172945106627
69.3769376937693778 -45.8581691812097745
69.3969396939694150 -48.6073018080739701
69.4169416941694237 -52.9407311518283592
69.4369436943694325 -41.3073115504067161
69.4569456945694697 -38.1091245228766056
69.4769476947694784 -31.5070682737685495
69.4969496949695156 -34.6827257319030338
69.5169516951695243 -34.9409801166275571
69.5369536953695331 -14.6819476620686444
69.5569556955695703 -34.8228899179954681
69.5769576957695790 -48.8113849825191437
69.5969596959696162 -26.6939791932048465
69.6169616961696249 -38.8893654956425863
69.6369636963696337 -23.6485933337730572
69.6569656965696709 -17.2524745790183474
69.6769676967696796 -22.1302441256765725
69.6969696969697168 -22.4496146190323422
69.7169716971697255 -29.5886227220870168
69.7369736973697343 -17.5320428000698527
69.7569756975697715 -43.1940915103973708
69.7769776977697802 -25.2871039685907135
69.7969796979698174 -21.1131192819174949
69.8169816981698261 -40.2908399609897430
69.8369836983698349 -41.3929291001245048
69.8569856985698721 -42.0386433789094127
69.8769876987698808 -40.0901541327052513
69.8969896989699180 -23.2398369652160710
69.9169916991699267 -4.9491120775994482
69.9369936993699355 -34.3512509073069552
69.9569956995699727 -38.8916684070652963
69.9769976997699814 -9.8620623809113539
69.9969996999700186 -18.5286246791081197
70.0170017001700273 -43.1780309158110072
70.0370037003700361 -30.5935154468335284
70.0570057005700733 -34.1679825889295685
70.0770077007700820 -44.5268644606536270
70.0970097009701192 -31.7582423680786583
70.1170117011701279 -14.0832651174210071
70.1370137013701367 -21.3979645960902438
70.1570157015701739 -27.2249307951856281
70.1770177017701826 -11.8396099593190698
70.1970197019701914 -27.4373107856163507
70.2170217021702285 -12.6212419278136423
70.2370237023702373 -41.3990808056870918
70.2570257025702745 -6.1012530109777714
70.2770277027702832 -32.6586551421427131
70.2970297029702920 -25.2997476437600710
70.3170317031703291 -33.3619868557045152
70.3370337033703379 -36.0175353795421529
70.3570357035703751 -27.5297959934466938
70.3770377037703838 -52.0991368085776330
70.3970397039703926 -13.2026886666432404
70.4170417041704297 -60.4511860584805447
70.4370437043704385 -26.4363221720772934
70.4570457045704757 -10.8342309507292676
70.4770477047704844 -41.2435398099943171
70.4970497049704932 -29.5896992326325829
70.5170517051705303 -43.9330850717970520
70.5370537053705391 -17.9861914365347708
70.5570557055705763 -27.2618994659962688
70.5770577057705850 -44.7112238880608714
70.5970597059705938 -35.5908527495842506
70.6170617061706309 -16.5376653110396283
70.6370637063706397 -52.6773557790081881
70.6570657065706769 -35.8011201759621684
70.6770677067706856 -27.9420298167708303
70.6970697069706944 -26.1041836614556715
70.7170717071707315 -14.0979843786821633
70.7370737073707403 -9.4768070321869970
70.7570757075707775 -29.6225821967043075
70.7770777077707862 -24.3221676365425843
70.7970797079707950 -37.4981534140005266
70.8170817081708321 -52.0615945417962749
70.8370837083708409 -59.0705484396237352
70.8570857085708781 -31.6135776224559670
70.8770877087708868 -29.9527301839656097
70.8970897089708956 -41.5268816088337331
70.9170917091709327 -18.7166091134684649
70.9370937093709415 -46.0265811483680523
70.9570957095709787 -21.7430452516188879
70.9770977097709874 -24.1099221104160577
70.9970997099709962 -46.2318003508595794
71.0171017101710333 -33.9290845691888023
71.0371037103710421 -18.6220903559117907
71.0571057105710793 -35.4275124554447487
71.0771077107710880 -39.2102179898975010
71.0971097109710968 -50.3766601679092290
71.1171117111711339 -49.1918881478435281
71.1371137113711427 -19.3670172859045273
71.1571157115711515 -40.4714641259557482
71.1771177117711886 -31.9082518205655745
71.1971197119711974 -32.2636674390360625
71.2171217121712345 -30.6578522077573510
71.2371237123712433 -46.9638490354072005
71.2571257125712521 -42.5154410664356419
71.2771277127712892 -44.5986195388525957
71.2971297129712980 -39.7983194772392821
71.3171317131713352 -45.6501401789000880
71.3371337133713439 -16.8492743345763323
71.3571357135713527 -18.8012652825943611
71.3771377137713898 -25.9589294855062462
71.3971397139713986 -33.3619915021231748
71.4171417141714358 -37.4087358932471687
71.4371437143714445 -25.7602862497874270
71.4571457145714533 -42.8399692883500904
71.4771477147714904 -41.9301732060657599
71.4971497149714992 -37.2059246008680944
71.5171517151715364 -12.6422320951225586
71.5371537153715451 -72.3162233913529207
71.5571557155715539 -40.3782895798894685
71.5771577157715910 -29.9819320867703567
71.5971597159715998 -57.8806227930104455
71.6171617161716370 -37.0094755071205626
71.6371637163716457 -23.3813201576138212
71.6571657165716545 -42.5838126666935182
71.6771677167716916 -26.9811233906074222
71.6971697169717004 -39.3147601775186573
71.7171717171717376 -34.1257028586247984
71.7371737173717463 -47.9189754538302353
71.7571757175717551 -40.0534468463891571
71.7771777177717922 -32.9083673836373052
71.7971797179718010 -25.6722518191526987
71.8171817181718382 -33.3145835262257037
71.8371837183718469 -33.4786064283309699
71.8571857185718557 -39.5505550305133013
71.8771877187718928 -21.3581981235414737
71.8971897189719016 -54.9660439814534598
71.9171917191719388 -53.4016283394709319
71.9371937193719475 -47.6656464643313100
71.9571957195719563 -46.1285073780432668
71.9771977197719934 -45.7414350394037399
71.9971997199720022 -50.7162008316831745
72.0172017201720394 -53.5491376795683038
72.0372037203720481 -48.3627035754128656
72.0572057205720569 -60.5726854401873283
72.0772077207720940 -46.9398510767922303
72.0972097209721028 -36.6658506986086934
72.1172117211721115 -12.0420172181641014
72.1372137213721487 -22.7906182904779442
72.1572157215721575 -31.3733576374996375
72.1772177217721946 -42.6295853279835271
72.1972197219722034 -22.3519947280394611
72.2172217221722121 -31.9933418114460828
72.2372237223722493 -44.0747023363594792
72.2572257225722581 -46.5954067315062233
72.2772277227722952 -48.5721474828628530
72.2972297229723040 -60.0680034830805170
72.3172317231723127 -16.1290752340977193
72.3372337233723499 -47.5985032357894653
72.3572357235723587 -28.9770434534501433
72.3772377237723958 -34.6840965198060189
72.3972397239724046 -36.5586750200053103
72.4172417241724133 -34.2428149851069037
72.4372437243724505 -54.1230706251722538
72.4572457245724593 -44.8952353306706726
72.4772477247724964 -27.1326793192143363
72.4972497249725052 -23.7190508883452935
72.5172517251725139 -52.7675615988482889
72.5372537253725511 -51.6622993518352303
72.5572557255725599 -39.7991923049991101
72.5772577257725970 -61.6333164330670229
72.5972597259726058 -47.8789077073214884
72.6172617261726145 -41.0190262444227116
72.6372637263726517 -25.5513093454060431
72.6572657265726605 -57.4009630531782662
72.6772677267726976 -57.2633220448843474
72.6972697269727064 -55.9547172371946857
72.7172717271727151 -33.0643496160909649
72.7372737273727523 -25.4040482492192154
72.7572757275727611 -28.0599220383817780
72.7772777277727982 -52.6718192213531609
72.7972797279728070 -22.7481762226126172
72.8172817281728157 -37.2035299754834838
72.8372837283728529 -45.2499946555412222
72.8572857285728617 -21.5182577042192058
72.8772877287728988 -13.6827979108287678
72.8972897289729076 -54.7671846543094745
72.9172917291729163 -40.7546909220208136
72.9372937293729535 -26.9325979856413440
72.9572957295729623 -20.7110825561074776
72.9772977297729994 -42.8241330980808357
72.9972997299730082 -52.4895844097261488
73.0173017301730169 -38.1356589214381856
73.0373037303730541 -19.1260360490680128
73.0573057305730629 -36.0754493848586506
73.0773077307730716 -32.8416866273507608
73.0973097309731088 -37.0383209124601507
73.1173117311731176 -44.3512012242438800
73.1373137313731547 -33.8553298745526661
73.1573157315731635 -33.2506715106935573
73.1773177317731722 -33.7007102243533296
73.1973197319732094 -36.1975350752083571
73.2173217321732182 -39.6313950241395432
73.2373237323732553 -24.4716497011360872
73.2573257325732641 -39.3510913844679067
73.2773277327732728 -57.3140207672436617
73.2973297329733100 -42.7219469153626221
73.3173317331733188 -26.5968660534406105
73.3373337333733559 -51.3668391756352136
73.3573357335733647 -49.8497704204607288
73.3773377337733734 -52.2858075978867873
73.3973397339734106 -53.5713704960043202
73.4173417341734194 -42.2132859115365164
73.4373437343734565 -50.2158383469124487
73.4573457345734653 -24.4360835997708676
73.4773477347734740 -28.4660931617100594
73.4973497349735112 -53.6852295858731026
73.5173517351735200 -46.7594774238340065
73.5373537353735571 -32.6019661370438669
73.5573557355735659 -47.2884023320017519
73.5773577357735746 -37.7423977261785950
73.5973597359736118 -25.0525294473732743
73.6173617361736206 -46.6692233195259476
73.6373637363736577 -59.0235043622620665
73.6573657365736665 -25.9988264999698231
73.6773677367736752 -42.9325612818140812
73.6973697369737124 -50.1785363665601380
73.7173717371737212 -16.8309601826804993
73.7373737373737583 -69.4803027407688774
73.7573757375737671 -67.2451749474432603
73.7773777377737758 -51.7977644003526478
73.7973797379738130 -37.0628616122918473
73.8173817381738218 -57.1521161686933539
73.8373837383738589 -50.7917444247026069
73.8573857385738677 -16.2985349354368800
73.8773877387738764 -44.8677987929695661
73.8973897389739136 -36.0806445471909996
73.9173917391739224 -30.0519161409083218
73.9373937393739595 -25.1621839969255916
73.9573957395739683 -54.2710063659277608
73.9773977397739770 -43.2284808698414977
73.9973997399740142 -40.3851093457767334
74.0174017401740230 -32.4223207798369941
74.0374037403740317 -41.3690210701279710
74.0574057405740689 -37.4212424395574459
74.0774077407740776 -38.2223046418797594
74.0974097409741148 -19.4468683477788957
74.1174117411741236 -20.8207812719448206
74.1374137413741323 -33.2609864261191817
74.1574157415741695 -31.5466897046077932
74.1774177417741782 -39.2828483872120415
74.1974197419742154 -32.8693818200884493
74.2174217421742242 -51.7341389105728524
74.2374237423742329 -47.7699521060520738
74.2574257425742701 -30.5678316041378828
74.2774277427742788 -48.7775631972874919
74.2974297429743160 -57.0310580140351675
74.3174317431743248 -20.3464087120119963
74.3374337433743335 -38.2193220450940601
74.3574357435743707 -52.6376729586741803
74.3774377437743794 -44.4241649715091995
74.3974397439744166 -20.9580792217877523
74.4174417441744254 -41.2712886624626734
74.4374437443744341 -43.3531901028982887
74.4574457445744713 -20.5242083289511932
74.4774477447744800 -20.8581537705559334
74.4974497449745172 -37.5784679254254996
74.5174517451745260 -51.0310305251619667
74.5374537453745347 -43.0053450351718354
74.5574557455745719 -37.6607614680440577
74.5774577457745806 -42.6732019646564851
74.5974597459746178 -39.8925431029673021
74.6174617461746266 -50.8892126204918469
74.6374637463746353 -42.3067884092304638
74.6574657465746725 -48.6723982332632943
74.6774677467746812 -31.7102961716562035
74.6974697469747184 -49.0573022063504780
74.7174717471747272 -43.2584496432296106
74.7374737473747359 -37.8401323859006524
74.7574757475747731 -51.0416938859235358
74.7774777477747818 -60.7763877448112311
74.7974797479748190 -46.4960297361703709
74.8174817481748278 -43.5335764964001370
74.8374837483748365 -42.3964438771154803
74.8574857485748737 -37.9553043035538735
74.8774877487748824 -36.8479060187773229
74.8974897489749196 -29.1967030830370717
74.9174917491749284 -46.2389650068483959
74.9374937493749371 -30.0772074033785088
74.9574957495749743 -30.5886810800238607
74.9774977497749830 -56.8924879278245186
74.9974997499750202 -29.8499352874206636
75.0175017501750290 -58.4923621825008269
75.0375037503750377 -30.2766085768659963
75.0575057505750749 -36.4701908663101548
75.0775077507750837 -30.1218207779510081
75.0975097509750924 -31.3937235964724870
75.1175117511751296 -35.1125394814159506
75.1375137513751383 -25.1652286477424099
75.1575157515751755 -36.2228327467685816
75.1775177517751843 -22.9189103937823688
75.1975197519751930 -26.7311115294914856
75.2175217521752302 -48.0091723902226732
75.2375237523752389 -17.4672221194282180
75.2575257525752761 -50.0471231233323834
75.2775277527752849 -18.3251048112025501
75.2975297529752936 -49.4455829738993273
75.3175317531753308 -60.3923011439534463
75.3375337533753395 -47.7409159922556086
75.3575357535753767 -45.0674097288641633
75.3775377537753855 -51.8771375647560475
75.3975397539753942 -46.0215021122720884
75.4175417541754314 -31.4758700330395911
75.4375437543754401 -37.2874132916128573
75.4575457545754773 -22.6596620117409593
75.4775477547754861 -35.5112481476223323
75.4975497549754948 -34.2429638033194408
75.5175517551755320 -28.8566175779813463
75.5375537553755407 -25.0174315713903219
75.5575557555755779 -46.3415748685157851
75.5775577557755867 -40.9157315341126164
75.5975597559755954 -41.0033558283831496
75.6175617561756326 -21.3052699838734938
75.6375637563756413 -47.6130919310305813
75.6575657565756785 -54.4980953322149233
75.6775677567756873 -40.8391923195950497
75.6975697569756960 -39.6675026833854503
75.7175717571757332 -46.7111126399467977
75.7375737573757419 -32.8029518355541398
75.7575757575757791 -39.0689116119914033
75.7775777577757879 -24.6469757192817838
75.7975797579757966 -17.9361978615866668
75.8175817581758338 -38.0845634372986268
75.8375837583758425 -67.1583115020743406
75.8575857585758797 -62.2467275020221678
75.8775877587758885 -30.7355484645374375
75.8975897589758972 -7.5519775866241545
75.9175917591759344 -53.2368693308501619
75.9375937593759431 -51.9518254840030096
75.9575957595759803 -32.3452387367903782
75.9775977597759891 -44.6315917368719681
75.9975997599759978 -26.2050217044519300
76.0176017601760350 -63.2055388017104320
76.0376037603760437 -47.8555661708110947
76.0576057605760525 -26.4828643400092432
76.0776077607760897 -69.1029830655139392
76.0976097609760984 -43.9821985161160569
76.1176117611761356 -35.0508954319989101
76.1376137613761443 -24.3945121495181887
76.1576157615761531 -64.0883176240199219
76.1776177617761903 -46.5832175781937110
76.1976197619761990 -33.2036637235026717
76.2176217621762362 -35.3134369094690683
76.2376237623762449 -54.0675967342649599
76.2576257625762537 -38.9526724900824206
76.2776277627762909 -36.1608603033998008
76.2976297629762996 -20.4542927628564826
76.3176317631763368 -34.9169368333734624
76.3376337633763455 -46.9553372029715348
76.3576357635763543 -59.2379460518123295
76.3776377637763915 -29.1668818803530385
76.3976397639764002 -34.0915784960369947
76.4176417641764374 -33.2460168730381795
76.4376437643764461 -35.8969599362287823
76.4576457645764549 -47.4230750350703403
76.4776477647764921 -30.5289818152504466
76.4976497649765008 -47.1713042347644347
76.5176517651765380 -22.7500951358046457
76.5376537653765467 -55.2274581036128467
76.5576557655765555 -42.1717450425925264
76.5776577657765927 -52.8146180139218302
76.5976597659766014 -41.0657292459415473
76.6176617661766386 -25.0310040174086339
76.6376637663766473 -63.2999232115460799
76.6576657665766561 -28.2580690150696512
76.6776677667766933 -25.8333268149324802
76.6976697669767020 -30.7312975255510281
76.7176717671767392 -17.0208858020791745
76.7376737673767479 -24.9555429054912352
76.7576757675767567 -42.6915916554208437
76.7776777677767939 -34.1210931468564240
76.7976797679768026 -62.9674558231133972
76.8176817681768398 -28.4069510979422617
76.8376837683768485 -56.8955377323071190
76.8576857685768573 -41.3455125426245758
76.8776877687768945 -47.9736019267717708
76.8976897689769032 -49.6986931055140531
76.9176917691769404 -15.9371447269445916
76.9376937693769491 -37.1614720195933899
76.9576957695769579 -46.9130316768684779
76.9776977697769951 -47.9297312088328908
76.9976997699770038 -41.1264727478990437
77.0177017701770126 -51.8201212159189950
77.0377037703770498 -16.6738051856343610
77.0577057705770585 -79.6959872589458342
77.0777077707770957 -68.6156281295731674
77.0977097709771044 -19.6940035301444034
77.1177117711771132 -36.1751902690143936
77.1377137713771504 -49.5154084862442545
77.1577157715771591 -35.5172637495129067
77.1777177717771963 -34.2035341787472191
77.1977197719772050 -53.2245660621723005
77.2177217721772138 -20.9312437534651927
77.2377237723772510 -38.6639380060603273
77.2577257725772597 -27.1601514334684992
77.2777277727772969 -44.1844938996205698
77.2977297729773056 -36.4060550679287900
77.3177317731773144 -41.6358571563670239
77.3377337733773516 -50.1330390808033854
77.3577357735773603 -17.4012855900707635
77.3777377737773975 -65.2555077366360194
77.3977397739774062 -58.5701029469253456
77.4177417741774150 -53.6823209226559541
77.4377437743774522 -9.1271156425399873
77.4577457745774609 -15.9239211326371652
77.4777477747774981 -35.9856651661541349
77.4977497749775068 -23.1678343886943949
77.5177517751775156 -43.9699037462898872
77.5377537753775528 -44.7311990102575976
77.5577557755775615 -34.0630050545272169
77.5777577757775987 -19.5938408792491003
77.5977597759776074 -47.8280211382256155
77.6177617761776162 -20.2344455716651197
77.6377637763776534 -34.5034169003963740
77.6577657765776621 -15.8641656208527024
77.6777677767776993 -42.5057619122686532
77.6977697769777080 -33.7445541968893039
77.7177717771777168 -24.1034765561497828
77.7377737773777540 -54.7956988066463353
77.7577757775777627 -27.9113258514351301
77.7777777777777999 -36.4401973555883529
77.7977797779778086 -55.2792076825318475
77.8177817781778174 -28.4408028882898236
77.8377837783778546 -26.8368763342413672
77.8577857785778633 -53.4311208408587106
77.8777877787779005 -38.3774965342874594
77.8977897789779092 -37.4250264133283039
77.9177917791779180 -49.4925894960088613
77.9377937793779552 -33.5891953651535573
77.9577957795779639 -41.1747624337096170
77.9777977797779727 -42.9450943335125714
77.9977997799780098 -27.2231664929405497
78.0178017801780186 -33.8579117742548803
78.0378037803780558 -32.0322727285259603
78.0578057805780645 -20.6694207536394359
78.0778077807780733 -55.4522822571443683
78.0978097809781104 -33.3367360889658713
78.1178117811781192 -51.1791429164684359
78.1378137813781564 -26.0177869580996557
78.1578157815781651 -18.0209085073188859
78.1778177817781739 -25.0518442836821578
78.1978197819782110 -64.4264935914844443
78.2178217821782198 -22.2494348867360436
78.2378237823782570 -49.4716234915448112
78.2578257825782657 -41.0793274884959771
78.2778277827782745 -52.4631569223373546
78.2978297829783116 -48.8374020226267689
78.3178317831783204 -49.8891732125712366
78.3378337833783576 -40.2876730667937650
78.3578357835783663 -43.1590479828600593
78.3778377837783751 -30.4008683856414450
78.3978397839784122 -47.2508704305678151
78.4178417841784210 -22.4196445875702466
78.4378437843784582 -33.8403701991564176
78.4578457845784669 -64.3548694793749263
78.4778477847784757 -57.7865624405207043
78.4978497849785128 -39.5758105703608436
78.5178517851785216 -21.7665267797786015
78.5378537853785588 -60.9492924213348886
78.5578557855785675 -30.9214506959755724
78.5778577857785763 -11.2648308656701879
78.5978597859786134 -22.1840218221076100
78.6178617861786222 -37.8636920950722811
78.6378637863786594 -32.1203059273813025
78.6578657865786681 -41.8996860863995053
78.6778677867786769 -23.8390990362277648
78.6978697869787140 -41.0130919043567772
78.7178717871787228 -39.8367460126120037
78.7378737873787600 -55.5888054069875963
78.7578757875787687 -31.3917914115304377
78.7778777877787775 -29.8634332562170570
78.7978797879788146 -41.5515080969089610
78.8178817881788234 -35.5430225663996069
78.8378837883788606 -44.7003459344766512
78.8578857885788693 -33.1860189496129081
78.8778877887788781 -55.4958836588797766
78.8978897889789152 -62.4369433031371273
78.9178917891789240 -33.7308666048590240
78.9378937893789328 -16.0425345726259287
78.9578957895789699 -19.6324971842544009
78.9778977897789787 -51.3525177690830503
78.9978997899790158 -11.0615392484523625
79.0179017901790246 -19.4595587564658672
79.0379037903790334 -46.2784624687402513
79.0579057905790705 -62.9568470533637026
79.0779077907790793 -37.9004117898360562
79.0979097909791165 -20.0614938816163999
79.1179117911791252 -51.7795800212119630
79.1379137913791340 -46.3726662604075273
79.1579157915791711 -33.0315442739870520
79.1779177917791799 -49.8050451966597905
79.1979197919792171 -12.7319588515872972
79.2179217921792258 -41.8776859983708718
79.2379237923792346 -53.4757623398990631
79.2579257925792717 -28.9427772885465231
79.2779277927792805 -37.0656918966224254
79.2979297929793177 -61.3264207403687394
79.3179317931793264 -30.8017474141653480
79.3379337933793352 -45.4171723878887832
79.3579357935793723 -48.4550203590085715
79.3779377937793811 -16.2746616262135468
79.3979397939794183 -39.7366088171802261
79.4179417941794270 -33.5831931598460756
79.4379437943794358 -16.4526722340696701
79.4579457945794729 -38.3334668504137426
79.4779477947794817 -29.5485982312291604
79.4979497949795189 -4.8245384203315744
79.5179517951795276 -34.6334742922346592
79.5379537953795364 -63.0182245821729481
79.5579557955795735 -27.9095645494356148
79.5779577957795823 -36.6316738271059421
79.5979597959796195 -23.4006235609056432
79.6179617961796282 -65.5572025930815130
79.6379637963796370 -67.6550975616442543
79.6579657965796741 -64.6659067818312394
79.6779677967796829 -13.3024822548753576
79.6979697969797201 -55.7448675815872861
79.7179717971797288 -26.2444797967861305
79.7379737973797376 -53.2106420134825342
79.7579757975797747 -20.3095158397106168
79.7779777977797835 -23.9299373181859067
79.7979797979798207 -24.1209062361117077
79.8179817981798294 -25.3602080084608588
79.8379837983798382 -42.0444792599256942
79.8579857985798753 -54.5455323432634813
79.8779877987798841 -27.4465522739255832
79.8979897989798928 -50.9978624456385319
79.9179917991799300 -13.9507183014364138
79.9379937993799388 -19.4443394349146033
79.9579957995799759 -28.0261307800583346
79.9779977997799847 -39.8563280354006295
79.9979997999799934 -16.3637219359146542
80.0180018001800306 -44.0578706178694972
80.0380038003800394 -49.5486316258903940
80.0580058005800765 -30.9751060155637283
80.0780078007800853 -16.3113097298271121
80.0980098009800940 -34.7421227065370033
80.1180118011801312 -45.2553648622612243
80.1380138013801400 -34.3911334477940613
80.1580158015801771 -26.5654509406636805
80.1780178017801859 -16.3991515055624326
80.1980198019801946 -28.4606860834087136
80.2180218021802318 -36.5865146439984130
80.2380238023802406 -32.1314983802406928
80.2580258025802777 -38.9172282922220347
80.2780278027802865 -15.1078774028980440
80.2980298029802952 -34.6353440036328379
80.3180318031803324 -20.2774010244400387
80.3380338033803412 -43.0844393584415570
80.3580358035803783 -27.9923985718858503
80.3780378037803871 -43.8654092596310221
80.3980398039803958 -10.2039325917304673
80.4180418041804330 -37.7998113921362773
80.4380438043804418 -35.4922014296871353
80.4580458045804789 -26.4199337120952471
80.4780478047804877 -15.9890551787191466
80.4980498049804964 -42.2628168908685211
80.5180518051805336 -44.2638649110719484
80.5380538053805424 -43.1796408523510706
80.5580558055805795 -37.5664928471929187
80.5780578057805883 -36.5014556679389699
80.5980598059805970 -32.9118863415498026
80.6180618061806342 16.4079026548374571
80.6380638063806430 -64.4144969059104255
80.6580658065806801 -24.2958196199744627
80.6780678067806889 -23.8365444291743103
80.6980698069806976 -0.3825153156618093
80.7180718071807348 -25.5977952632545609
80.7380738073807436 -7.2758097808136277
80.7580758075807807 -23.6643277187890568
80.7780778077807895 -33.0923381472987543
80.7980798079807983 -33.1296129612575996
80.8180818081808354 -23.2642267441782309
80.8380838083808442 -18.2029346617918861
80.8580858085808529 -32.9642017874318114
80.8780878087808901 -14.4802462889489956
80.8980898089808989 -22.1489517158867706
80.9180918091809360 -41.1251080532970832
80.9380938093809448 -25.4766043043338186
80.9580958095809535 -34.4620863270986888
80.9780978097809907 -38.8166432075423842
80.9980998099809995 -57.1892795366902220
81.0181018101810366 -37.8085159597275862
81.0381038103810454 -40.5363076362476633
81.0581058105810541 -23.3343342463763292
81.0781078107810913 -18.1147489048080388
81.0981098109811001 -17.7283422265830239
81.1181118111811372 -22.4078322090812350
81.1381138113811460 -38.1213994374368284
81.1581158115811547 -26.2721926089206690
81.1781178117811919 -29.6771948181839775
81.1981198119812007 -26.8777259642248900
81.2181218121812378 -3.1809691713113715
81.2381238123812466 -24.0365658776012765
81.2581258125812553 -12.5687340068219235
81.2781278127812925 -20.4901229446187259
81.2981298129813013 -63.5188789909540361
81.3181318131813384 -37.3195933553272425
81.3381338133813472 -36.1604644967874620
81.3581358135813559 -38.3190716083006606
81.3781378137813931 -30.8635611254529181
81.3981398139814019 -13.0161182141396932
81.4181418141814390 -32.8115532672131138
81.4381438143814478 -16.5900430923731292
81.4581458145814565 -39.1876553602994022
81.4781478147814937 -35.6352799270650493
81.4981498149815025 -45.1642422328763331
81.5181518151815396 -42.4725591112812708
81.5381538153815484 -35.2974534319509132
81.5581558155815571 -30.3054085694587307
81.5781578157815943 -38.4457901754788409
81.5981598159816031 0.6568455646428220
81.6181618161816402 -28.9024078663458717
81.6381638163816490 -34.5075615393318316
81.6581658165816577 -5.0831514932013384
81.6781678167816949 -39.3424455004729978
81.6981698169817037 -21.6579611840194808
81.7181718171817408 -26.1103360448338861
81.7381738173817496 -30.8814970082181190
81.7581758175817583 -24.1396259175218475
81.7781778177817955 -34.8322178154366640
81.7981798179818043 -10.8402487873366358
81.8181818181818130 -17.7481364151784575
81.8381838183818502 -13.2641052197962992
81.8581858185818589 -21.0132379320891722
81.8781878187818961 -20.3504626998710592
81.8981898189819049 -19.3959455787632606
81.9181918191819136 -35.5094237865599993
81.9381938193819508 -53.9743845567006417
81.9581958195819595 -29.7328000625367643
81.9781978197819967 -13.6543264497376331
81.9981998199820055 -42.9976861361002136
82.0182018201820142 -26.7406085371257305
82.0382038203820514 -54.7671629055278970
82.0582058205820601 -6.5081314186566175
82.0782078207820973 -34.2913951986952554
82.0982098209821061 -38.6507671895864959
82.1182118211821148 -12.8399099526699647
82.1382138213821520 -30.8350510745548192
82.1582158215821607 -38.2016242354168583
82.1782178217821979 -49.0254218486405904
82.1982198219822067 -18.3489694404757309
82.2182218221822154 -25.6213686653976609
82.2382238223822526 -24.3938431116342471
82.2582258225822613 -37.9598023362048949
82.2782278227822985 -6.2455938723194855
82.2982298229823073 -7.9250361489406096
82.3182318231823160 -3.5403982111354750
82.3382338233823532 -27.9389060297931664
82.3582358235823619 2.0451345394281901
82.3782378237823991 -19.7899345745045920
82.3982398239824079 -28.3105415663174753
82.4182418241824166 -15.3963290655238723
82.4382438243824538 -18.1233729975757996
82.4582458245824625 -34.2657661905688116
82.4782478247824997 -12.4427600539588905
82.4982498249825085 -0.7930207108975829
82.5182518251825172 12.9120751221403509
82.5382538253825544 -7.3452036501856188
82.5582558255825631 -48.7742063978771370
82.5782578257826003 -22.8971299999445606
82.5982598259826091 -29.8218865183476254
82.6182618261826178 -38.5465883032314665
82.6382638263826550 -9.0409415056174662
82.6582658265826637 -16.4491920225348451
82.6782678267827009 -41.6833350239728730
82.6982698269827097 -16.5244672003448692
82.7182718271827184 -18.4447635717596192
82.7382738273827556 -57.5174541713284526
82.7582758275827644 -25.8345120548329099
82.7782778277827731 -22.2486032559646212
82.7982798279828103 -7.7754467510144760
82.8182818281828190 -3.0343270728905374
82.8382838283828562 -25.9694587500156757
82.8582858285828650 4.1436100874327515
82.8782878287828737 -10.5660209344790523
82.8982898289829109 -31.0585830188624286
82.9182918291829196 -31.9169195753101178
82.9382938293829568 -35.0214282960800816
82.9582958295829656 -15.7006753680590077
82.9782978297829743 -7.9847836473487579
82.9982998299830115 -31.4149597135165273
83.0183018301830202 19.5054105706442513
83.0383038303830574 -19.7745719672821245
83.0583058305830662 -14.1784927224194988
83.0783078307830749 -24.7201782942690294
83.0983098309831121 -28.9016079263194143
83.1183118311831208 -27.1395066240927179
83.1383138313831580 11.8075153865189861
83.1583158315831668 -25.6092959464994010
83.1783178317831755 -26.3926117610860622
83.1983198319832127 -27.0448525269573956
83.2183218321832214 -27.2039210140067809
83.2383238323832586 -36.6802242689271907
83.2583258325832674 -17.7403916480862307
83.2783278327832761 -47.4817085821300466
83.2983298329833133 -14.7671236202398646
83.3183318331833220 -13.3490933616907128
83.3383338333833592 -5.0454519907298909
83.3583358335833680 6.3459395469823967
83.3783378337833767 -34.1857575268794136
83.3983398339834139 -13.3428961372872905
83.4183418341834226 -10.8157492445380363
83.4383438343834598 -28.1148204678733187
83.4583458345834686 -26.3369075805120367
83.4783478347834773 5.4162816854942406
83.4983498349835145 -31.4962985741168993
83.5183518351835232 -38.4194392544814036
83.5383538353835604 -22.4445130357928448
83.5583558355835692 -11.2448586369632899
83.5783578357835779 -30.5151805555801232
83.5983598359836151 -16.7918345155188682
83.6183618361836238 -10.1599796578354251
83.6383638363836610 -39.5577404964768888
83.6583658365836698 -18.3337316724110515
83.6783678367836785 -13.9324889029305563
83.6983698369837157 -25.5068175510596262
83.7183718371837244 -30.7298104502803007
83.7383738373837332 -17.5529308370271160
83.7583758375837704 -11.5911864347048166
83.7783778377837791 11.6424457902901359
83.7983798379838163 -9.6919163784414124
83.8183818381838250 -37.2677130158016681
83.8383838383838338 7.6377838374981977
83.8583858385838710 -7.5027213653921816
83.8783878387838797 -31.4452236247397643
83.8983898389839169 -22.4971370321718247
83.9183918391839256 6.4456540972036134
83.9383938393839344 -39.2069989242763413
83.9583958395839716 -24.7153155395841360
83.9783978397839803 -11.8522999957506592
83.9983998399840175 -18.2659980567863691
84.0184018401840262 1.8165429594748836
84.0384038403840350 -38.2610461111764977
84.0584058405840722 -19.5308082669258951
84.0784078407840809 -9.0609072960962393
84.0984098409841181 -10.4917047222712476
84.1184118411841268 -30.1934874213211657
84.1384138413841356 -23.3286361921871261
84.1584158415841728 -15.5200420608041298
84.1784178417841815 5.1962057746893926
84.1984198419842187 -25.1916069074265252
84.2184218421842274 -15.5951585104162405
84.2384238423842362 -51.5514134638005217
84.2584258425842734 -3.2588267567043214
84.2784278427842821 -1.7031624716932310
84.2984298429843193 -42.2247539689229043
84.3184318431843280 -1.6429668411753742
84.3384338433843368 -14.7456875742891924
84.3584358435843740 -10.4648193767769939
84.3784378437843827 -14.4625380196653328
84.3984398439844199 1.3367316585931892
84.4184418441844286 -50.5102274282909889
84.4384438443844374 -11.9485287509067017
84.4584458445844746 -38.4981411557753432
84.4784478447844833 1.4173999120428977
84.4984498449845205 -26.8162209023444085
84.5184518451845292 -11.0070702821895310
84.5384538453845380 -21.7863158210615637
84.5584558455845752 -14.9868406393492659
84.5784578457845839 -21.0566767640415939
84.5984598459846211 -26.6751209335265571
84.6184618461846298 0.2681844496115477
84.6384638463846386 -9.1425313963863513
84.6584658465846758 -35.4476324269617322
84.6784678467846845 -24.4790111410833404
84.6984698469847217 -0.5078022618457574
84.7184718471847304 -6.2875710608659947
84.7384738473847392 0.4722596232239198
84.7584758475847764 -17.4811589731348924
84.7784778477847851 -28.2320726351730684
84.7984798479847939 5.7219829063503038
84.8184818481848311 -11.0652623734999374
84.8384838483848398 -4.4462272959862315
84.8584858485848770 5.8864820202284047
84.8784878487848857 -14.9212671549352969
84.8984898489848945 -4.6064298846101641
84.9184918491849317 2.6962579208565760
84.9384938493849404 -8.5380939154970434
84.9584958495849776 -35.9342266165973285
84.9784978497849863 -22.4266583754803364
84.9984998499849951 -16.6790765102314218
85.0185018501850323 -18.8651418437699618
85.0385038503850410 -22.5627280304346414
85.0585058505850782 -45.5053623240250218
85.0785078507850869 -18.0347257233711105
85.0985098509850957 19.5068703010272344
85.1185118511851329 -15.0365951692380193
85.1385138513851416 23.8208624548251606
85.1585158515851788 -18.5077774199835048
85.1785178517851875 -6.0786361581855495
85.1985198519851963 -23.6313596747375740
85.2185218521852335 -7.5296002781785569
85.2385238523852422 -10.2140250639201877
85.2585258525852794 -4.8564267358294373
85.2785278527852881 -8.7948004754093976
85.2985298529852969 30.5142121655251444
85.3185318531853341 8.8849839101538208
85.3385338533853428 -22.3680161764356988
85.3585358535853800 2.7106259155536643
85.3785378537853887 6.7094841728141716
85.3985398539853975 2.2061421523194467
85.4185418541854347 14.1363112772532720
85.4385438543854434 10.8683641803237023
85.4585458545854806 -28.0688135527991776
85.4785478547854893 -33.9638813628926641
85.4985498549854981 -3.7243405512899965
85.5185518551855353 -6.8105837899195052
85.5385538553855440 13.4503392802582376
85.5585558555855812 -7.2701306816236730
85.5785578557855899 7.5909628468845334
85.5985598559855987 3.9211596617084838
85.6185618561856359 25.3212474660154285
85.6385638563856446 -5.2442138710849466
85.6585658565856818 -16.1645322335938531
85.6785678567856905 10.8349129371385597
85.6985698569856993 -31.1608017454325861
85.7185718571857365 0.4375223487149356
85.7385738573857452 -4.3298304529061591
85.7585758575857540 -1.0840010620803282
85.7785778577857911 -10.9542551699568627
85.7985798579857999 -1.8021258535019187
85.8185818581858371 30.7959673998234891
85.8385838583858458 31.1049198629156827
85.8585858585858546 43.2769275582142114
85.8785878587858917 12.6112164674694291
85.8985898589859005 3.2565956043108861
85.9185918591859377 -15.4450905876919489
85.9385938593859464 13.0938715684685221
85.9585958595859552 -4.8470338085594555
85.9785978597859923 9.1196991706763093
85.9985998599860011 17.4101806453570482
86.0186018601860383 21.4246784873821952
86.0386038603860470 -9.0271607205646127
86.0586058605860558 1.6727239792298962
86.0786078607860929 -8.8482141607503255
86.0986098609861017 9.1274924393959047
86.1186118611861389 1.1699042139656897
86.1386138613861476 -8.9542523410205384
86.1586158615861564 2.5318913642858139
86.1786178617861935 1.5636894344230718
86.1986198619862023 16.1878664611024341
86.2186218621862395 3.3914508959748075
86.2386238623862482 -9.8635687314075202
86.2586258625862570 13.2033799679894379
86.2786278627862941 5.6391068196205749
86.2986298629863029 -24.5390658203244314
86.3186318631863401 1.3111365238790587
86.3386338633863488 -23.4106512585695725
86.3586358635863576 -8.8836979338588993
86.3786378637863947 14.2298093212366012
86.3986398639864035 -14.6574375641445727
86.4186418641864407 8.2183202977152252
86.4386438643864494 -6.3420502746153069
86.4586458645864582 2.7991132088100596
86.4786478647864953 -7.0669664017097009
86.4986498649865041 1.3026770157353593
86.5186518651865413 25.4798414020979109
86.5386538653865500 -0.4064184913973405
86.5586558655865588 5.2184294555288675
86.5786578657865959 -2.1579435599088042
86.5986598659866047 -8.9004051874348917
86.6186618661866419 19.8823685348438524
86.6386638663866506 5.8102729508416751
86.6586658665866594 18.9830664556905404
86.6786678667866965 12.3769344775495718
86.6986698669867053 17.6450614107990447
86.7186718671867141 -12.3055704430745294
86.7386738673867512 -12.6879935978027163
86.7586758675867600 14.7538058680563360
86.7786778677867972 3.0648524629595482
86.7986798679868059 1.1987371553290187
86.8186818681868147 -10.2896680634920763
86.8386838683868518 -15.6157621677101393
86.8586858685868606 19.4464481343092004
86.8786878687868978 5.3987087512070477
86.8986898689869065 1.2795391431210328
86.9186918691869153 -17.9914422304103745
86.9386938693869524 15.7365920024241817
86.9586958695869612 19.4688836546703072
86.9786978697869984 -16.5359425391194144
86.9986998699870071 9.3051219964622618
87.0187018701870159 11.6340476202022991
87.0387038703870530 16.0276408767549761
87.0587058705870618 -3.2272510600216888
87.0787078707870990 8.2075844152643658
87.0987098709871077 38.3947787325813152
87.1187118711871165 5.2369800297148927
87.1387138713871536 13.3180116871294061
87.1587158715871624 35.6409835157501860
87.1787178717871996 12.2786853830243849
87.1987198719872083 12.7529419670366622
87.2187218721872171 -4.4216602584520857
87.2387238723872542 10.2357806163725087
87.2587258725872630 5.7428647448943213
87.2787278727873002 -7.8879733460576364
87.2987298729873089 4.5818678033472731
87.3187318731873177 1.3385133977047392
87.3387338733873548 15.1566939610162503
87.3587358735873636 -18.3599987506512221
87.3787378737874008 2.3878764220300868
87.3987398739874095 24.9322696887926831
87.4187418741874183 -4.5656780719830570
87.4387438743874554 14.7576737906324222
87.4587458745874642 7.3096467925737141
87.4787478747875014 -18.2213953883741979
87.4987498749875101 16.4431266713188506
87.5187518751875189 13.8227449720220985
87.5387538753875560 6.2326092620473457
87.5587558755875648 11.3484319848636073
87.5787578757876020 -9.5371526449551496
87.5987598759876107 13.6578703344146284
87.6187618761876195 23.3611222673651788
87.6387638763876566 -19.8126164444357507
87.6587658765876654 -13.4993941902609738
87.6787678767876741 22.4350968096850565
87.6987698769877113 -7.1647927852227049
87.7187718771877201 11.6092133913084741
87.7387738773877572 13.7185695928479436
87.7587758775877660 2.3794154812830071
87.7787778777877747 -0.6908901264599283
87.7987798779878119 19.0683332972443154
87.8187818781878207 16.5010166362385569
87.8387838783878578 10.3692929721083118
87.8587858785878666 22.8710760217041837
87.8787878787878753 8.1007440242990842
87.8987898789879125 -2.5419130403410399
87.9187918791879213 1.2839752890178371
87.9387938793879584 39.1486389005541042
87.9587958795879672 27.9812530801845440
87.9787978797879759 16.3188974916971503
87.9987998799880131 -0.1966496372445654
88.0188018801880219 7.5873583082306162
88.0388038803880590 2.5838345328789973
88.0588058805880678 20.9099022948209026
88.0788078807880765 29.5321787537452707
88.0988098809881137 8.0971663387368942
88.1188118811881225 2.8750341494752192
88.1388138813881596 8.6615654183686566
88.1588158815881684 6.6859634229280402
88.1788178817881771 8.5005666127749553
88.1988198819882143 31.8741044312003439
88.2188218821882231 42.0137189755838136
88.2388238823882602 46.3268509252044183
88.2588258825882690 31.9084714668902691
88.2788278827882777 27.7906045557530632
88.2988298829883149 33.5303546071501586
88.3188318831883237 -8.8801303246611347
88.3388338833883608 -3.0550499318175568
88.3588358835883696 -2.1278893306128097
88.3788378837883783 12.6996723407686609
88.3988398839884155 6.4335964779929533
88.4188418841884243 13.3714804988061360
88.4388438843884614 27.5302058804449246
88.4588458845884702 21.9527811585961423
88.4788478847884790 32.9487687559293718
88.4988498849885161 15.3030099240021293
88.5188518851885249 28.1767179246496902
88.5388538853885620 14.9011831024934747
88.5588558855885708 -7.8778217728900728
88.5788578857885796 27.7850811507067661
88.5988598859886167 4.2320315019009289
88.6188618861886255 25.1558676027383186
88.6388638863886342 -0.1100025573901338
88.6588658865886714 14.4421216504226653
88.6788678867886802 0.9629458618849274
88.6988698869887173 6.4527794361631958
88.7188718871887261 -14.5587530403556524
88.7388738873887348 17.7133761613887089
88.7588758875887720 -3.1473876100813758
88.7788778877887808 10.6785394384294019
88.7988798879888179 -6.3615012136032298
88.8188818881888267 9.8286886083544935
88.8388838883888354 2.9299927962985262
88.8588858885888726 17.7552452049823586
88.8788878887888814 51.2076765722949787
88.8988898889889185 24.7463522091743400
88.9188918891889273 12.4762673154477284
88.9388938893889360 27.8977158848418156
88.9588958895889732 21.2150286478099694
88.9788978897889820 20.1969494693653644
88.9988998899890191 -0.9627018071090880
89.0189018901890279 10.6637201061375073
89.0389038903890366 11.5850442815642687
89.0589058905890738 33.3482001620042752
89.0789078907890826 21.3202006648337061
89.0989098909891197 15.7700271549116167
89.1189118911891285 17.1684690356107659
89.1389138913891372 5.7173608292363483
89.1589158915891744 19.3673006240342787
89.1789178917891832 46.4254221916221468
89.1989198919892203 17.2496369278789601
89.2189218921892291 20.0833885590525654
89.2389238923892378 29.6059314498905621
89.2589258925892750 1.0287678474090782
89.2789278927892838 30.2837228531793272
89.2989298929893209 -1.7854780402566526
89.3189318931893297 6.2867990551811204
89.3389338933893384 23.2080804373459202
89.3589358935893756 14.1761177300092154
89.3789378937893844 43.1823761942890627
89.3989398939894215 22.3521729079050075
89.4189418941894303 17.3748610418669358
89.4389438943894390 10.3262463422416477
89.4589458945894762 23.3261837585317515
89.4789478947894850 3.7061377942119833
89.4989498949895221 20.9434670925606738
89.5189518951895309 5.3709795280181218
89.5389538953895396 23.2637133669977985
89.5589558955895768 14.6151844572734682
89.5789578957895856 13.0555483299509127
89.5989598959895943 14.4815980995351357
89.6189618961896315 24.8803821757966261
89.6389638963896402 33.8021206551557754
89.6589658965896774 30.4399590535645430
89.6789678967896862 14.4513335705916681
89.6989698969896949 14.4011533956584561
89.7189718971897321 28.3493609791869261
89.7389738973897408 27.5747101160415262
89.7589758975897780 -3.8099420393637260
89.7789778977897868 12.6296407630631560
89.7989798979897955 23.5986835064386362
89.8189818981898327 23.4540633617448258
89.8389838983898414 -3.8059791035435602
89.8589858985898786 43.1987861740447556
89.8789878987898874 23.7812120377061085
89.8989898989898961 37.8825527397483981
89.9189918991899333 27.7867782981487430
89.9389938993899420 35.2683447362273910
89.9589958995899792 33.0486319309001928
89.9789978997899880 15.3561080407283796
89.9989998999899967 -1.5044728412123689
90.0190019001900339 32.6813470469347322
90.0390039003900426 48.6944045380526660
90.0590059005900798 26.8621646721842708
90.0790079007900886 36.7819885574188490
90.0990099009900973 0.8927227021819135
90.1190119011901345 25.8574916821621557
90.1390139013901432 29.4449945603404863
90.1590159015901804 10.6528284552105141
90.1790179017901892 36.0587089489441155
90.1990199019901979 31.2455730015457149
90.2190219021902351 12.7599737198028347
90.2390239023902438 34.5086392498918499
90.2590259025902810 1.5368368128088719
90.2790279027902898 8.9854794704522885
90.2990299029902985 38.9016906881766147
90.3190319031903357 23.9246947511467027
90.3390339033903444 13.7620534481970758
90.3590359035903816 18.5068945849897233
90.3790379037903904 45.4818643699701894
90.3990399039903991 22.6289383318441253
90.4190419041904363 37.6905742170897398
90.4390439043904451 45.1244180160931307
90.4590459045904822 24.0254396570629325
90.4790479047904910 25.0214300023565599
90.4990499049904997 28.6967826685983951
90.5190519051905369 17.6431061413022832
90.5390539053905457 42.7289224974722828
90.5590559055905544 36.7195905717170987
90.5790579057905916 22.5725815214115180
90.5990599059906003 16.9080592920741211
90.6190619061906375 23.7954842354861071
90.6390639063906463 31.7023418191825641
90.6590659065906550 23.3825533907805756
90.6790679067906922 5.8921141156242314
90.6990699069907009 46.1236185183253014
90.7190719071907381 43.8529001968277612
90.7390739073907469 26.1594794306335103
90.7590759075907556 18.0881598613395127
90.7790779077907928 22.1626883608050527
90.7990799079908015 69.4752327988919660
90.8190819081908387 16.2713230599051535
90.8390839083908475 32.4128310518055045
90.8590859085908562 26.9963428093592341
90.8790879087908934 40.8034904507122462
90.8990899089909021 37.9164915358879568
90.9190919091909393 13.6616494932108594
90.9390939093909481 5.5011501275231822
90.9590959095909568 47.1195958562388526
90.9790979097909940 33.3358575829450601
90.9990999099910027 19.7749624759574836
91.0191019101910399 1.0445664899455345
91.0391039103910487 18.5579956600207865
91.0591059105910574 41.9818806447241570
91.0791079107910946 43.1208505384081633
91.0991099109911033 44.3515611299146144
91.1191119111911405 11.1142718472164326
91.1391139113911493 16.9742273135537260
91.1591159115911580 34.1492841619170235
91.1791179117911952 27.0722869775212125
91.1991199119912039 17.5061309517410848
91.2191219121912411 25.1232848366235970
91.2391239123912499 38.3315174454284389
91.2591259125912586 27.8195395466509581
91.2791279127912958 27.4142500718706437
91.2991299129913045 41.3822783871630548
91.3191319131913417 -0.6016466446797537
91.3391339133913505 38.7953649049722031
91.3591359135913592 45.7045060811058050
91.3791379137913964 5.8615120105320173
91.3991399139914051 32.3323199333729008
91.4191419141914423 14.0341641869342144
91.4391439143914511 32.2484780010779346
91.4591459145914598 -6.4804971773690419
91.4791479147914970 29.3547730923848817
91.4991499149915057 36.3823476887110857
91.5191519151915145 28.9165326622242134
91.5391539153915517 15.1980250399273622
91.5591559155915604 35.2647688456524762
91.5791579157915976 27.8575315327735176
91.5991599159916063 37.4231444459337581
91.6191619161916151 3.7872684676578601
91.6391639163916523 32.2217550661960033
91.6591659165916610 27.6740825695144359
91.6791679167916982 55.1346549016412837
91.6991699169917069 26.9316809693501504
91.7191719171917157 18.1421062099056485
91.7391739173917529 28.1552928787366170
91.7591759175917616 31.2927691660606371
91.7791779177917988 26.0312718427071701
91.7991799179918075 15.1046893559460713
91.8191819181918163 46.1957302817629767
91.8391839183918535 36.4128821887695935
91.8591859185918622 53.3209460240890110
91.8791879187918994 30.5135938688758799
91.8991899189919081 37.8213613684093843
91.9191919191919169 9.4459200841763682
91.9391939193919541 11.4222942473920028
91.9591959195919628 22.9924534707236035
91.9791979197920000 48.8006111391833883
91.9991999199920087 17.5313196801303697
92.0192019201920175 39.2936773254360929
92.0392039203920547 53.7180222423284022
92.0592059205920634 19.4597182108876083
92.0792079207921006 14.7612913968607344
92.0992099209921093 13.7363139381039225
92.1192119211921181 30.8650323547511540
92.1392139213921553 37.9320199379393443
92.1592159215921640 7.5925333052126369
92.1792179217922012 46.5524764744797324
92.1992199219922099 28.2123645483288144
92.2192219221922187 33.6794656057332276
92.2392239223922559 23.2211304771895328
92.2592259225922646 29.5823886494891610
92.2792279227923018 36.5688611789874116
92.2992299229923105 29.1761242451280012
92.3192319231923193 47.0570444737841314
92.3392339233923565 23.2134813834161520
92.3592359235923652 12.0352067069859849
92.3792379237924024 42.3950575216159251
92.3992399239924111 17.6220044738838979
92.4192419241924199 48.5440185230183445
92.4392439243924571 50.9517889565169497
92.4592459245924658 28.6084293725404919
92.4792479247924746 33.1370946001094637
92.4992499249925118 28.4482314990169307
92.5192519251925205 32.7819679942437290
92.5392539253925577 47.9037473821762347
92.5592559255925664 55.2219075813999822
92.5792579257925752 33.9020609042435268
92.5992599259926124 60.7659812932405927
92.6192619261926211 22.3061452926624781
92.6392639263926583 37.1861797368877589
92.6592659265926670 56.2313865002851543
92.6792679267926758 22.1166864535680716
92.6992699269927130 43.4776059468598106
92.7192719271927217 38.9705819539583374
92.7392739273927589 35.9094314809541686
92.7592759275927676 22.8397070407006915
92.7792779277927764 28.2643519338531561
92.7992799279928136 40.4538663517907509
92.8192819281928223 -2.9331291926804539
92.8392839283928595 30.8653750678083334
92.8592859285928682 39.2272305508464356
92.8792879287928770 29.6291360184275092
92.8992899289929142 43.6566357420882767
92.9192919291929229 50.7591047353458720
92.9392939293929601 21.2307453625775473
92.9592959295929688 52.9383113522817226
92.9792979297929776 28.9889216406135120
92.9992999299930148 51.6426516863228784
93.0193019301930235 36.5271270870787106
93.0393039303930607 24.2917239612179898
93.0593059305930694 17.3982245739354298
93.0793079307930782 24.0541539133821374
93.0993099309931154 51.0872787094486824
93.1193119311931241 57.2286769788918832
93.1393139313931613 37.6644114377880683
93.1593159315931700 32.6209025888139763
93.1793179317931788 48.0083514944915564
93.1993199319932160 48.1123041943205649
93.2193219321932247 48.6437428802196834
93.2393239323932619 48.8356817775904730
93.2593259325932706 34.6690151807682625
93.2793279327932794 30.4110560974475987
93.2993299329933166 27.4569054716982777
93.3193319331933253 33.0135332444073057
93.3393339333933625 19.0982956560576866
93.3593359335933712 25.3722104817765057
93.3793379337933800 48.5594886797118974
93.3993399339934172 33.9999233416088060
93.4193419341934259 44.9746365767112053
93.4393439343934347 24.0556260953599903
93.4593459345934718 24.0480245587337222
93.4793479347934806 -12.7606579812220602
93.4993499349935178 55.1336017822142850
93.5193519351935265 11.4549736910652094
93.5393539353935353 42.4149157978177769
93.5593559355935724 25.1979896536449743
93.5793579357935812 29.4595517040743076
93.5993599359936184 35.4766376240838994
93.6193619361936271 40.3035980374091878
93.6393639363936359 32.5647432852034342
93.6593659365936730 52.1378509393104110
93.6793679367936818 43.1078423591584610
93.6993699369937190 38.4577240091512138
93.7193719371937277 36.2942558654434322
93.7393739373937365 24.5582122342158229
93.7593759375937736 20.6412494428721374
93.7793779377937824 30.8723989342935461
93.7993799379938196 37.1428965139717917
93.8193819381938283 37.2485125084681741
93.8393839383938371 45.9846316368808772
93.8593859385938742 38.1794615274949223
93.8793879387938830 37.8586208160975701
93.8993899389939202 24.0265997837886687
93.9193919391939289 54.8234302044783703
93.9393939393939377 48.7429731438781033
93.9593959395939748 39.0251506974846976
93.9793979397939836 57.6517372699829167
93.9993999399940208 40.2206641254831396
94.0194019401940295 35.2411844899053222
94.0394039403940383 25.2863591460241182
94.0594059405940754 42.9235435751341114
94.0794079407940842 33.2238378723588426
94.0994099409941214 20.8574428958465461
94.1194119411941301 27.6342637645092530
94.1394139413941389 7.3912015516544223
94.1594159415941760 4.9881604148548888
94.1794179417941848 12.7226834004723095
94.1994199419942220 16.6281478240139862
94.2194219421942307 45.7457273135320150
94.2394239423942395 54.8570826314769420
94.2594259425942766 23.3634806141671838
94.2794279427942854 29.9919082189105985
94.2994299429943226 51.5142778683609777
94.3194319431943313 30.3479706367476290
94.3394339433943401 40.3842783219937118
94.3594359435943772 39.0265945504974994
94.3794379437943860 35.2910914500792074
94.3994399439943948 23.2051065015081548
94.4194419441944319 33.6368670165605934
94.4394439443944407 45.1351002978624152
94.4594459445944779 29.3488938795738541
94.4794479447944866 54.1606352017697361
94.4994499449944954 41.9813705746510593
94.5194519451945325 44.4911864809503896
94.5394539453945413 3.3638394143891297
94.5594559455945785 52.9904005276655639
94.5794579457945872 48.7383245062986248
94.5994599459945960 29.0117264374111237
94.6194619461946331 4.1674116358198496
94.6394639463946419 30.4143829074633523
94.6594659465946791 21.1454457135694440
94.6794679467946878 47.4257596436157414
94.6994699469946966 36.2522640348295226
94.7194719471947337 2.5624291395248875
94.7394739473947425 30.3069576850705076
94.7594759475947797 27.8293284016753404
94.7794779477947884 34.3166986992990175
94.7994799479947972 26.5109048426540355
94.8194819481948343 46.4784956863178493
94.8394839483948431 23.7465745025850126
94.8594859485948803 37.3271103698093327
94.8794879487948890 34.4755573924395478
94.8994899489948978 15.5829294371838927
94.9194919491949349 30.4004558054401244
94.9394939493949437 33.0620330759746324
94.9594959495949809 39.0387088971837173
94.9794979497949896 35.1432817661130414
94.9994999499949984 19.8488029281278600
95.0195019501950355 35.0285065464699343
95.0395039503950443 15.6511046169413603
95.0595059505950815 41.7391464391649407
95.0795079507950902 34.9051781670628714
95.0995099509950990 -1.3288416105149281
95.1195119511951361 19.6630106497406985
95.1395139513951449 25.9386316046130574
95.1595159515951821 24.8274109330323043
95.1795179517951908 41.1080774494727450
95.1995199519951996 27.4647035815041214
95.2195219521952367 21.9143510844741947
95.2395239523952455 19.8825985902253919
95.2595259525952827 18.5395663934794968
95.2795279527952914 22.7430461361909053
95.2995299529953002 15.9340853634406141
95.3195319531953373 12.9782145580721959
95.3395339533953461 52.7242768756001965
95.3595359535953833 58.2997072117943702
95.3795379537953920 48.0752851735981892
95.3995399539954008 24.8141229954854055
95.4195419541954379 54.0764124149914878
95.4395439543954467 28.9119696076863164
95.4595459545954554 21.4294490056105786
95.4795479547954926 48.4581434856042819
95.4995499549955014 17.5558672113828642
95.5195519551955385 52.0392015359117792
95.5395539553955473 22.7882394866050042
95.5595559555955560 27.8129611197852533
95.5795579557955932 40.8648367171902009
95.5995599559956020 29.3734875284090613
95.6195619561956391 7.4389193615928839
95.6395639563956479 50.8538340871568053
95.6595659565956566 28.7717206557239038
95.6795679567956938 46.7012361488802128
95.6995699569957026 30.5164690800053968
95.7195719571957397 27.7959301239644461
95.7395739573957485 25.1872334623403908
95.7595759575957572 39.9284235765137296
95.7795779577957944 23.3135207859332638
95.7995799579958032 31.5028168498531365
95.8195819581958403 30.3219511136728528
95.8395839583958491 17.3519936176916403
95.8595859585958578 23.0279347297289014
95.8795879587958950 38.1872774014548853
95.8995899589959038 21.5230232545764970
95.9195919591959409 41.9898489367751822
95.9395939593959497 54.7017593225918972
95.9595959595959584 37.5117517713343034
95.9795979597959956 5.4117770057478154
95.9995999599960044 4.1833002726558632
96.0196019601960415 19.1266993401054783
96.0396039603960503 14.2790558475350853
96.0596059605960590 0.1418386043941169
96.0796079607960962 38.7899107319519558
96.0996099609961050 32.4333739342754939
96.1196119611961421 26.5595586562254340
96.1396139613961509 21.7852040798522637
96.1596159615961597 25.2595098391434725
96.1796179617961968 48.0612761851264878
96.1996199619962056 46.6352436337400249
96.2196219621962427 30.0496899657980130
96.2396239623962515 29.5110852898630966
96.2596259625962603 20.6973890650712526
96.2796279627962974 22.5485249275767465
96.2996299629963062 45.8303591755847108
96.3196319631963433 10.1863090356185602
96.3396339633963521 10.3371857421088933
96.3596359635963609 12.1272393349567942
96.3796379637963980 15.8616610641917966
96.3996399639964068 25.4733635588715650
96.4196419641964155 41.0102521004851042
96.4396439643964527 42.3094130294954383
96.4596459645964615 4.5287224310801761
96.4796479647964986 29.7495607680713618
96.4996499649965074 55.3792149503220514
96.5196519651965161 30.1012987377488770
96.5396539653965533 46.0383648169681834
96.5596559655965621 31.0811144298533613
96.5796579657965992 26.3424738283659465
96.5996599659966080 14.2044910605640027
96.6196619661966167 38.3701182866127795
96.6396639663966539 43.1448239082501601
96.6596659665966627 16.3217464495846869
96.6796679667966998 12.4981565526534588
96.6996699669967086 6.9826617420645345
96.7196719671967173 26.7140705298639887
96.7396739673967545 22.2463780668363356
96.7596759675967633 4.5444233004698766
96.7796779677968004 20.1473706910597414
96.7996799679968092 23.3464771030638545
96.8196819681968179 -5.0370713240379992
96.8396839683968551 34.2594038701981134
96.8596859685968639 50.6311764824598072
96.8796879687969010 22.9052285638709634
96.8996899689969098 19.3111686816064356
96.9196919691969185 40.3885053055669090
96.9396939693969557 -6.3709822278336041
96.9596959695969645 1.3019140234010571
96.9796979697970016 16.6533777936068716
96.9996999699970104 22.6923982072600445
97.0197019701970191 12.7613509931100282
97.0397039703970563 25.7981238723560296
97.0597059705970651 21.9518859645255944
97.0797079707971022 23.9287903285282404
97.0997099709971110 24.2790418099735987
97.1197119711971197 8.5172044478898403
97.1397139713971569 25.9296024686951654
97.1597159715971657 26.0372274975256737
97.1797179717972028 32.3469748748894119
97.1997199719972116 33.2979329284424210
97.2197219721972203 41.0079248380713040
97.2397239723972575 21.4477877791411835
97.2597259725972663 15.4250563315371156
97.2797279727973034 9.6368752236646849
97.2997299729973122 7.0383958651812737
97.3197319731973209 17.5569019072059831
97.3397339733973581 -0.1516359176797355
97.3597359735973669 -1.4388315507524929
97.3797379737973756 12.2177936563738960
97.3997399739974128 14.9944263576490471
97.4197419741974215 27.5101646758182028
97.4397439743974587 1.6197275210456592
97.4597459745974675 17.6283197824594176
97.4797479747974762 -3.1906256312392820
97.4997499749975134 9.0420855328772980
97.5197519751975221 14.4161804175602022
97.5397539753975593 3.3240949747425841
97.5597559755975681 42.7048521411352127
97.5797579757975768 17.2809163019795520
97.5997599759976140 33.6706271306925942
97.6197619761976227 7.0997373626083080
97.6397639763976599 -2.7019810267915414
97.6597659765976687 0.8923388143693032
97.6797679767976774 21.5252612451188590
97.6997699769977146 9.2191007637619329
97.7197719771977233 10.5498802352820462
97.7397739773977605 27.7000722626954179
97.7597759775977693 13.5708529667384141
97.7797779777977780 8.5138016080989800
97.7997799779978152 18.1359225869266751
97.8197819781978239 -4.8071807202638368
97.8397839783978611 26.4630417739719590
97.8597859785978699 12.4093802324811797
97.8797879787978786 5.7898559615744372
97.8997899789979158 -2.3291580236367029
97.9197919791979245 15.8378238538118659
97.9397939793979617 10.9053721223147591
97.9597959795979705 -4.0225853869488217
97.9797979797979792 19.3275978486709548
97.9997999799980164 22.1007811352610446
98.0198019801980251 10.6518059387569650
98.0398039803980623 -3.0012537630419427
98.0598059805980711 9.8420329314365933
98.0798079807980798 3.8689321579450464
98.0998099809981170 6.1788895822576846
98.1198119811981257 -3.5564301270563794
98.1398139813981629 36.7059639621155540
98.1598159815981717 -3.6942284475339147
98.1798179817981804 -0.1547790319754565
98.1998199819982176 30.0399808951556260
98.2198219821982264 18.5423691309272627
98.2398239823982635 7.1528011485688978
98.2598259825982723 -15.6441447341162849
98.2798279827982810 16.9063537525180614
98.2998299829983182 5.9483952456663598
98.3198319831983270 -14.8908404658319373
98.3398339833983357 21.3233429151047247
98.3598359835983729 -11.6885790497410724
98.3798379837983816 6.8138960438638971
98.3998399839984188 5.1865866467709640
98.4198419841984276 6.2633137416490987
98.4398439843984363 -2.7552835078537217
98.4598459845984735 -30.1374688027738245
98.4798479847984822 -6.1660509483776842
98.4998499849985194 -2.6712902415685038
98.5198519851985282 -13.3490847413453420
98.5398539853985369 -9.5559599015945054
98.5598559855985741 -5.5417768066026909
98.5798579857985828 5.7112337745259101
98.5998599859986200 -16.1397861748256837
98.6198619861986288 -28.4045896068973605
98.6398639863986375 35.9860961414343876
98.6598659865986747 -7.6829697711619325
98.6798679867986834 14.9117291006009545
98.6998699869987206 -4.2353997205278660
98.7198719871987294 -4.1799801471478748
98.7398739873987381 6.6140313267970727
98.7598759875987753 -1.8086294517218438
98.7798779877987840 -9.4796043189882795
98.7998799879988212 -16.3150134498154387
98.8198819881988300 -23.2718590332377886
98.8398839883988387 -9.2493935307331281
98.8598859885988759 3.3170437020019783
98.8798879887988846 -3.8034425628843724
98.8998899889989218 -20.7419787860748670
98.9198919891989306 -30.7634832996296481
98.9398939893989393 -4.2776013112053022
98.9598959895989765 -26.0965101900483774
98.9798979897989852 -12.1994924278089201
98.9998999899990224 -3.6800219557685718
99.0199019901990312 4.0745796661487272
99.0399039903990399 -20.7416761131265517
99.0599059905990771 -34.8790337264865116
99.0799079907990858 -21.5502698626064380
99.0999099909991230 -33.2533855002682657
99.1199119911991318 -11.4940374995813173
99.1399139913991405 -8.5346774076716514
99.1599159915991777 0.8091921960793353
99.1799179917991864 -13.9399393779403411
99.1999199919992236 -12.9054560760592754
99.2199219921992324 -12.5202934980518279
99.2399239923992411 -19.6857465747968767
99.2599259925992783 -21.0061106373142366
99.2799279927992870 -26.0171680820425166
99.2999299929992958 -28.3778306863846979
99.3199319931993330 -26.0200681593110801
99.3399339933993417 -31.9679412321999017
99.3599359935993789 -6.2136740738771454
99.3799379937993876 -8.0441098579377162
99.3999399939993964 -2.8146187185548683
99.4199419941994336 -29.9460885581076965
99.4399439943994423 3.8099145180090837
99.4599459945994795 -5.4156875843825496
99.4799479947994882 -33.8207891654952419
99.4999499949994970 -17.3760459226558659
99.5199519951995342 -2.3666302667240977
99.5399539953995429 -16.2599416869268012
99.5599559955995801 -32.1595991697802219
99.5799579957995888 -18.6708035929947265
99.5999599959995976 -32.3192479029221360
99.6199619961996348 -48.0323929694329621
99.6399639963996435 -44.2923486023420594
99.6599659965996807 -41.9816989602215784
99.6799679967996894 -43.8775477906185785
99.6999699969996982 -33.7432441195850927
99.7199719971997354 -28.2181397188250784
99.7399739973997441 -39.0607669713425025
99.7599759975997813 -29.3885786193553500
99.7799779977997900 -43.2368311255953301
99.7999799979997988 -38.1693294110342976
99.8199819981998360 -33.0554846321793576
99.8399839983998447 -26.6087205501381376
99.8599859985998819 -42.0889784346641136
99.8799879987998906 -45.4664841534760527
99.8999899989998994 -24.1681909042452148
99.9199919991999366 -36.5238315746933395
99.9399939993999453 -22.9270297043318578
99.9599959995999825 -30.6010832908638619
99.9799979997999912 -35.4285685933910699
100.0000000000000000 -40.3493795637721817
